age,annual_income,employment_years,credit_score,loan_amount,debt_to_income,num_late_payments,has_cosigner,defaulted
41.0,63909.0,21.0,778.0,47312.0,0.499,0,0,0
27.0,95937.0,0.5,775.0,42884.0,0.536,1,1,0
46.0,95055.0,7.3,701.0,18078.0,0.487,1,1,0
48.0,44898.0,11.8,669.0,14065.0,0.312,0,0,0
21.0,60018.0,0.6,667.0,12956.0,0.334,0,0,0
24.0,23771.0,2.0,662.0,5899.0,0.449,0,0,0
39.0,57508.0,11.0,745.0,41277.0,0.276,0,0,0
35.0,38476.0,13.0,605.0,12814.0,0.354,2,1,0
38.0,50575.0,4.9,651.0,9458.0,0.323,0,0,0
29.0,25762.0,7.0,644.0,8332.0,0.492,1,0,0
48.0,65991.0,15.4,547.0,33850.0,0.444,0,0,1
47.0,25633.0,13.0,727.0,5144.0,0.286,2,0,0
39.0,58795.0,5.6,737.0,5188.0,0.453,0,0,0
50.0,31671.0,9.2,620.0,22299.0,0.3,2,0,1
43.0,37525.0,9.0,737.0,8609.0,0.245,0,0,0
29.0,92477.0,6.5,552.0,69568.0,0.271,1,0,1
42.0,71657.0,10.5,667.0,6117.0,0.315,0,0,0
27.0,92247.0,1.1,652.0,49641.0,0.221,1,0,0
48.0,110965.0,21.0,677.0,60912.0,0.248,1,0,0
37.0,38844.0,11.6,672.0,6488.0,0.156,1,0,0
36.0,107972.0,15.2,662.0,59268.0,0.218,1,1,0
31.0,28442.0,5.6,636.0,9691.0,0.323,0,1,0
51.0,76944.0,20.6,663.0,25878.0,0.404,0,0,0
36.0,44050.0,7.8,759.0,31192.0,0.391,1,0,0
33.0,36187.0,9.0,624.0,27658.0,0.343,1,0,1
34.0,72519.0,6.2,821.0,12878.0,0.147,2,0,0
44.0,84147.0,3.3,617.0,47381.0,0.214,2,0,1
42.0,83030.0,21.7,688.0,13786.0,0.28,0,0,0
43.0,60583.0,16.2,708.0,4620.0,0.396,0,0,0
43.0,58365.0,13.8,646.0,9464.0,0.244,1,1,0
62.0,69716.0,20.0,767.0,36670.0,0.178,0,0,0
34.0,63056.0,9.6,703.0,37508.0,0.445,0,1,0
32.0,70172.0,1.6,646.0,30193.0,0.227,5,0,1
29.0,60288.0,3.0,757.0,46045.0,0.187,0,0,0
45.0,80366.0,3.1,590.0,50078.0,0.323,2,0,0
50.0,26446.0,3.8,622.0,4528.0,0.295,2,0,0
37.0,51845.0,0.4,700.0,10678.0,0.25,2,0,0
29.0,29506.0,6.6,719.0,14666.0,0.3,1,0,0
29.0,62293.0,2.0,684.0,18686.0,0.207,1,0,0
45.0,115146.0,20.9,662.0,5834.0,0.249,0,0,0
46.0,44434.0,23.7,654.0,3031.0,0.296,2,0,0
44.0,58241.0,4.0,741.0,20738.0,0.096,0,0,0
31.0,77305.0,7.6,681.0,34224.0,0.396,1,1,0
41.0,21690.0,9.5,604.0,11712.0,0.163,1,0,0
39.0,43484.0,17.7,604.0,27062.0,0.206,5,0,0
40.0,64804.0,9.9,771.0,50325.0,0.4,0,0,0
48.0,15000.0,10.5,615.0,10187.0,0.357,3,1,0
40.0,35437.0,6.0,682.0,11232.0,0.309,1,0,0
45.0,90262.0,23.0,766.0,40710.0,0.129,0,1,0
39.0,86374.0,4.2,700.0,18306.0,0.239,1,0,1
41.0,65090.0,17.5,616.0,50547.0,0.278,1,0,0
45.0,81804.0,4.8,591.0,36941.0,0.286,2,0,0
22.0,60590.0,1.3,792.0,14375.0,0.414,1,1,0
34.0,70616.0,6.5,590.0,41878.0,0.499,2,0,0
33.0,47717.0,1.3,622.0,19846.0,0.361,2,0,1
31.0,57942.0,1.4,687.0,46212.0,0.247,1,1,0
35.0,41379.0,4.2,647.0,4388.0,0.421,0,0,0
54.0,97115.0,26.4,713.0,29290.0,0.241,1,0,0
28.0,109075.0,6.2,560.0,82503.0,0.038,3,0,1
49.0,102339.0,5.9,648.0,40516.0,0.175,0,0,0
21.0,45773.0,0.5,708.0,12992.0,0.063,2,0,0
34.0,35807.0,1.4,708.0,18034.0,0.262,1,0,0
40.0,97707.0,14.2,627.0,53580.0,0.282,2,0,1
44.0,70252.0,19.4,598.0,8403.0,0.141,1,1,0
46.0,63764.0,23.1,686.0,15593.0,0.215,1,0,0
47.0,41355.0,23.7,580.0,11651.0,0.157,3,0,0
34.0,66612.0,4.8,752.0,15611.0,0.287,0,0,0
33.0,33749.0,3.3,673.0,11379.0,0.215,0,1,0
47.0,73161.0,24.6,624.0,22024.0,0.401,1,1,0
36.0,102292.0,2.3,587.0,61229.0,0.317,3,0,1
24.0,114583.0,0.2,616.0,57200.0,0.46,0,0,0
26.0,75654.0,1.7,552.0,28135.0,0.255,3,0,0
28.0,29530.0,6.0,698.0,5906.0,0.514,0,0,0
43.0,60107.0,16.3,612.0,21968.0,0.3,3,0,1
40.0,144054.0,19.3,698.0,26702.0,0.247,0,0,0
46.0,37206.0,9.2,702.0,28429.0,0.541,0,0,0
33.0,53555.0,3.7,729.0,9658.0,0.117,0,1,0
40.0,103899.0,7.5,681.0,72107.0,0.245,2,0,0
45.0,72606.0,19.5,748.0,37151.0,0.133,1,0,0
35.0,167906.0,3.1,759.0,110501.0,0.116,0,0,0
43.0,39549.0,21.8,689.0,28334.0,0.093,0,0,0
31.0,35232.0,5.5,685.0,23006.0,0.362,1,1,1
34.0,95411.0,11.0,626.0,46939.0,0.167,1,0,0
34.0,32111.0,11.4,597.0,8036.0,0.275,1,0,1
25.0,50339.0,2.3,751.0,27435.0,0.389,0,0,0
43.0,53399.0,17.3,711.0,2864.0,0.346,0,0,0
33.0,87666.0,4.7,710.0,29201.0,0.341,0,0,0
38.0,72512.0,14.7,626.0,50285.0,0.421,4,0,1
43.0,67560.0,19.2,783.0,32794.0,0.461,1,0,0
43.0,45890.0,13.0,650.0,11264.0,0.175,2,0,0
45.0,95020.0,5.5,607.0,68332.0,0.348,3,1,1
37.0,300000.0,16.4,628.0,18436.0,0.273,2,0,0
33.0,75069.0,12.6,776.0,53464.0,0.285,0,0,0
37.0,57523.0,10.6,588.0,35641.0,0.149,2,0,0
21.0,30670.0,1.0,608.0,4901.0,0.247,0,1,0
22.0,41284.0,1.0,850.0,4012.0,0.258,0,0,0
23.0,49957.0,1.3,727.0,38139.0,0.443,0,0,0
27.0,43240.0,3.2,610.0,4336.0,0.184,2,0,0
42.0,54604.0,1.0,585.0,42608.0,0.061,1,0,0
28.0,122418.0,4.4,545.0,44740.0,0.299,0,0,0
34.0,96405.0,9.2,671.0,30380.0,0.174,1,1,0
52.0,51206.0,3.5,713.0,27525.0,0.286,0,0,0
34.0,31932.0,3.6,768.0,13476.0,0.366,0,0,0
46.0,100399.0,18.8,537.0,34390.0,0.29,4,0,1
28.0,53799.0,6.1,570.0,28520.0,0.257,1,0,0
36.0,25290.0,15.5,659.0,7904.0,0.284,0,0,1
28.0,75787.0,1.9,850.0,5742.0,0.385,0,0,0
34.0,87260.0,12.0,728.0,58332.0,0.185,0,1,0
47.0,18461.0,4.7,688.0,8049.0,0.373,1,0,1
21.0,37951.0,0.1,574.0,21443.0,0.2,0,0,0
43.0,52333.0,16.6,520.0,25192.0,0.36,3,0,1
41.0,76544.0,9.2,667.0,39087.0,0.146,2,0,0
31.0,43608.0,9.1,658.0,9341.0,0.354,2,0,0
22.0,37821.0,0.6,642.0,28404.0,0.29,0,0,0
39.0,76291.0,4.0,635.0,29433.0,0.31,0,0,0
32.0,44549.0,6.7,611.0,32969.0,0.396,3,0,1
41.0,70194.0,2.4,593.0,45990.0,0.218,0,0,1
38.0,33353.0,5.1,760.0,19680.0,0.297,0,0,0
56.0,29928.0,5.9,601.0,11824.0,0.33,2,1,0
35.0,77262.0,4.9,643.0,5175.0,0.27,4,0,0
27.0,61619.0,5.2,660.0,17648.0,0.372,2,0,0
40.0,83299.0,2.4,711.0,45702.0,0.333,1,0,0
40.0,43279.0,12.5,607.0,12897.0,0.242,1,0,0
53.0,38457.0,19.3,738.0,4782.0,0.426,0,0,0
47.0,101459.0,14.6,627.0,44472.0,0.356,2,0,0
42.0,27716.0,10.6,654.0,4597.0,0.216,0,1,0
54.0,96591.0,22.6,786.0,27013.0,0.215,0,0,0
25.0,99640.0,4.2,594.0,42490.0,0.278,0,0,1
31.0,80994.0,1.8,711.0,11113.0,0.345,0,0,0
28.0,40359.0,6.4,734.0,5424.0,0.079,0,0,0
34.0,38088.0,0.8,682.0,7906.0,0.22,2,0,0
23.0,50039.0,1.4,652.0,24712.0,0.242,2,0,0
45.0,30709.0,12.8,815.0,23029.0,0.156,2,0,0
36.0,35679.0,3.1,661.0,8180.0,0.198,0,0,0
22.0,73513.0,0.2,674.0,43363.0,0.314,0,1,0
27.0,73666.0,0.5,637.0,14146.0,0.251,2,0,0
41.0,34296.0,0.8,671.0,18061.0,0.259,2,1,1
47.0,74559.0,15.6,735.0,11429.0,0.162,1,0,0
60.0,67476.0,6.2,644.0,46156.0,0.279,3,0,1
70.0,108503.0,40.0,532.0,65849.0,0.15,3,0,0
43.0,71054.0,20.3,706.0,39829.0,0.446,0,1,0
27.0,88561.0,2.1,586.0,5402.0,0.474,2,0,1
21.0,68171.0,0.2,712.0,46173.0,0.253,0,0,0
41.0,85482.0,8.6,664.0,13945.0,0.188,1,1,0
29.0,30819.0,8.0,730.0,13872.0,0.385,0,0,0
33.0,52068.0,5.4,596.0,32933.0,0.359,2,0,0
31.0,54044.0,1.2,623.0,28305.0,0.487,0,1,1
36.0,49286.0,16.2,644.0,32739.0,0.514,1,1,1
50.0,67160.0,14.9,564.0,39063.0,0.097,2,1,0
40.0,73171.0,6.8,741.0,45151.0,0.416,2,0,0
36.0,65618.0,14.5,553.0,17984.0,0.278,2,0,0
27.0,50790.0,6.1,740.0,16981.0,0.355,1,0,0
21.0,39498.0,0.5,690.0,16830.0,0.378,0,0,0
33.0,90113.0,3.9,648.0,44121.0,0.374,1,0,1
37.0,64374.0,8.4,688.0,36613.0,0.4,1,1,1
57.0,34777.0,8.2,686.0,16230.0,0.244,0,0,1
39.0,50409.0,9.3,637.0,29381.0,0.205,2,0,1
49.0,25100.0,6.6,684.0,4093.0,0.419,0,0,0
33.0,55882.0,7.8,715.0,19334.0,0.213,1,0,0
25.0,50303.0,3.8,596.0,36972.0,0.486,1,0,1
27.0,42471.0,7.2,688.0,9034.0,0.224,1,0,0
30.0,112213.0,8.4,480.0,17701.0,0.262,1,0,0
61.0,32690.0,3.6,527.0,19895.0,0.281,2,0,1
29.0,75581.0,1.9,700.0,14800.0,0.146,0,0,0
47.0,147135.0,14.5,638.0,57855.0,0.146,1,0,0
28.0,89309.0,2.1,601.0,52145.0,0.391,0,0,0
48.0,54225.0,0.4,656.0,22429.0,0.128,0,1,0
42.0,33016.0,16.8,641.0,23974.0,0.552,2,0,1
36.0,29797.0,5.8,594.0,21114.0,0.291,0,0,1
38.0,45702.0,1.2,546.0,19524.0,0.197,3,0,1
31.0,40374.0,5.5,525.0,31114.0,0.342,3,0,1
43.0,39787.0,22.4,723.0,10696.0,0.054,0,1,0
33.0,47489.0,8.8,635.0,10705.0,0.267,3,1,0
25.0,52527.0,0.7,728.0,29031.0,0.279,0,1,0
24.0,68421.0,2.0,631.0,32814.0,0.173,1,0,0
40.0,31511.0,17.9,694.0,7510.0,0.237,0,0,0
55.0,40460.0,1.9,652.0,13285.0,0.453,0,0,1
40.0,51187.0,12.6,669.0,11505.0,0.318,1,0,0
37.0,50368.0,12.0,673.0,11471.0,0.34,1,0,0
41.0,125678.0,14.9,636.0,40931.0,0.221,0,1,0
52.0,61059.0,4.9,576.0,45377.0,0.168,2,1,0
40.0,26608.0,18.5,723.0,17992.0,0.276,0,0,0
33.0,66388.0,4.3,774.0,28833.0,0.054,0,0,0
50.0,70308.0,1.6,777.0,28709.0,0.19,0,0,0
43.0,51989.0,1.9,622.0,3827.0,0.175,4,1,0
55.0,31859.0,16.0,617.0,12639.0,0.096,4,0,0
40.0,121323.0,0.8,622.0,62825.0,0.365,1,0,0
25.0,33984.0,3.5,649.0,21544.0,0.287,0,1,0
23.0,74046.0,2.6,658.0,23471.0,0.238,0,1,0
56.0,60181.0,0.5,590.0,44506.0,0.367,0,0,0
57.0,72074.0,29.9,571.0,49021.0,0.136,5,0,0
36.0,118560.0,15.7,671.0,13240.0,0.166,1,0,0
34.0,70815.0,0.4,413.0,51497.0,0.412,5,1,1
54.0,42774.0,24.7,665.0,9287.0,0.528,3,0,0
26.0,90471.0,5.8,597.0,67174.0,0.368,3,0,1
28.0,41402.0,6.5,718.0,21654.0,0.347,0,0,0
45.0,59201.0,12.7,740.0,21250.0,0.242,0,1,0
34.0,30736.0,12.1,741.0,11598.0,0.244,0,0,0
38.0,34548.0,12.7,642.0,16310.0,0.323,1,0,0
36.0,56287.0,4.7,583.0,38438.0,0.437,3,0,0
42.0,64908.0,4.9,605.0,43988.0,0.343,1,0,1
53.0,25566.0,17.2,689.0,9234.0,0.396,2,0,1
39.0,68794.0,7.1,548.0,47245.0,0.208,1,0,1
45.0,38038.0,8.3,762.0,15366.0,0.362,1,1,0
21.0,97826.0,0.2,637.0,35527.0,0.233,0,0,1
37.0,46944.0,14.8,702.0,10912.0,0.314,0,1,0
29.0,33172.0,6.2,538.0,22257.0,0.362,7,0,1
25.0,56909.0,1.5,596.0,29311.0,0.247,6,0,0
28.0,36417.0,2.0,528.0,13596.0,0.198,4,0,1
34.0,97354.0,1.8,732.0,53232.0,0.336,0,0,0
48.0,55013.0,3.2,650.0,38276.0,0.287,0,0,0
23.0,51371.0,2.1,701.0,10190.0,0.314,0,0,0
38.0,71783.0,2.0,665.0,24717.0,0.366,1,0,0
33.0,34992.0,12.2,699.0,11730.0,0.431,0,0,0
34.0,30791.0,4.0,638.0,3295.0,0.366,0,0,0
49.0,66095.0,0.7,646.0,19865.0,0.353,2,0,0
44.0,33531.0,20.5,664.0,20835.0,0.25,0,0,0
53.0,33526.0,12.0,694.0,8046.0,0.265,0,1,0
36.0,80148.0,5.6,693.0,52752.0,0.345,1,1,0
30.0,69659.0,1.2,850.0,53389.0,0.264,2,0,0
36.0,31284.0,10.3,783.0,6819.0,0.345,0,0,0
41.0,41626.0,7.4,539.0,14871.0,0.218,2,0,0
40.0,36622.0,16.4,658.0,5438.0,0.493,0,1,0
26.0,122324.0,3.8,634.0,69616.0,0.319,0,0,0
39.0,82685.0,16.7,758.0,34037.0,0.313,0,0,0
41.0,45511.0,12.8,644.0,22370.0,0.252,0,0,0
66.0,71280.0,35.6,710.0,45193.0,0.491,1,0,0
59.0,29876.0,26.9,510.0,18886.0,0.175,2,1,0
29.0,40636.0,4.0,556.0,17757.0,0.23,6,0,1
35.0,57658.0,10.2,812.0,41037.0,0.385,0,0,0
22.0,67413.0,1.3,664.0,50489.0,0.324,3,0,1
32.0,52640.0,0.1,590.0,27533.0,0.242,0,0,0
41.0,61494.0,15.0,685.0,4846.0,0.245,0,0,0
51.0,56973.0,8.2,590.0,36006.0,0.271,1,0,0
30.0,51097.0,5.4,643.0,36735.0,0.31,1,0,0
31.0,48138.0,1.2,559.0,22503.0,0.455,1,0,1
21.0,45400.0,0.0,605.0,26117.0,0.361,0,1,1
36.0,61051.0,0.2,631.0,19355.0,0.402,1,0,1
26.0,66168.0,1.0,739.0,28226.0,0.257,0,1,0
32.0,60135.0,0.2,693.0,39002.0,0.352,0,0,0
28.0,32361.0,1.1,705.0,22879.0,0.145,1,0,0
37.0,35086.0,9.5,663.0,4786.0,0.318,1,0,0
21.0,65814.0,0.4,718.0,4139.0,0.312,1,0,0
22.0,106654.0,1.8,600.0,35216.0,0.482,1,0,0
61.0,58905.0,33.5,625.0,20215.0,0.456,1,0,0
24.0,45699.0,0.6,689.0,28790.0,0.274,0,1,1
26.0,60842.0,2.5,642.0,3434.0,0.218,2,0,0
58.0,32975.0,16.5,667.0,20544.0,0.221,0,0,0
70.0,99123.0,18.1,658.0,44828.0,0.271,0,0,0
25.0,59818.0,2.5,749.0,34298.0,0.43,0,0,0
34.0,40694.0,9.3,756.0,17577.0,0.341,0,0,0
42.0,51023.0,13.9,623.0,32810.0,0.352,1,0,0
57.0,43387.0,13.2,543.0,16392.0,0.381,1,0,1
27.0,99244.0,5.0,613.0,30704.0,0.201,2,0,1
35.0,50216.0,4.4,599.0,26483.0,0.229,1,1,0
47.0,58983.0,22.2,729.0,22610.0,0.352,0,0,0
43.0,71201.0,22.0,735.0,19763.0,0.222,0,0,0
34.0,39409.0,4.1,590.0,28972.0,0.147,0,0,0
37.0,60009.0,13.0,614.0,35553.0,0.192,3,0,1
23.0,62230.0,2.3,558.0,12300.0,0.405,1,0,0
35.0,27330.0,7.5,673.0,16537.0,0.263,1,0,1
35.0,61624.0,1.3,658.0,14746.0,0.323,0,0,0
41.0,53879.0,16.2,723.0,20121.0,0.197,0,0,0
32.0,58313.0,4.8,697.0,12424.0,0.338,3,0,1
43.0,55889.0,4.8,705.0,7544.0,0.273,0,0,0
49.0,61803.0,18.3,561.0,21588.0,0.345,0,0,0
40.0,100398.0,8.6,620.0,46816.0,0.252,0,0,1
42.0,32348.0,1.9,727.0,8947.0,0.35,1,0,0
39.0,47151.0,18.3,631.0,5010.0,0.247,0,0,0
38.0,74241.0,4.4,548.0,17612.0,0.292,1,0,1
30.0,68289.0,5.1,719.0,15996.0,0.273,0,0,0
41.0,67631.0,14.3,627.0,33346.0,0.303,0,1,0
37.0,189890.0,1.9,735.0,49677.0,0.328,0,0,0
61.0,72508.0,30.3,674.0,32653.0,0.251,0,0,0
55.0,91492.0,22.9,652.0,36849.0,0.288,0,0,0
42.0,47902.0,11.0,761.0,11964.0,0.319,2,0,0
30.0,35182.0,5.1,571.0,21317.0,0.351,2,0,1
26.0,47746.0,5.5,763.0,26293.0,0.292,0,0,0
51.0,75771.0,28.3,629.0,42447.0,0.211,0,0,1
41.0,66050.0,2.3,673.0,24781.0,0.309,0,0,0
43.0,65943.0,8.6,676.0,18955.0,0.367,2,0,0
21.0,49943.0,0.5,630.0,24625.0,0.167,2,0,0
48.0,46485.0,25.9,620.0,35761.0,0.168,0,1,0
43.0,50724.0,18.8,644.0,19045.0,0.234,2,0,0
26.0,76199.0,2.2,590.0,41830.0,0.281,4,0,1
33.0,80291.0,11.4,803.0,30652.0,0.08,0,1,0
41.0,34971.0,7.9,630.0,26209.0,0.357,1,0,1
39.0,77508.0,5.0,744.0,19264.0,0.282,0,0,0
35.0,41038.0,9.0,736.0,16161.0,0.065,0,0,0
37.0,67921.0,6.0,688.0,28543.0,0.189,0,0,0
35.0,50448.0,9.5,655.0,30092.0,0.27,1,1,0
40.0,111268.0,8.1,678.0,65757.0,0.123,0,0,0
54.0,45568.0,27.2,714.0,27549.0,0.397,1,0,1
21.0,59603.0,1.0,668.0,35744.0,0.319,0,0,1
35.0,72262.0,4.2,552.0,29072.0,0.368,1,0,0
40.0,37116.0,10.2,538.0,6186.0,0.197,4,0,0
41.0,53226.0,15.4,773.0,37409.0,0.341,2,0,1
34.0,48782.0,2.2,477.0,14324.0,0.234,3,0,1
21.0,43646.0,0.8,674.0,5794.0,0.281,0,0,0
42.0,45126.0,12.6,650.0,6615.0,0.335,0,0,1
57.0,90717.0,5.5,674.0,38198.0,0.293,1,0,0
21.0,42013.0,1.0,581.0,15522.0,0.381,1,0,1
48.0,70967.0,11.7,690.0,38865.0,0.314,0,1,0
34.0,63364.0,2.5,676.0,32246.0,0.254,0,0,0
37.0,29332.0,3.4,850.0,3830.0,0.384,1,0,0
26.0,69474.0,5.0,672.0,18936.0,0.405,2,1,0
34.0,29115.0,13.4,761.0,21027.0,0.309,0,0,0
52.0,72965.0,12.2,561.0,45604.0,0.434,3,0,1
44.0,43776.0,1.9,732.0,30771.0,0.276,0,0,1
57.0,55207.0,3.7,678.0,3671.0,0.287,0,0,0
51.0,30720.0,20.3,689.0,22550.0,0.3,2,0,0
43.0,58114.0,8.5,684.0,40436.0,0.287,1,0,0
57.0,83468.0,15.8,787.0,32486.0,0.269,2,0,0
43.0,38252.0,7.7,682.0,21237.0,0.229,0,0,0
47.0,41851.0,12.6,611.0,10630.0,0.201,3,0,0
35.0,67485.0,9.5,622.0,36708.0,0.311,1,1,1
39.0,68249.0,10.1,722.0,44299.0,0.42,0,1,0
30.0,18393.0,1.7,692.0,7590.0,0.381,2,0,0
49.0,136219.0,14.2,560.0,9700.0,0.339,3,0,1
25.0,69768.0,2.3,697.0,25274.0,0.425,0,0,0
47.0,75260.0,14.5,591.0,44684.0,0.302,4,1,0
36.0,51560.0,1.8,692.0,29792.0,0.201,4,0,0
51.0,23865.0,4.7,606.0,9898.0,0.265,2,0,0
46.0,74512.0,13.9,647.0,58811.0,0.294,1,0,0
58.0,42649.0,10.5,627.0,5876.0,0.249,1,0,0
46.0,70253.0,16.4,775.0,11853.0,0.361,0,0,0
21.0,49843.0,0.4,688.0,12149.0,0.394,1,0,0
37.0,61219.0,3.8,750.0,39955.0,0.127,0,0,0
25.0,38806.0,3.4,850.0,24142.0,0.285,0,0,0
32.0,81151.0,4.8,666.0,51090.0,0.02,1,0,0
55.0,32219.0,5.5,768.0,22867.0,0.291,0,0,0
45.0,151085.0,20.2,621.0,57742.0,0.29,2,1,0
30.0,150567.0,4.5,750.0,43503.0,0.478,1,0,0
27.0,114669.0,6.3,607.0,57367.0,0.448,0,0,0
38.0,97641.0,3.6,660.0,34897.0,0.393,2,0,1
25.0,52947.0,4.0,700.0,23449.0,0.204,0,0,0
31.0,92970.0,8.7,713.0,14426.0,0.198,0,0,0
41.0,52670.0,2.2,572.0,18292.0,0.19,0,0,1
51.0,27337.0,16.3,607.0,11057.0,0.453,0,0,0
45.0,108178.0,16.1,711.0,12503.0,0.209,0,0,0
21.0,91405.0,0.5,635.0,72747.0,0.261,0,1,0
41.0,54230.0,8.3,566.0,4248.0,0.21,3,0,0
39.0,31690.0,17.7,664.0,23439.0,0.174,0,0,0
43.0,42247.0,15.8,660.0,4653.0,0.333,1,0,0
56.0,24235.0,34.6,690.0,16831.0,0.315,0,0,1
21.0,84152.0,0.8,697.0,38809.0,0.078,1,0,0
31.0,26732.0,9.4,697.0,5273.0,0.17,0,0,0
44.0,62578.0,17.8,615.0,13986.0,0.326,1,0,0
21.0,37625.0,0.6,632.0,11803.0,0.293,1,0,0
54.0,28943.0,30.4,740.0,18683.0,0.26,2,0,0
42.0,61227.0,13.5,629.0,9818.0,0.361,1,0,0
47.0,47329.0,2.1,633.0,10965.0,0.156,2,1,0
32.0,80200.0,6.8,558.0,45674.0,0.241,4,1,1
47.0,31091.0,2.8,659.0,15872.0,0.352,0,0,1
50.0,39116.0,28.2,698.0,14302.0,0.235,1,1,0
41.0,18782.0,13.3,528.0,1792.0,0.331,3,0,1
41.0,20581.0,11.4,591.0,9650.0,0.185,6,0,1
41.0,123534.0,4.1,563.0,27414.0,0.218,2,1,0
29.0,140464.0,4.4,717.0,71507.0,0.122,0,0,0
36.0,57344.0,5.6,529.0,14673.0,0.094,4,0,0
36.0,37963.0,11.0,660.0,29810.0,0.252,1,0,1
42.0,48088.0,13.4,717.0,23705.0,0.345,0,0,0
49.0,81487.0,14.5,680.0,38990.0,0.289,0,0,0
26.0,43635.0,1.6,630.0,29566.0,0.416,1,0,1
37.0,61207.0,8.7,689.0,48652.0,0.261,1,1,0
54.0,54685.0,15.8,741.0,34691.0,0.088,0,1,0
30.0,42579.0,8.4,657.0,21095.0,0.334,4,1,0
29.0,43404.0,8.0,507.0,30280.0,0.192,2,0,0
40.0,62761.0,15.4,748.0,11668.0,0.313,0,0,0
47.0,35436.0,8.7,692.0,22083.0,0.071,0,1,0
38.0,67398.0,0.7,658.0,37738.0,0.272,0,0,0
53.0,44484.0,30.2,536.0,21016.0,0.37,3,1,0
47.0,58244.0,27.2,653.0,40775.0,0.358,1,0,0
47.0,102526.0,3.5,600.0,59695.0,0.275,1,1,0
44.0,50991.0,16.5,583.0,29960.0,0.295,0,0,0
64.0,83200.0,18.5,660.0,60928.0,0.25,1,0,0
36.0,24555.0,2.3,624.0,14108.0,0.27,2,1,1
21.0,44508.0,1.0,628.0,10752.0,0.363,1,0,1
56.0,55690.0,33.3,728.0,10454.0,0.225,1,1,0
33.0,130691.0,12.7,684.0,56837.0,0.235,1,0,0
39.0,22768.0,2.8,627.0,5150.0,0.142,2,0,0
52.0,52670.0,15.9,624.0,30271.0,0.365,2,0,0
21.0,105937.0,0.9,629.0,72252.0,0.268,0,1,1
24.0,38632.0,2.9,644.0,10387.0,0.174,0,0,0
21.0,49977.0,0.4,701.0,36738.0,0.382,0,0,0
29.0,63855.0,4.8,589.0,38963.0,0.29,3,0,1
43.0,59762.0,0.9,763.0,47278.0,0.22,0,0,0
44.0,111267.0,14.5,708.0,22145.0,0.384,0,0,0
41.0,67299.0,18.1,477.0,26661.0,0.26,4,0,1
22.0,99966.0,0.0,666.0,53005.0,0.138,2,1,0
21.0,46774.0,0.2,733.0,29102.0,0.39,1,0,1
39.0,39413.0,9.6,692.0,28927.0,0.211,0,0,0
33.0,49688.0,7.2,635.0,35698.0,0.597,1,0,1
43.0,32646.0,7.9,660.0,7414.0,0.25,1,0,0
46.0,68369.0,0.7,673.0,25081.0,0.093,0,0,0
40.0,46233.0,14.5,721.0,27219.0,0.47,1,0,0
46.0,40651.0,6.4,564.0,6067.0,0.289,0,1,0
41.0,68836.0,13.2,624.0,52971.0,0.32,5,0,1
44.0,32873.0,13.3,781.0,20060.0,0.333,2,0,0
30.0,77794.0,4.4,665.0,52249.0,0.158,0,0,1
36.0,44349.0,9.5,772.0,32400.0,0.078,1,0,0
40.0,92659.0,14.0,850.0,17000.0,0.49,1,0,0
47.0,46090.0,15.5,633.0,16897.0,0.138,3,0,1
34.0,73090.0,7.6,580.0,39377.0,0.458,1,0,1
44.0,59629.0,10.3,647.0,39763.0,0.347,4,0,1
35.0,76868.0,6.5,740.0,46390.0,0.312,0,0,0
37.0,57790.0,8.2,751.0,8157.0,0.248,0,0,0
47.0,26018.0,12.3,825.0,13900.0,0.525,0,0,0
21.0,86599.0,0.4,658.0,23429.0,0.225,2,0,0
24.0,52872.0,0.8,695.0,18763.0,0.228,0,0,1
22.0,78462.0,1.2,611.0,62430.0,0.362,3,0,1
21.0,75034.0,0.1,485.0,12590.0,0.227,2,0,1
31.0,38836.0,9.6,662.0,4982.0,0.193,1,0,0
46.0,36440.0,16.4,587.0,13004.0,0.289,5,0,1
35.0,73865.0,0.7,705.0,51565.0,0.363,0,0,0
40.0,47984.0,13.3,535.0,8237.0,0.483,1,0,0
50.0,83825.0,10.8,614.0,9218.0,0.503,2,0,0
53.0,50762.0,30.3,694.0,18484.0,0.116,1,0,0
37.0,87171.0,16.1,694.0,45697.0,0.399,0,0,0
53.0,66541.0,27.8,671.0,11047.0,0.196,0,1,0
39.0,62610.0,10.8,796.0,40912.0,0.201,1,0,0
29.0,46480.0,8.1,774.0,31813.0,0.241,0,0,0
31.0,61064.0,7.4,616.0,26987.0,0.234,3,0,0
22.0,94077.0,1.5,773.0,6853.0,0.188,0,0,0
28.0,53674.0,1.3,784.0,23460.0,0.062,0,0,0
34.0,69851.0,12.7,658.0,14713.0,0.439,3,1,1
47.0,56159.0,17.8,672.0,21597.0,0.385,1,0,0
57.0,58172.0,11.2,662.0,36055.0,0.293,2,0,1
23.0,119446.0,2.8,616.0,10847.0,0.198,1,0,0
42.0,94454.0,15.3,629.0,4733.0,0.418,0,0,0
27.0,57001.0,6.0,755.0,8555.0,0.289,0,0,0
43.0,60572.0,0.1,691.0,5090.0,0.237,2,0,0
37.0,40105.0,9.1,626.0,9838.0,0.13,1,0,0
21.0,50881.0,0.7,596.0,17971.0,0.349,2,0,0
48.0,63216.0,0.4,607.0,40129.0,0.261,1,0,1
31.0,80649.0,8.7,653.0,5867.0,0.321,4,0,1
32.0,77052.0,7.9,728.0,24136.0,0.312,0,0,0
26.0,33387.0,1.7,601.0,24943.0,0.358,4,0,1
31.0,85368.0,7.4,727.0,41172.0,0.317,0,0,0
43.0,52846.0,3.0,675.0,35411.0,0.264,1,0,0
36.0,35275.0,13.1,677.0,14556.0,0.35,0,0,0
42.0,100354.0,18.7,741.0,12337.0,0.39,0,0,0
42.0,106251.0,10.7,724.0,20209.0,0.45,1,0,0
53.0,61931.0,16.5,570.0,38308.0,0.183,1,0,0
34.0,75663.0,5.7,587.0,52819.0,0.406,2,0,1
22.0,77687.0,0.6,644.0,31126.0,0.136,2,0,0
50.0,103072.0,26.0,698.0,43223.0,0.396,0,0,0
34.0,76322.0,4.4,758.0,29582.0,0.236,0,0,0
50.0,30261.0,12.2,671.0,1930.0,0.379,1,0,0
42.0,135877.0,6.7,783.0,16527.0,0.444,0,0,0
37.0,88844.0,10.9,616.0,70534.0,0.318,3,0,0
42.0,43731.0,17.8,631.0,3564.0,0.295,2,0,1
59.0,34605.0,6.5,642.0,10787.0,0.29,0,1,0
61.0,69027.0,10.4,608.0,39208.0,0.253,2,0,0
39.0,48527.0,2.0,742.0,17888.0,0.412,0,0,0
40.0,63805.0,3.2,468.0,50214.0,0.289,6,0,1
50.0,76851.0,12.1,631.0,5730.0,0.082,0,1,0
29.0,42625.0,6.7,744.0,30090.0,0.388,0,1,0
42.0,33284.0,11.7,644.0,5028.0,0.383,4,1,1
38.0,65428.0,0.9,736.0,13322.0,0.304,1,1,0
41.0,43263.0,13.4,821.0,19305.0,0.221,0,1,0
29.0,58737.0,7.0,669.0,41327.0,0.184,0,1,1
21.0,30049.0,0.4,742.0,10835.0,0.221,1,0,0
21.0,49100.0,0.2,829.0,13266.0,0.32,2,0,0
26.0,75873.0,4.4,690.0,26651.0,0.116,0,0,0
33.0,72241.0,0.3,657.0,8724.0,0.342,2,1,0
35.0,38574.0,12.1,729.0,26179.0,0.307,0,0,0
59.0,32512.0,31.6,759.0,23942.0,0.429,1,0,0
50.0,55392.0,26.8,671.0,30844.0,0.37,3,0,0
27.0,70796.0,0.7,626.0,27150.0,0.228,4,0,1
42.0,66000.0,2.4,781.0,33701.0,0.131,2,0,0
34.0,43679.0,11.8,647.0,20263.0,0.218,2,0,0
35.0,62888.0,7.1,747.0,5576.0,0.438,0,1,0
40.0,108136.0,7.9,682.0,37395.0,0.329,1,0,0
45.0,60319.0,14.2,795.0,32730.0,0.36,0,0,0
34.0,26375.0,0.8,601.0,18089.0,0.237,1,1,0
50.0,60266.0,19.1,610.0,19239.0,0.348,3,0,1
25.0,137981.0,5.1,722.0,91682.0,0.148,0,0,0
38.0,30815.0,12.2,587.0,19034.0,0.394,3,0,1
67.0,55741.0,21.6,679.0,41637.0,0.184,1,0,0
40.0,49674.0,19.7,778.0,39345.0,0.103,0,0,0
54.0,57425.0,23.2,547.0,4669.0,0.526,2,0,0
39.0,60024.0,1.1,689.0,22695.0,0.313,1,0,0
44.0,91865.0,16.3,753.0,57891.0,0.311,0,0,0
37.0,57139.0,1.0,659.0,38133.0,0.113,0,0,0
36.0,97719.0,5.0,598.0,10958.0,0.362,0,1,0
29.0,52164.0,5.8,645.0,26340.0,0.389,0,0,0
43.0,46982.0,4.9,604.0,34008.0,0.28,1,1,0
29.0,40699.0,0.3,665.0,8966.0,0.389,2,0,0
45.0,24280.0,15.6,648.0,7539.0,0.417,1,1,0
50.0,62267.0,8.6,628.0,21553.0,0.353,0,0,1
42.0,138606.0,11.7,699.0,47944.0,0.083,0,0,0
35.0,67595.0,3.9,772.0,31856.0,0.185,1,0,0
43.0,74916.0,15.8,691.0,7162.0,0.469,2,0,0
35.0,45671.0,13.1,761.0,28973.0,0.308,1,0,0
48.0,49273.0,2.4,772.0,7005.0,0.309,1,0,0
21.0,85663.0,0.8,619.0,56537.0,0.217,1,0,1
34.0,135808.0,2.2,680.0,8532.0,0.236,0,0,0
21.0,107438.0,0.3,630.0,68789.0,0.419,1,1,1
22.0,79019.0,0.6,557.0,25006.0,0.45,1,1,0
53.0,55877.0,6.8,688.0,30279.0,0.38,0,1,0
48.0,60443.0,2.1,587.0,11144.0,0.355,1,0,0
30.0,39183.0,7.8,698.0,17741.0,0.363,0,0,0
21.0,28664.0,1.2,552.0,7864.0,0.293,7,0,1
21.0,33125.0,1.0,672.0,1754.0,0.18,1,0,0
32.0,56246.0,11.2,556.0,33402.0,0.158,4,0,1
65.0,48228.0,19.4,717.0,7156.0,0.431,0,1,0
43.0,28391.0,3.0,634.0,21429.0,0.297,1,0,0
32.0,54084.0,0.1,626.0,24759.0,0.348,0,0,0
43.0,47657.0,12.3,745.0,2443.0,0.321,0,0,0
21.0,32445.0,0.9,638.0,24616.0,0.326,2,0,0
35.0,46561.0,3.9,670.0,6965.0,0.334,2,0,0
39.0,47603.0,3.8,648.0,32154.0,0.37,0,0,0
37.0,41673.0,7.5,699.0,12375.0,0.223,0,0,0
47.0,83457.0,23.9,745.0,39730.0,0.418,0,0,0
42.0,23360.0,9.8,723.0,15810.0,0.226,0,0,1
45.0,22505.0,18.3,636.0,1972.0,0.324,0,1,0
30.0,55081.0,4.8,747.0,30848.0,0.182,2,0,0
48.0,57431.0,10.4,601.0,9272.0,0.283,2,0,0
56.0,65972.0,15.8,616.0,38745.0,0.234,2,0,0
27.0,43155.0,5.6,654.0,7359.0,0.302,0,1,0
28.0,36389.0,6.2,736.0,2418.0,0.374,1,0,0
53.0,54819.0,14.1,585.0,9132.0,0.308,0,0,1
36.0,45088.0,4.3,725.0,23415.0,0.496,0,0,0
53.0,110533.0,4.7,658.0,87243.0,0.38,0,1,0
33.0,47533.0,0.0,630.0,36962.0,0.277,1,0,0
54.0,53699.0,3.9,739.0,32717.0,0.291,1,0,0
39.0,167548.0,3.2,605.0,111995.0,0.338,2,1,0
41.0,50385.0,14.4,827.0,35545.0,0.37,1,1,0
55.0,70641.0,28.8,662.0,31524.0,0.177,2,0,0
34.0,73565.0,10.3,676.0,16291.0,0.364,1,0,1
28.0,76437.0,5.5,771.0,41721.0,0.179,0,0,0
33.0,62652.0,13.0,679.0,9786.0,0.354,0,0,0
43.0,60013.0,22.1,754.0,40465.0,0.41,1,0,0
21.0,57540.0,0.3,523.0,20661.0,0.33,1,0,1
45.0,42442.0,3.6,631.0,10605.0,0.067,3,1,0
32.0,63677.0,1.9,689.0,43465.0,0.122,1,0,0
51.0,137033.0,27.4,749.0,18279.0,0.356,0,0,0
21.0,94835.0,0.1,714.0,74078.0,0.055,3,0,0
29.0,63061.0,3.2,709.0,48103.0,0.361,0,0,0
21.0,80839.0,0.5,735.0,40952.0,0.398,2,0,0
29.0,37196.0,5.5,696.0,21726.0,0.414,0,0,0
41.0,48916.0,12.3,516.0,3809.0,0.276,1,0,0
36.0,84256.0,12.6,767.0,31833.0,0.344,2,0,0
35.0,107400.0,8.7,606.0,76626.0,0.321,0,0,1
36.0,38879.0,13.8,689.0,2280.0,0.153,0,0,0
40.0,44244.0,1.7,674.0,11856.0,0.375,1,0,0
27.0,146783.0,5.9,666.0,46292.0,0.439,1,0,0
46.0,57435.0,15.2,590.0,31952.0,0.369,2,0,1
45.0,124942.0,5.6,527.0,72295.0,0.25,1,0,1
42.0,60366.0,21.7,601.0,5970.0,0.374,2,0,1
44.0,61443.0,22.7,729.0,13096.0,0.43,0,1,0
41.0,47936.0,18.0,568.0,32075.0,0.417,2,0,1
60.0,84056.0,36.8,617.0,16295.0,0.403,3,0,0
37.0,101325.0,6.5,693.0,26841.0,0.141,0,0,0
35.0,34521.0,3.3,590.0,5927.0,0.34,0,0,0
30.0,46933.0,1.8,623.0,28899.0,0.365,2,0,1
27.0,83023.0,5.8,669.0,5839.0,0.404,5,0,0
24.0,51885.0,3.6,682.0,14343.0,0.352,1,0,0
28.0,44049.0,8.1,591.0,19789.0,0.455,1,0,1
37.0,86628.0,14.6,677.0,4723.0,0.117,1,1,0
42.0,90368.0,13.7,695.0,69176.0,0.356,0,0,1
39.0,44925.0,2.6,572.0,31536.0,0.348,2,0,1
30.0,60515.0,1.6,676.0,32405.0,0.39,2,0,1
48.0,31929.0,13.2,616.0,12112.0,0.454,1,1,0
46.0,36758.0,20.1,679.0,6120.0,0.211,0,0,0
36.0,58161.0,2.8,712.0,27058.0,0.451,0,0,1
31.0,55783.0,9.9,653.0,12797.0,0.381,0,0,1
44.0,35596.0,16.4,732.0,18813.0,0.281,0,0,0
40.0,39851.0,6.3,718.0,6344.0,0.209,0,0,1
22.0,34058.0,1.8,724.0,20021.0,0.32,0,0,1
37.0,67499.0,10.3,693.0,19722.0,0.329,2,1,0
41.0,22689.0,15.3,745.0,9677.0,0.334,0,1,0
28.0,34887.0,3.1,689.0,5979.0,0.237,0,0,0
40.0,23784.0,7.9,547.0,5761.0,0.361,5,0,1
22.0,66413.0,0.0,605.0,25746.0,0.259,1,0,0
53.0,24437.0,17.6,654.0,9619.0,0.422,0,1,0
52.0,55791.0,24.1,666.0,44623.0,0.471,1,0,1
35.0,115021.0,14.7,692.0,34687.0,0.219,0,0,0
42.0,116790.0,19.6,613.0,13230.0,0.306,0,1,0
21.0,24402.0,0.1,801.0,10814.0,0.397,1,0,1
25.0,62904.0,5.2,655.0,18328.0,0.328,1,1,0
35.0,35244.0,2.2,661.0,24964.0,0.165,1,0,1
26.0,32150.0,0.3,613.0,6678.0,0.386,2,0,0
46.0,52262.0,19.4,599.0,36152.0,0.239,1,0,0
60.0,95590.0,36.2,669.0,52353.0,0.32,0,0,0
25.0,72037.0,4.8,664.0,13758.0,0.201,0,0,0
29.0,39866.0,7.2,658.0,14110.0,0.379,1,0,0
41.0,75535.0,4.2,778.0,31674.0,0.258,0,0,0
56.0,20039.0,5.5,654.0,8844.0,0.39,1,0,0
25.0,39193.0,0.3,654.0,13632.0,0.279,0,0,0
41.0,37962.0,12.1,723.0,18543.0,0.252,1,0,1
58.0,56973.0,18.5,657.0,33475.0,0.341,0,0,1
21.0,50202.0,0.1,698.0,21569.0,0.193,1,1,0
24.0,51608.0,1.8,571.0,25898.0,0.48,2,0,1
33.0,50841.0,7.6,575.0,35319.0,0.319,2,0,1
32.0,55557.0,8.9,673.0,23518.0,0.243,1,1,0
47.0,70133.0,11.2,649.0,25404.0,0.26,2,1,0
41.0,58823.0,6.6,607.0,13871.0,0.302,0,1,0
21.0,48394.0,0.7,669.0,7188.0,0.4,0,0,0
44.0,65899.0,16.2,683.0,17739.0,0.211,0,0,0
32.0,79765.0,3.1,612.0,28287.0,0.263,2,0,0
52.0,42825.0,0.6,624.0,26688.0,0.295,2,1,1
31.0,53549.0,10.5,680.0,11410.0,0.454,3,0,0
31.0,92776.0,8.3,593.0,53496.0,0.4,2,0,1
44.0,33485.0,4.8,620.0,3659.0,0.459,1,0,0
46.0,123897.0,14.9,705.0,20913.0,0.303,0,1,0
43.0,30106.0,13.6,665.0,8874.0,0.443,0,0,0
21.0,47083.0,0.1,627.0,18945.0,0.427,1,0,0
44.0,35864.0,4.6,599.0,6660.0,0.37,2,0,0
27.0,147216.0,6.3,592.0,19730.0,0.378,4,0,0
41.0,43852.0,10.5,656.0,20802.0,0.241,1,0,1
22.0,43902.0,0.4,802.0,15760.0,0.483,0,0,0
43.0,46549.0,18.3,709.0,16847.0,0.275,0,0,0
29.0,57418.0,4.3,569.0,16132.0,0.356,2,0,1
24.0,47443.0,2.5,711.0,15582.0,0.368,0,0,0
46.0,51807.0,7.7,611.0,9743.0,0.163,2,1,1
41.0,15000.0,1.2,660.0,3794.0,0.295,1,0,1
31.0,56433.0,1.9,620.0,25773.0,0.32,1,0,1
54.0,55442.0,33.0,818.0,24490.0,0.289,0,0,0
33.0,87767.0,8.2,585.0,64021.0,0.296,2,0,0
38.0,99128.0,15.3,690.0,66852.0,0.449,1,0,0
41.0,50545.0,0.5,612.0,2796.0,0.217,1,0,0
31.0,79411.0,8.6,716.0,17655.0,0.173,1,0,0
43.0,33503.0,11.2,686.0,23980.0,0.241,0,0,0
32.0,77683.0,8.1,752.0,22222.0,0.374,0,0,0
33.0,42509.0,4.8,713.0,17356.0,0.384,0,0,0
53.0,32273.0,20.5,622.0,17951.0,0.361,0,0,0
27.0,50593.0,0.2,850.0,23147.0,0.391,0,0,0
21.0,103291.0,0.0,699.0,5542.0,0.326,0,0,0
56.0,59667.0,28.5,636.0,12227.0,0.248,1,0,0
66.0,107851.0,5.7,677.0,13517.0,0.205,0,0,0
34.0,39268.0,0.2,704.0,6901.0,0.174,0,0,1
21.0,88135.0,0.9,702.0,14148.0,0.277,1,1,0
35.0,41012.0,3.9,697.0,21207.0,0.379,0,0,0
35.0,60869.0,8.6,732.0,21604.0,0.324,1,0,0
36.0,60633.0,13.3,727.0,6058.0,0.302,2,1,0
26.0,74070.0,4.3,603.0,8275.0,0.194,0,1,0
44.0,61569.0,1.1,808.0,46963.0,0.558,0,1,0
44.0,39437.0,13.3,804.0,6549.0,0.217,0,0,0
22.0,81734.0,0.8,716.0,19647.0,0.312,0,0,0
46.0,119890.0,9.0,667.0,57634.0,0.4,0,0,0
61.0,42293.0,30.6,679.0,8050.0,0.304,1,0,0
40.0,24082.0,19.2,647.0,4772.0,0.219,0,0,0
34.0,68857.0,2.1,647.0,7191.0,0.381,0,0,0
36.0,47385.0,2.4,508.0,37226.0,0.166,0,0,0
45.0,51849.0,18.2,776.0,26160.0,0.474,0,0,0
21.0,70641.0,0.5,743.0,31598.0,0.328,0,0,1
40.0,44789.0,15.8,551.0,32091.0,0.275,1,1,1
34.0,48733.0,1.9,723.0,24163.0,0.158,1,0,0
58.0,52577.0,1.5,660.0,13003.0,0.185,1,0,0
36.0,106562.0,11.2,652.0,43071.0,0.295,0,1,0
56.0,55749.0,36.2,713.0,22756.0,0.489,1,0,0
26.0,31541.0,0.6,538.0,10994.0,0.323,1,1,0
44.0,32111.0,21.1,670.0,19755.0,0.335,1,1,0
42.0,58556.0,8.3,670.0,7745.0,0.339,3,0,0
28.0,33085.0,0.1,666.0,5605.0,0.536,1,1,0
40.0,27229.0,10.2,569.0,8962.0,0.256,3,0,1
51.0,73209.0,8.7,696.0,7568.0,0.457,0,0,0
34.0,74840.0,10.0,739.0,59165.0,0.26,0,0,0
21.0,46603.0,0.3,689.0,19659.0,0.23,0,1,0
38.0,62770.0,8.6,648.0,5497.0,0.292,2,0,0
28.0,59859.0,1.6,849.0,30284.0,0.292,0,0,0
34.0,72127.0,11.8,601.0,45860.0,0.356,1,0,0
37.0,72202.0,15.8,722.0,25689.0,0.068,0,0,0
21.0,17026.0,0.4,677.0,6987.0,0.315,1,0,0
21.0,49358.0,0.4,801.0,28403.0,0.24,2,0,0
43.0,69435.0,22.9,699.0,15648.0,0.228,0,0,0
32.0,45724.0,1.7,703.0,22782.0,0.17,2,0,0
21.0,55903.0,0.8,696.0,29249.0,0.264,1,0,0
47.0,77103.0,15.1,593.0,50386.0,0.248,2,1,0
41.0,57040.0,18.5,608.0,40972.0,0.257,1,1,1
30.0,108407.0,3.0,642.0,81920.0,0.136,2,0,0
24.0,91330.0,1.0,728.0,13220.0,0.31,2,0,1
47.0,52142.0,8.9,681.0,34529.0,0.221,2,0,0
42.0,50310.0,0.4,646.0,28001.0,0.136,1,0,0
64.0,15252.0,7.5,760.0,5003.0,0.245,1,0,0
43.0,47485.0,22.5,532.0,35239.0,0.223,2,0,1
42.0,29915.0,5.5,572.0,20794.0,0.304,2,1,1
36.0,60757.0,0.3,485.0,38324.0,0.244,7,0,1
47.0,58917.0,7.5,748.0,5486.0,0.155,1,0,0
45.0,75224.0,10.2,658.0,13748.0,0.211,2,0,0
52.0,103114.0,17.4,736.0,76175.0,0.127,0,0,0
32.0,54354.0,0.8,653.0,42759.0,0.414,1,0,1
33.0,153472.0,10.4,737.0,39592.0,0.43,1,0,0
33.0,61065.0,10.5,656.0,15757.0,0.442,0,0,0
47.0,30500.0,5.7,692.0,15486.0,0.241,0,1,0
54.0,42709.0,27.5,692.0,4576.0,0.43,1,1,0
33.0,46507.0,4.7,686.0,23090.0,0.341,1,1,1
33.0,71793.0,5.6,781.0,55749.0,0.218,0,0,0
41.0,35912.0,20.1,556.0,9794.0,0.237,0,0,1
35.0,48098.0,13.6,662.0,29198.0,0.283,0,0,0
48.0,51155.0,10.7,679.0,22696.0,0.31,1,0,0
21.0,44956.0,0.5,664.0,11935.0,0.336,1,0,0
29.0,79239.0,2.6,633.0,28475.0,0.3,2,0,1
29.0,73400.0,4.8,625.0,34007.0,0.265,1,0,0
21.0,92971.0,0.7,767.0,57753.0,0.435,2,1,0
27.0,47388.0,0.7,655.0,21590.0,0.289,0,0,0
28.0,94488.0,7.3,834.0,70285.0,0.283,0,0,0
36.0,29771.0,11.3,703.0,4100.0,0.278,0,0,0
50.0,29446.0,2.9,641.0,22623.0,0.289,0,0,0
35.0,31853.0,13.3,705.0,14747.0,0.164,0,0,0
27.0,55228.0,5.0,670.0,18991.0,0.2,0,0,0
37.0,94481.0,5.4,757.0,10113.0,0.545,0,0,0
50.0,41945.0,15.4,586.0,11417.0,0.135,1,0,0
27.0,44381.0,6.2,537.0,16796.0,0.327,3,0,0
28.0,49905.0,7.7,689.0,37569.0,0.334,1,0,1
44.0,71172.0,6.8,722.0,43936.0,0.401,0,0,0
36.0,44363.0,10.1,685.0,4183.0,0.337,1,1,0
45.0,43263.0,21.6,718.0,12802.0,0.489,0,0,0
38.0,30021.0,17.6,706.0,12566.0,0.324,1,0,0
46.0,42524.0,1.8,557.0,29238.0,0.435,2,0,1
27.0,93428.0,3.3,681.0,59076.0,0.404,0,0,1
38.0,57297.0,15.6,760.0,12153.0,0.454,0,0,0
36.0,39425.0,0.0,672.0,3463.0,0.302,2,0,0
25.0,95928.0,2.0,569.0,14320.0,0.34,3,0,0
21.0,42266.0,0.6,637.0,18067.0,0.263,2,0,0
46.0,104200.0,13.4,706.0,12234.0,0.316,1,1,0
34.0,103436.0,10.4,791.0,24547.0,0.321,1,0,0
27.0,56404.0,0.4,523.0,37566.0,0.092,2,0,0
37.0,28022.0,13.3,692.0,9849.0,0.286,0,0,0
50.0,154101.0,8.6,599.0,122835.0,0.389,1,1,1
21.0,65471.0,0.8,696.0,40395.0,0.165,0,1,0
22.0,47541.0,0.6,701.0,11823.0,0.201,1,0,0
28.0,84571.0,0.3,644.0,4709.0,0.416,0,0,0
54.0,75442.0,32.8,721.0,33602.0,0.434,0,0,0
41.0,99212.0,16.5,748.0,57482.0,0.238,0,0,0
46.0,40824.0,9.2,653.0,16422.0,0.317,2,0,0
25.0,63475.0,1.5,567.0,46329.0,0.292,3,0,1
26.0,32256.0,3.3,761.0,20191.0,0.418,0,0,0
43.0,74231.0,22.6,729.0,32677.0,0.247,0,0,0
39.0,54435.0,5.4,702.0,3494.0,0.262,2,0,0
44.0,62414.0,22.8,623.0,18954.0,0.434,2,0,0
36.0,51495.0,5.3,732.0,21669.0,0.2,1,1,0
41.0,49126.0,14.8,810.0,11676.0,0.25,0,1,0
40.0,37212.0,7.5,655.0,25239.0,0.313,2,1,0
47.0,78494.0,2.3,668.0,28914.0,0.452,1,0,0
47.0,107522.0,25.2,598.0,21811.0,0.181,1,0,0
21.0,42813.0,0.2,610.0,27157.0,0.229,3,0,1
21.0,70557.0,0.9,585.0,35717.0,0.359,1,0,0
49.0,66808.0,3.0,671.0,13215.0,0.375,1,0,0
51.0,55201.0,8.3,640.0,24816.0,0.321,3,0,0
27.0,27670.0,6.2,689.0,15797.0,0.288,1,0,1
21.0,30619.0,0.7,598.0,11829.0,0.313,4,0,1
39.0,38702.0,3.6,650.0,10712.0,0.149,1,0,0
48.0,21005.0,16.7,602.0,11915.0,0.31,0,0,0
58.0,103642.0,6.8,677.0,58605.0,0.448,2,1,0
44.0,64897.0,20.7,556.0,4069.0,0.168,2,0,1
34.0,54263.0,0.7,671.0,12242.0,0.222,1,0,0
28.0,20527.0,4.3,643.0,10976.0,0.26,0,0,0
38.0,24206.0,1.2,673.0,5279.0,0.267,0,0,0
35.0,54942.0,10.2,549.0,42415.0,0.484,2,1,1
27.0,133494.0,6.4,709.0,22973.0,0.207,1,0,1
61.0,40163.0,33.7,656.0,24546.0,0.187,0,0,0
58.0,81129.0,14.0,682.0,64801.0,0.377,1,0,0
50.0,44317.0,7.2,533.0,13735.0,0.235,1,1,0
28.0,56384.0,1.0,573.0,28324.0,0.379,1,0,0
47.0,95006.0,23.9,645.0,12283.0,0.28,1,0,0
45.0,47071.0,2.0,757.0,24306.0,0.346,0,1,0
43.0,40318.0,14.4,704.0,31877.0,0.143,0,1,0
52.0,104112.0,11.7,675.0,81170.0,0.346,0,1,0
45.0,56139.0,24.9,608.0,20145.0,0.322,1,0,0
46.0,89871.0,13.3,589.0,59806.0,0.274,3,0,1
45.0,40406.0,13.7,686.0,27070.0,0.177,0,0,1
42.0,103579.0,20.0,719.0,30602.0,0.322,0,0,0
21.0,62207.0,1.0,675.0,41496.0,0.372,1,0,0
39.0,66886.0,11.0,785.0,11491.0,0.247,2,0,0
32.0,58356.0,9.5,617.0,45761.0,0.249,1,1,0
24.0,43810.0,2.5,674.0,30585.0,0.379,2,0,0
56.0,54958.0,15.6,549.0,23794.0,0.471,0,0,0
57.0,45068.0,2.1,676.0,15278.0,0.394,1,0,0
53.0,84701.0,23.7,775.0,64327.0,0.323,1,0,0
41.0,50197.0,14.6,594.0,5188.0,0.276,1,0,0
53.0,28048.0,3.8,721.0,11886.0,0.297,1,0,0
38.0,25831.0,4.2,763.0,10725.0,0.167,0,1,0
40.0,25287.0,14.8,619.0,8496.0,0.285,1,0,0
26.0,72633.0,0.9,693.0,9767.0,0.412,0,0,0
42.0,32758.0,15.5,778.0,7814.0,0.304,2,0,0
39.0,62952.0,13.4,683.0,49565.0,0.237,1,0,0
24.0,58486.0,1.3,716.0,38365.0,0.228,1,0,0
37.0,53422.0,4.5,538.0,36258.0,0.297,2,0,1
37.0,66995.0,6.4,705.0,28952.0,0.177,0,0,0
58.0,59061.0,13.6,703.0,32269.0,0.209,0,0,0
48.0,16248.0,16.9,576.0,6966.0,0.453,0,0,0
38.0,47546.0,13.5,599.0,26532.0,0.196,2,0,0
41.0,66595.0,17.9,711.0,46457.0,0.22,0,1,0
38.0,115061.0,0.6,639.0,26688.0,0.329,3,0,1
36.0,117477.0,11.5,744.0,89655.0,0.256,1,1,0
26.0,29782.0,1.9,683.0,21896.0,0.309,0,0,0
36.0,46991.0,13.7,671.0,17127.0,0.386,1,0,0
30.0,27183.0,0.7,648.0,21273.0,0.145,0,1,0
24.0,108993.0,2.3,682.0,77591.0,0.375,1,0,0
44.0,86758.0,13.0,723.0,6946.0,0.242,0,0,0
42.0,64399.0,7.3,701.0,5254.0,0.271,0,0,0
21.0,59268.0,1.0,631.0,34403.0,0.492,1,0,1
37.0,102372.0,1.8,748.0,65288.0,0.16,0,0,0
49.0,94863.0,3.9,708.0,22436.0,0.359,0,0,0
50.0,92615.0,19.1,697.0,39274.0,0.413,0,0,1
49.0,67548.0,15.1,674.0,30696.0,0.232,1,0,0
38.0,47002.0,4.9,697.0,18058.0,0.233,0,0,0
29.0,77675.0,2.6,533.0,7911.0,0.263,4,0,1
26.0,79404.0,1.0,677.0,17006.0,0.231,0,1,0
42.0,50478.0,18.9,784.0,33360.0,0.307,3,0,0
42.0,46959.0,12.6,682.0,4922.0,0.389,0,0,0
52.0,91590.0,7.9,670.0,47316.0,0.264,0,1,0
50.0,116301.0,11.8,624.0,61130.0,0.393,2,0,1
37.0,39256.0,15.0,702.0,30124.0,0.44,2,1,0
24.0,48853.0,3.8,648.0,38623.0,0.343,1,0,0
34.0,64409.0,1.0,752.0,48872.0,0.353,0,0,0
40.0,68464.0,13.3,606.0,31219.0,0.241,2,0,0
36.0,43479.0,2.4,630.0,3536.0,0.038,2,1,0
32.0,128370.0,2.5,619.0,33116.0,0.359,2,0,0
41.0,66505.0,18.0,797.0,27042.0,0.38,0,0,0
32.0,69857.0,11.2,652.0,5542.0,0.324,4,0,0
31.0,121368.0,0.9,622.0,9445.0,0.391,1,0,0
41.0,44937.0,18.7,523.0,13167.0,0.245,3,1,1
34.0,52854.0,9.9,601.0,17997.0,0.352,1,0,1
41.0,31291.0,16.0,705.0,15196.0,0.447,0,0,0
41.0,50896.0,16.6,705.0,38154.0,0.367,1,0,0
25.0,28143.0,2.8,616.0,9664.0,0.434,1,0,1
33.0,77005.0,12.0,624.0,6628.0,0.435,1,0,0
54.0,66442.0,6.8,794.0,30233.0,0.178,0,1,0
25.0,48553.0,2.6,850.0,15463.0,0.372,0,1,0
21.0,52570.0,0.3,741.0,38157.0,0.237,2,0,0
21.0,77478.0,0.8,770.0,28948.0,0.189,0,0,0
38.0,32991.0,1.5,785.0,9612.0,0.271,0,0,0
38.0,60293.0,8.0,819.0,35748.0,0.475,3,0,0
37.0,75348.0,12.9,645.0,31641.0,0.246,2,0,1
51.0,24663.0,9.8,603.0,11501.0,0.124,1,0,1
21.0,74855.0,0.2,788.0,12280.0,0.156,0,0,0
42.0,25894.0,5.9,595.0,8581.0,0.348,1,0,0
55.0,52165.0,25.1,601.0,4425.0,0.224,1,0,1
26.0,32584.0,1.6,590.0,20077.0,0.096,0,1,0
34.0,104731.0,5.6,654.0,24527.0,0.159,2,0,0
30.0,32676.0,5.3,524.0,4587.0,0.317,3,0,1
28.0,26174.0,7.7,564.0,12881.0,0.378,1,0,1
34.0,58402.0,11.4,622.0,28300.0,0.255,3,1,0
54.0,45657.0,6.2,579.0,13097.0,0.365,0,0,0
58.0,27946.0,33.7,751.0,21567.0,0.391,2,0,0
34.0,69683.0,12.1,667.0,36698.0,0.222,1,0,1
59.0,22447.0,29.0,715.0,16718.0,0.288,1,1,0
38.0,34502.0,9.5,697.0,9504.0,0.24,0,0,0
57.0,42457.0,2.6,647.0,19694.0,0.354,3,1,0
37.0,78912.0,12.1,735.0,28419.0,0.239,0,0,0
39.0,98523.0,10.1,697.0,35465.0,0.179,1,0,0
42.0,90340.0,6.8,641.0,7754.0,0.305,3,0,0
70.0,51334.0,0.5,542.0,11023.0,0.411,1,0,1
47.0,18450.0,6.3,700.0,12952.0,0.351,0,1,0
30.0,65576.0,6.2,575.0,45077.0,0.401,0,0,1
49.0,106601.0,3.2,688.0,13733.0,0.392,0,0,0
34.0,95826.0,9.2,670.0,6096.0,0.304,2,0,0
33.0,67739.0,10.3,570.0,8571.0,0.24,3,0,0
48.0,32203.0,8.9,683.0,17039.0,0.213,0,1,0
38.0,43421.0,1.5,674.0,9981.0,0.141,1,0,1
41.0,131309.0,2.9,675.0,81670.0,0.419,0,0,1
38.0,29073.0,6.5,674.0,1581.0,0.267,2,0,0
42.0,32812.0,17.7,623.0,19255.0,0.13,4,0,1
43.0,84056.0,14.4,709.0,60083.0,0.423,1,0,0
21.0,45300.0,0.9,612.0,3787.0,0.309,2,0,1
45.0,32315.0,25.2,597.0,22638.0,0.397,3,0,0
27.0,109390.0,1.5,708.0,80774.0,0.274,0,1,0
22.0,67681.0,1.5,726.0,30584.0,0.221,0,0,0
37.0,46318.0,8.1,706.0,12200.0,0.345,0,0,0
39.0,32843.0,9.3,650.0,15505.0,0.353,1,0,0
30.0,138195.0,3.4,526.0,39101.0,0.272,2,0,1
47.0,54398.0,9.3,768.0,40794.0,0.431,0,0,0
23.0,103144.0,2.2,524.0,47212.0,0.395,1,0,1
34.0,82226.0,8.4,705.0,53367.0,0.356,1,0,1
32.0,43507.0,3.7,810.0,22079.0,0.189,1,0,0
37.0,43663.0,2.1,671.0,11628.0,0.175,0,0,0
41.0,105443.0,12.2,686.0,44824.0,0.42,1,0,1
27.0,106215.0,5.1,689.0,75404.0,0.081,0,1,1
46.0,23635.0,14.5,681.0,7969.0,0.291,0,0,1
39.0,70438.0,0.1,825.0,21554.0,0.315,1,0,0
21.0,52080.0,0.3,601.0,39962.0,0.251,4,0,1
21.0,34548.0,0.8,593.0,10383.0,0.296,2,0,0
38.0,61875.0,13.3,644.0,42980.0,0.342,2,0,1
36.0,29965.0,0.2,782.0,5505.0,0.241,0,0,0
37.0,44586.0,7.9,624.0,28704.0,0.388,2,0,1
38.0,38399.0,7.7,694.0,19640.0,0.358,0,0,0
40.0,43923.0,13.4,742.0,6156.0,0.282,0,0,0
48.0,53259.0,3.6,716.0,5217.0,0.217,0,0,1
26.0,34825.0,3.6,733.0,9533.0,0.291,0,0,0
25.0,111638.0,4.8,762.0,60630.0,0.511,1,0,1
26.0,68670.0,2.2,683.0,21980.0,0.224,0,0,0
41.0,123333.0,7.1,632.0,31248.0,0.453,1,0,1
52.0,51177.0,0.9,671.0,24893.0,0.124,2,0,0
33.0,42965.0,0.8,637.0,32843.0,0.214,0,0,1
21.0,121343.0,0.9,837.0,17157.0,0.246,1,0,0
21.0,42402.0,1.0,623.0,22619.0,0.395,0,0,1
29.0,50760.0,0.0,694.0,37273.0,0.306,1,0,0
32.0,76047.0,10.7,560.0,34664.0,0.431,0,0,0
34.0,31512.0,2.3,670.0,24363.0,0.267,0,0,0
38.0,75748.0,10.3,645.0,37755.0,0.295,1,0,0
35.0,71510.0,9.9,712.0,39649.0,0.267,1,1,0
50.0,97371.0,10.6,714.0,62654.0,0.503,0,0,1
31.0,82093.0,5.6,762.0,16402.0,0.188,0,0,0
29.0,98724.0,5.3,756.0,46414.0,0.249,1,0,0
43.0,52334.0,4.5,658.0,26727.0,0.202,0,0,0
21.0,37305.0,1.1,594.0,5227.0,0.357,4,1,1
42.0,142142.0,4.5,604.0,55668.0,0.186,1,0,0
39.0,27669.0,0.2,681.0,17377.0,0.482,1,0,1
36.0,28945.0,15.5,679.0,2331.0,0.308,0,0,0
55.0,70926.0,15.2,686.0,25542.0,0.341,0,0,0
31.0,114271.0,4.4,625.0,18202.0,0.346,0,0,0
61.0,59897.0,11.2,766.0,10890.0,0.298,0,1,0
36.0,86230.0,0.4,557.0,37461.0,0.312,2,0,1
24.0,22404.0,1.0,619.0,1616.0,0.308,0,0,0
39.0,43927.0,7.4,588.0,16197.0,0.352,2,0,1
26.0,23666.0,3.2,647.0,1640.0,0.218,0,0,1
30.0,78141.0,4.5,749.0,58150.0,0.201,2,0,1
42.0,27415.0,19.7,650.0,19525.0,0.382,1,0,0
44.0,30948.0,22.0,678.0,6460.0,0.3,0,0,0
31.0,69314.0,3.5,708.0,6887.0,0.099,0,1,0
49.0,88691.0,27.7,650.0,21106.0,0.252,2,0,0
51.0,51203.0,26.6,700.0,3650.0,0.453,1,0,0
54.0,71087.0,31.4,693.0,42730.0,0.284,0,0,1
44.0,70059.0,16.8,589.0,33658.0,0.247,1,0,1
53.0,49918.0,6.5,631.0,22857.0,0.151,0,0,1
21.0,33606.0,0.2,685.0,23154.0,0.243,0,0,0
35.0,70919.0,13.2,756.0,46592.0,0.184,0,0,0
28.0,72474.0,4.3,752.0,25849.0,0.343,1,1,0
39.0,82240.0,17.2,815.0,41758.0,0.305,1,0,0
32.0,63292.0,8.4,698.0,24137.0,0.264,1,1,0
36.0,32509.0,3.4,633.0,16840.0,0.224,0,0,1
59.0,75037.0,14.9,663.0,12279.0,0.453,0,1,0
36.0,54966.0,15.6,660.0,15119.0,0.229,1,0,0
43.0,44261.0,0.4,632.0,10574.0,0.23,2,0,0
35.0,48171.0,11.0,692.0,8459.0,0.276,1,0,0
39.0,40315.0,18.4,699.0,14529.0,0.29,0,0,0
38.0,82049.0,1.9,579.0,48809.0,0.348,1,0,1
43.0,29055.0,6.2,739.0,10083.0,0.393,0,0,0
51.0,35172.0,16.9,540.0,27680.0,0.386,1,0,1
56.0,47436.0,30.5,660.0,13119.0,0.543,3,0,0
41.0,113695.0,10.8,746.0,86533.0,0.131,0,0,0
44.0,88390.0,1.5,703.0,17251.0,0.323,0,0,0
25.0,26284.0,0.7,635.0,7638.0,0.248,1,0,0
37.0,101032.0,6.4,801.0,17485.0,0.501,2,0,0
48.0,100945.0,9.1,634.0,23059.0,0.318,1,1,0
48.0,32428.0,6.0,523.0,5443.0,0.097,2,0,0
40.0,17684.0,17.1,700.0,9171.0,0.343,0,0,0
48.0,53241.0,0.7,536.0,10673.0,0.327,2,0,0
43.0,91142.0,19.4,612.0,10376.0,0.376,2,0,0
51.0,112550.0,28.8,718.0,28117.0,0.228,3,1,0
41.0,37168.0,13.3,634.0,20770.0,0.333,3,0,0
34.0,120992.0,8.8,705.0,44945.0,0.273,1,0,0
42.0,20181.0,3.2,581.0,3373.0,0.233,2,0,1
21.0,46605.0,0.6,720.0,4548.0,0.334,0,0,0
42.0,45585.0,8.3,546.0,27215.0,0.315,2,1,0
21.0,92378.0,0.2,752.0,53402.0,0.405,0,0,0
21.0,98649.0,0.6,627.0,39079.0,0.303,2,1,0
43.0,84499.0,0.0,767.0,37670.0,0.36,0,0,0
43.0,29952.0,6.4,604.0,6900.0,0.179,1,1,0
25.0,81086.0,3.4,796.0,33570.0,0.439,2,0,0
30.0,69159.0,4.6,595.0,41250.0,0.222,2,1,1
53.0,25927.0,4.8,537.0,16299.0,0.39,4,0,1
33.0,21697.0,0.0,663.0,6626.0,0.326,1,1,1
63.0,87744.0,11.5,752.0,49061.0,0.314,0,0,0
38.0,50718.0,9.9,720.0,21041.0,0.376,1,0,0
42.0,30846.0,12.0,747.0,18646.0,0.086,1,0,0
56.0,50082.0,4.7,719.0,28451.0,0.243,0,0,0
39.0,64790.0,11.9,609.0,39701.0,0.375,4,0,0
27.0,52987.0,7.0,717.0,9202.0,0.492,0,1,0
37.0,27356.0,9.8,671.0,7977.0,0.298,0,0,0
38.0,128488.0,9.3,615.0,31960.0,0.056,4,0,0
23.0,86421.0,1.9,673.0,33298.0,0.268,2,1,0
35.0,47295.0,13.4,663.0,18856.0,0.294,2,0,1
30.0,48161.0,9.3,764.0,26511.0,0.411,0,0,0
48.0,64657.0,1.2,625.0,30855.0,0.305,0,0,0
38.0,33082.0,3.8,623.0,16042.0,0.172,0,0,0
35.0,63595.0,1.7,612.0,33371.0,0.396,2,1,0
37.0,30220.0,13.0,799.0,7696.0,0.357,0,0,0
40.0,53282.0,0.9,615.0,11701.0,0.23,3,0,0
45.0,32508.0,22.4,762.0,6872.0,0.372,1,0,0
27.0,33255.0,0.1,588.0,21103.0,0.245,5,0,1
27.0,115343.0,3.9,697.0,14181.0,0.27,0,0,0
50.0,56486.0,8.3,683.0,16215.0,0.247,0,0,0
33.0,60380.0,6.3,750.0,15711.0,0.269,0,0,0
22.0,22247.0,1.1,737.0,10989.0,0.391,1,0,0
43.0,42043.0,17.1,674.0,31244.0,0.121,0,1,0
43.0,67686.0,11.5,628.0,47986.0,0.41,1,1,0
21.0,60021.0,0.5,774.0,7745.0,0.318,0,0,0
41.0,20864.0,15.0,623.0,9496.0,0.261,2,0,1
46.0,60373.0,24.2,513.0,4703.0,0.302,2,0,0
42.0,64863.0,17.6,539.0,41792.0,0.209,3,1,1
45.0,98006.0,18.4,556.0,32444.0,0.137,5,1,0
23.0,40955.0,1.2,702.0,8648.0,0.212,1,0,0
42.0,20053.0,19.5,825.0,8284.0,0.11,1,1,0
35.0,35121.0,7.1,521.0,13217.0,0.165,3,0,1
33.0,33571.0,11.8,611.0,25425.0,0.138,2,1,1
48.0,76620.0,22.1,677.0,5738.0,0.422,0,1,0
54.0,16197.0,5.1,771.0,12350.0,0.172,0,0,0
58.0,44951.0,1.8,606.0,10149.0,0.296,2,0,0
52.0,104474.0,24.1,713.0,16588.0,0.412,1,0,0
37.0,55179.0,11.5,648.0,33459.0,0.385,0,0,0
42.0,82325.0,13.2,849.0,36382.0,0.27,2,1,0
46.0,26273.0,25.8,683.0,18962.0,0.271,0,0,0
39.0,26747.0,10.5,690.0,12223.0,0.318,0,1,0
39.0,105014.0,6.8,669.0,45062.0,0.511,1,0,0
47.0,57563.0,15.3,639.0,11779.0,0.341,1,1,0
37.0,57616.0,0.5,727.0,43923.0,0.367,0,0,0
30.0,33254.0,5.8,582.0,18235.0,0.527,0,0,1
33.0,57552.0,12.1,526.0,28844.0,0.328,2,0,1
45.0,32840.0,0.1,650.0,21101.0,0.415,1,0,0
38.0,93824.0,15.2,725.0,11817.0,0.348,0,0,0
42.0,187702.0,17.4,628.0,131356.0,0.346,0,1,0
45.0,68382.0,2.7,674.0,29087.0,0.204,2,0,1
34.0,41331.0,11.8,580.0,26934.0,0.187,1,0,0
46.0,17587.0,20.1,744.0,10279.0,0.249,0,0,0
42.0,25773.0,10.9,711.0,10011.0,0.388,0,1,0
24.0,110722.0,1.1,662.0,69454.0,0.383,3,0,0
54.0,34612.0,9.8,677.0,20439.0,0.433,1,0,0
32.0,46547.0,7.6,566.0,2457.0,0.299,4,0,0
21.0,73864.0,0.2,566.0,42984.0,0.354,2,0,1
27.0,107164.0,2.1,653.0,46251.0,0.354,1,0,0
27.0,50276.0,6.3,699.0,34167.0,0.289,0,1,0
39.0,45843.0,13.5,706.0,30130.0,0.268,0,0,0
35.0,56801.0,11.0,640.0,10110.0,0.152,0,1,0
34.0,41467.0,13.7,719.0,2750.0,0.285,0,0,0
45.0,42483.0,0.1,760.0,8380.0,0.29,0,0,0
42.0,66200.0,5.3,656.0,40107.0,0.413,1,0,0
41.0,59783.0,14.1,689.0,42058.0,0.423,0,0,0
43.0,143532.0,9.9,650.0,82592.0,0.315,1,1,0
45.0,67008.0,2.8,653.0,44590.0,0.506,3,0,1
21.0,92328.0,0.8,672.0,45281.0,0.319,1,1,0
34.0,33962.0,0.7,780.0,14600.0,0.403,0,0,0
21.0,69662.0,0.5,724.0,54181.0,0.29,0,0,0
38.0,39725.0,10.3,723.0,4387.0,0.186,0,0,1
38.0,65712.0,11.4,634.0,24052.0,0.257,1,0,0
50.0,74976.0,9.3,602.0,19384.0,0.447,1,0,0
51.0,56248.0,0.7,688.0,7961.0,0.274,0,1,0
40.0,162492.0,18.0,756.0,81926.0,0.253,0,1,0
32.0,104577.0,11.6,786.0,25876.0,0.3,0,0,0
43.0,93419.0,11.2,494.0,37108.0,0.261,5,0,1
32.0,77576.0,0.3,831.0,11826.0,0.419,1,0,0
38.0,121613.0,10.4,694.0,41651.0,0.489,1,0,0
49.0,28809.0,9.1,728.0,5767.0,0.301,0,0,0
32.0,101897.0,2.2,539.0,73641.0,0.354,2,0,1
47.0,35208.0,4.5,646.0,15555.0,0.397,5,0,1
45.0,42665.0,4.6,720.0,27718.0,0.311,1,1,1
27.0,70807.0,2.5,579.0,29335.0,0.212,2,0,1
49.0,95802.0,8.1,462.0,7835.0,0.259,4,0,1
46.0,32728.0,21.5,694.0,18685.0,0.341,1,0,1
39.0,43671.0,9.5,661.0,3750.0,0.339,0,0,0
30.0,57468.0,4.1,763.0,19900.0,0.121,1,0,0
29.0,50576.0,1.2,649.0,23275.0,0.256,0,0,1
32.0,80773.0,10.6,659.0,51281.0,0.226,0,1,0
44.0,258140.0,1.3,709.0,186880.0,0.388,0,0,0
27.0,66422.0,1.8,733.0,13524.0,0.23,3,0,0
43.0,39508.0,14.2,617.0,21638.0,0.254,1,0,1
24.0,30689.0,3.0,728.0,12358.0,0.25,0,1,0
36.0,47511.0,12.6,630.0,29725.0,0.379,3,0,0
39.0,36025.0,7.9,665.0,27195.0,0.397,0,1,0
65.0,67879.0,15.6,715.0,30527.0,0.349,0,0,0
23.0,67407.0,0.8,720.0,17868.0,0.411,0,0,0
54.0,44652.0,19.4,692.0,28974.0,0.424,0,1,0
40.0,134365.0,6.9,588.0,59800.0,0.119,1,0,0
43.0,39503.0,7.4,533.0,28115.0,0.359,3,0,0
39.0,52122.0,0.3,647.0,24735.0,0.263,1,0,0
43.0,73329.0,21.7,739.0,55205.0,0.174,0,0,0
36.0,82167.0,1.0,692.0,5189.0,0.268,2,1,0
54.0,97733.0,9.2,682.0,59052.0,0.373,1,0,1
33.0,66697.0,12.0,665.0,20670.0,0.446,2,0,0
50.0,88256.0,22.4,693.0,48670.0,0.165,0,0,0
31.0,40774.0,6.3,594.0,30856.0,0.362,1,1,0
37.0,83135.0,11.5,720.0,44929.0,0.497,0,1,0
26.0,82637.0,0.6,720.0,50305.0,0.483,0,0,1
43.0,108650.0,18.6,644.0,18312.0,0.02,0,0,0
54.0,25959.0,8.5,695.0,4618.0,0.518,0,0,0
37.0,36565.0,16.4,548.0,17554.0,0.396,1,1,0
36.0,79658.0,3.7,674.0,29709.0,0.069,2,0,0
26.0,16680.0,3.6,652.0,2225.0,0.223,2,1,0
35.0,68630.0,8.4,752.0,40921.0,0.426,0,0,0
21.0,88610.0,0.1,646.0,50881.0,0.336,0,0,0
28.0,42435.0,2.9,722.0,5036.0,0.243,0,0,0
40.0,45320.0,16.0,641.0,3920.0,0.307,1,0,0
53.0,33919.0,6.9,503.0,11333.0,0.355,3,0,1
69.0,43495.0,40.0,664.0,22822.0,0.242,0,1,0
32.0,44066.0,3.4,675.0,31735.0,0.287,0,0,0
54.0,40450.0,21.2,681.0,15204.0,0.39,1,0,1
41.0,39464.0,12.8,678.0,4462.0,0.23,0,0,0
36.0,48685.0,7.7,628.0,33123.0,0.164,0,0,0
43.0,48421.0,14.9,645.0,6957.0,0.236,3,0,1
39.0,127829.0,13.9,588.0,67499.0,0.211,5,0,1
39.0,46060.0,11.9,526.0,16586.0,0.24,2,0,1
34.0,64213.0,7.6,656.0,47015.0,0.127,0,1,0
23.0,42425.0,1.6,609.0,24551.0,0.324,1,0,1
21.0,42183.0,0.4,736.0,2114.0,0.387,0,0,0
45.0,25543.0,1.8,508.0,8418.0,0.219,3,0,0
35.0,27119.0,2.4,682.0,5023.0,0.235,1,0,0
31.0,31950.0,6.9,812.0,8392.0,0.281,1,1,0
38.0,59740.0,16.8,656.0,20862.0,0.209,0,0,0
47.0,89265.0,0.7,660.0,40708.0,0.398,0,0,0
40.0,24614.0,10.9,695.0,15970.0,0.211,0,0,0
31.0,42959.0,2.7,697.0,4933.0,0.247,1,0,0
51.0,29732.0,17.7,640.0,11323.0,0.224,4,0,0
55.0,48833.0,26.5,603.0,33599.0,0.401,0,0,0
43.0,89249.0,17.2,714.0,33391.0,0.277,0,0,0
49.0,44981.0,20.8,537.0,19768.0,0.499,4,0,1
52.0,53836.0,24.7,731.0,34130.0,0.335,0,0,0
50.0,105867.0,2.2,634.0,61897.0,0.416,1,0,1
45.0,67585.0,12.6,667.0,29230.0,0.268,3,0,0
45.0,39068.0,6.4,626.0,30290.0,0.206,0,0,1
44.0,59077.0,21.8,771.0,4558.0,0.297,0,0,0
26.0,37899.0,4.6,680.0,3444.0,0.232,1,0,0
46.0,66457.0,2.8,639.0,24624.0,0.1,0,0,0
23.0,69355.0,0.8,636.0,11678.0,0.401,0,0,0
29.0,29729.0,4.2,652.0,6314.0,0.303,2,1,0
52.0,59510.0,31.1,843.0,9674.0,0.23,1,0,0
47.0,52166.0,3.0,569.0,29697.0,0.338,1,0,0
54.0,70277.0,19.5,746.0,25718.0,0.305,0,0,0
35.0,79953.0,5.1,702.0,54019.0,0.441,1,1,1
25.0,68182.0,3.4,770.0,16213.0,0.343,0,0,0
35.0,47985.0,10.0,709.0,24836.0,0.284,1,0,1
39.0,83708.0,4.6,663.0,17585.0,0.369,1,0,0
39.0,37131.0,14.8,739.0,2260.0,0.296,0,0,0
50.0,30359.0,2.8,677.0,17204.0,0.318,0,0,0
34.0,15000.0,11.5,719.0,2387.0,0.423,1,0,0
42.0,53291.0,4.6,762.0,30395.0,0.183,0,1,0
27.0,38002.0,4.2,669.0,21585.0,0.214,0,0,1
43.0,65780.0,8.0,634.0,36252.0,0.258,4,0,0
38.0,22653.0,11.0,620.0,11190.0,0.273,0,1,0
30.0,41104.0,2.6,693.0,29336.0,0.416,0,0,1
35.0,67962.0,8.8,603.0,7253.0,0.159,2,1,0
36.0,34602.0,0.1,636.0,25912.0,0.297,0,0,0
35.0,66122.0,5.6,595.0,6578.0,0.245,3,0,0
57.0,42806.0,31.0,711.0,18042.0,0.47,2,0,0
37.0,54194.0,7.8,611.0,40235.0,0.388,3,0,1
35.0,71891.0,7.6,574.0,18095.0,0.324,2,1,0
21.0,84444.0,0.6,583.0,57289.0,0.397,0,1,0
28.0,57337.0,3.5,622.0,28376.0,0.168,2,0,0
35.0,38131.0,13.1,633.0,26535.0,0.503,0,0,1
30.0,44756.0,4.2,680.0,3868.0,0.216,1,0,0
53.0,73256.0,31.3,664.0,34207.0,0.426,0,0,0
36.0,34736.0,14.2,693.0,6651.0,0.355,1,0,0
52.0,50765.0,13.5,698.0,3226.0,0.326,0,0,0
39.0,46233.0,6.8,715.0,26201.0,0.422,1,1,0
38.0,52500.0,12.5,533.0,32144.0,0.4,1,0,0
37.0,34923.0,12.9,588.0,21032.0,0.311,0,0,1
38.0,23902.0,3.4,701.0,14227.0,0.258,1,0,1
57.0,69524.0,8.9,679.0,45187.0,0.312,0,0,0
21.0,84876.0,0.1,728.0,34137.0,0.29,2,0,0
21.0,24554.0,0.8,552.0,7628.0,0.335,3,1,1
32.0,64933.0,8.6,631.0,40792.0,0.402,0,0,1
38.0,89547.0,3.4,641.0,49237.0,0.347,0,0,0
46.0,71916.0,13.7,679.0,14383.0,0.318,2,0,1
43.0,45597.0,17.7,671.0,17166.0,0.235,0,0,0
34.0,35973.0,13.0,699.0,6714.0,0.332,1,0,0
49.0,57041.0,5.2,655.0,36174.0,0.13,3,0,0
49.0,61488.0,8.9,761.0,14471.0,0.22,1,0,0
40.0,57423.0,7.0,782.0,29689.0,0.361,1,0,1
49.0,50718.0,17.9,591.0,30508.0,0.389,3,0,1
41.0,33789.0,2.9,665.0,26819.0,0.298,0,0,0
32.0,66523.0,2.3,717.0,24936.0,0.32,1,0,0
46.0,67980.0,20.0,711.0,47882.0,0.337,0,0,0
39.0,60202.0,10.4,637.0,33007.0,0.368,1,0,0
38.0,57817.0,2.9,679.0,3257.0,0.28,1,0,0
54.0,117096.0,13.3,556.0,40218.0,0.202,1,0,0
21.0,41528.0,0.1,659.0,14352.0,0.339,1,1,0
22.0,97903.0,0.9,558.0,13679.0,0.496,2,0,1
25.0,39529.0,2.0,697.0,14935.0,0.208,0,0,0
34.0,90592.0,1.6,583.0,12442.0,0.287,1,0,0
35.0,95808.0,0.9,672.0,64818.0,0.261,1,1,0
21.0,48205.0,1.3,683.0,15494.0,0.541,0,0,0
27.0,116137.0,6.4,668.0,21757.0,0.204,2,0,0
29.0,67925.0,0.0,616.0,34055.0,0.284,3,0,1
65.0,37061.0,28.9,660.0,25690.0,0.264,3,1,0
58.0,46477.0,3.5,744.0,34914.0,0.175,0,0,1
33.0,91567.0,10.9,636.0,65994.0,0.169,2,1,0
34.0,83322.0,12.3,668.0,59287.0,0.357,0,0,1
25.0,34165.0,3.3,623.0,10627.0,0.371,3,0,0
21.0,51659.0,0.6,732.0,22165.0,0.244,0,0,0
37.0,60275.0,6.2,669.0,19799.0,0.441,1,0,0
27.0,43768.0,1.8,607.0,32463.0,0.075,4,0,0
37.0,158911.0,8.5,665.0,19009.0,0.174,2,1,0
21.0,61098.0,0.1,643.0,28456.0,0.218,1,0,0
30.0,53491.0,6.5,761.0,12580.0,0.299,0,0,0
40.0,93993.0,9.2,661.0,64646.0,0.255,1,0,1
42.0,46665.0,3.9,565.0,14205.0,0.28,7,0,0
43.0,86546.0,13.3,702.0,60389.0,0.349,1,1,0
23.0,25968.0,2.8,786.0,19373.0,0.446,1,1,0
47.0,44844.0,16.1,752.0,8026.0,0.38,1,0,1
29.0,88183.0,4.9,585.0,54293.0,0.306,0,0,1
45.0,111489.0,21.2,652.0,34838.0,0.292,0,0,0
38.0,38836.0,0.2,658.0,13688.0,0.41,0,0,0
23.0,36852.0,1.8,660.0,9426.0,0.488,1,0,1
35.0,71000.0,5.9,690.0,36388.0,0.364,2,0,1
42.0,41553.0,4.3,638.0,12772.0,0.251,4,0,0
45.0,48739.0,24.2,608.0,29509.0,0.326,2,0,0
36.0,81591.0,6.6,730.0,51718.0,0.358,0,0,0
55.0,43055.0,11.7,587.0,14912.0,0.244,0,0,1
49.0,22712.0,4.9,606.0,1216.0,0.387,3,1,1
35.0,30626.0,15.1,588.0,3049.0,0.326,1,0,0
46.0,55247.0,22.5,714.0,14108.0,0.416,1,0,0
59.0,23779.0,2.7,669.0,18200.0,0.202,0,0,0
60.0,48116.0,22.4,733.0,16617.0,0.126,0,0,0
24.0,29397.0,0.7,605.0,17879.0,0.261,3,0,0
28.0,115043.0,5.6,575.0,86519.0,0.302,0,0,0
54.0,145714.0,16.6,637.0,44626.0,0.12,1,0,0
26.0,34163.0,0.7,648.0,16090.0,0.239,1,0,1
23.0,61736.0,1.9,676.0,42551.0,0.428,0,0,0
33.0,35700.0,11.5,548.0,18246.0,0.353,3,1,0
43.0,47853.0,7.7,697.0,6420.0,0.314,0,1,0
37.0,123828.0,0.9,598.0,77663.0,0.194,1,0,0
31.0,44582.0,10.2,620.0,32459.0,0.425,2,1,1
31.0,48357.0,1.5,743.0,30300.0,0.258,1,1,0
30.0,35988.0,4.8,510.0,22111.0,0.309,1,0,0
28.0,92122.0,4.5,685.0,56819.0,0.341,0,1,0
63.0,15000.0,10.2,687.0,7641.0,0.317,2,0,0
41.0,45064.0,3.8,605.0,10629.0,0.449,1,0,0
48.0,53876.0,3.1,630.0,39498.0,0.358,2,0,1
33.0,40848.0,0.9,746.0,5992.0,0.334,1,0,0
36.0,81120.0,8.1,801.0,54389.0,0.291,1,0,0
30.0,94467.0,8.5,739.0,30185.0,0.343,0,0,0
21.0,29134.0,0.1,792.0,16180.0,0.279,1,0,1
23.0,141091.0,2.0,613.0,92248.0,0.319,3,0,0
21.0,28988.0,0.4,550.0,18811.0,0.266,5,0,1
21.0,98221.0,0.0,656.0,16782.0,0.25,2,1,0
25.0,58836.0,2.6,718.0,29900.0,0.208,0,1,0
53.0,43845.0,8.2,534.0,9248.0,0.273,5,1,0
38.0,45747.0,10.6,600.0,6134.0,0.266,0,0,0
52.0,54177.0,11.2,609.0,23576.0,0.483,3,1,0
43.0,60408.0,15.0,692.0,47761.0,0.399,3,0,0
47.0,36353.0,24.4,688.0,28582.0,0.287,0,0,0
28.0,49504.0,2.0,607.0,23765.0,0.258,1,0,0
44.0,38882.0,22.3,684.0,24462.0,0.362,1,0,0
46.0,31835.0,5.3,583.0,7553.0,0.494,3,0,1
32.0,38074.0,0.8,631.0,8311.0,0.38,2,0,1
44.0,32781.0,4.7,574.0,19009.0,0.128,1,1,0
44.0,45525.0,19.7,659.0,29113.0,0.386,2,1,0
32.0,66816.0,8.1,608.0,40516.0,0.404,0,0,0
26.0,58070.0,5.5,711.0,7455.0,0.52,0,0,0
25.0,133725.0,3.5,660.0,42418.0,0.275,1,0,0
39.0,20341.0,7.8,648.0,1691.0,0.314,2,1,0
42.0,67934.0,19.3,793.0,43452.0,0.345,0,0,0
29.0,55159.0,8.9,691.0,15655.0,0.224,1,0,0
38.0,79391.0,14.5,641.0,29557.0,0.215,2,0,1
44.0,75925.0,13.5,626.0,36760.0,0.34,1,1,0
45.0,51064.0,20.5,588.0,2574.0,0.146,4,0,0
55.0,59443.0,6.3,659.0,18760.0,0.168,1,1,0
52.0,39350.0,28.9,696.0,23432.0,0.382,0,0,1
27.0,72493.0,7.0,529.0,19178.0,0.35,2,0,0
57.0,23614.0,24.3,577.0,11284.0,0.425,4,0,1
32.0,78015.0,2.4,625.0,61077.0,0.346,0,1,0
49.0,54429.0,4.3,585.0,7545.0,0.301,3,0,0
39.0,44175.0,18.0,672.0,11096.0,0.429,1,0,0
33.0,49536.0,11.7,679.0,27887.0,0.258,2,0,0
21.0,51198.0,0.7,652.0,25537.0,0.267,1,0,1
36.0,98605.0,15.3,706.0,77257.0,0.294,0,0,0
21.0,235664.0,0.5,619.0,17899.0,0.345,2,0,0
49.0,95228.0,25.4,669.0,67469.0,0.293,0,0,0
55.0,42646.0,5.6,593.0,17758.0,0.151,1,0,1
29.0,73020.0,1.7,681.0,16077.0,0.273,0,0,0
41.0,74465.0,10.9,671.0,31836.0,0.297,0,0,0
30.0,36271.0,3.3,578.0,13027.0,0.311,3,0,0
31.0,31186.0,4.8,652.0,5754.0,0.255,1,0,0
47.0,53456.0,21.2,668.0,11469.0,0.351,0,0,0
38.0,79107.0,0.9,680.0,21051.0,0.139,2,0,0
57.0,26629.0,26.8,696.0,12360.0,0.342,1,0,0
33.0,39763.0,1.1,610.0,4466.0,0.479,2,0,1
49.0,71167.0,24.6,726.0,8300.0,0.239,1,0,0
39.0,56042.0,3.9,699.0,16746.0,0.306,1,1,0
47.0,104028.0,19.7,619.0,60385.0,0.275,0,1,0
33.0,29143.0,7.7,584.0,22840.0,0.277,5,1,1
37.0,158508.0,6.7,618.0,9352.0,0.197,1,0,0
37.0,27529.0,4.5,559.0,21452.0,0.499,1,0,1
29.0,22070.0,0.5,675.0,12459.0,0.339,1,0,0
45.0,53561.0,8.9,747.0,38871.0,0.233,0,0,0
45.0,33011.0,5.0,762.0,14929.0,0.222,1,0,0
45.0,54049.0,3.3,585.0,21469.0,0.306,1,0,0
55.0,53205.0,25.8,728.0,33991.0,0.083,0,0,0
54.0,50362.0,7.2,670.0,23334.0,0.405,2,0,1
34.0,37647.0,3.1,494.0,27220.0,0.249,2,0,0
42.0,66822.0,7.5,640.0,48098.0,0.339,0,1,0
31.0,47681.0,5.2,632.0,21354.0,0.344,2,1,0
38.0,90376.0,9.4,749.0,43410.0,0.397,0,0,1
31.0,50712.0,7.6,603.0,19890.0,0.349,1,0,0
56.0,35632.0,21.1,710.0,20205.0,0.374,0,1,0
42.0,25735.0,10.6,658.0,14457.0,0.402,1,0,1
36.0,50901.0,6.1,562.0,27382.0,0.267,3,0,1
51.0,31068.0,8.3,625.0,3006.0,0.515,1,1,1
21.0,29960.0,0.7,768.0,23149.0,0.335,0,0,0
21.0,69734.0,0.3,648.0,21039.0,0.297,1,0,0
47.0,24714.0,22.7,735.0,5800.0,0.216,1,0,0
39.0,103837.0,10.9,725.0,21628.0,0.279,1,0,1
41.0,59099.0,13.2,635.0,6026.0,0.34,2,1,0
23.0,53926.0,1.7,571.0,21181.0,0.31,3,0,1
38.0,34525.0,16.5,588.0,2803.0,0.483,2,0,0
60.0,77579.0,16.9,770.0,13241.0,0.261,0,0,0
47.0,54928.0,11.6,676.0,2964.0,0.368,0,0,0
40.0,40390.0,17.7,548.0,7311.0,0.187,1,1,0
33.0,60175.0,8.0,722.0,47925.0,0.518,1,1,0
34.0,25792.0,6.1,538.0,11764.0,0.181,4,0,0
21.0,26349.0,0.3,602.0,2644.0,0.507,3,0,0
41.0,33223.0,5.1,668.0,15718.0,0.286,1,0,0
47.0,64368.0,21.9,847.0,32222.0,0.077,0,0,0
21.0,54919.0,0.3,717.0,25307.0,0.435,3,0,0
31.0,88179.0,0.1,626.0,26629.0,0.308,4,0,0
25.0,36355.0,0.1,662.0,19738.0,0.255,1,1,0
27.0,71231.0,7.2,728.0,11180.0,0.364,0,0,0
39.0,52253.0,10.4,765.0,11217.0,0.366,0,0,1
21.0,35980.0,0.5,643.0,28642.0,0.341,2,0,1
45.0,65413.0,22.7,656.0,23659.0,0.414,3,0,1
46.0,53390.0,9.2,607.0,8587.0,0.325,2,0,0
35.0,41439.0,12.1,713.0,8817.0,0.365,0,0,0
21.0,56049.0,0.7,732.0,33243.0,0.248,0,1,0
27.0,51886.0,3.4,526.0,7118.0,0.377,5,1,1
52.0,51325.0,24.4,644.0,16192.0,0.248,2,0,0
21.0,45680.0,1.0,576.0,13535.0,0.188,1,0,1
34.0,30573.0,2.8,672.0,6756.0,0.279,1,0,0
25.0,56882.0,0.1,573.0,23187.0,0.272,1,0,1
47.0,38325.0,22.1,579.0,5082.0,0.393,2,0,0
31.0,34750.0,4.3,741.0,13637.0,0.155,1,1,0
42.0,49354.0,12.2,655.0,3675.0,0.409,0,0,0
44.0,76527.0,5.4,659.0,59519.0,0.238,1,0,0
58.0,59791.0,32.2,706.0,30114.0,0.054,1,1,0
36.0,43307.0,11.4,734.0,4604.0,0.179,0,0,0
42.0,42531.0,21.1,641.0,8210.0,0.269,0,0,0
22.0,73219.0,0.8,633.0,44102.0,0.344,0,1,1
51.0,18705.0,30.4,648.0,11200.0,0.287,1,1,1
30.0,78740.0,4.9,738.0,25491.0,0.179,0,0,0
32.0,23666.0,7.4,659.0,3818.0,0.222,1,0,0
38.0,29090.0,12.0,646.0,13147.0,0.181,1,0,1
21.0,43637.0,0.5,688.0,11228.0,0.326,0,0,0
41.0,146041.0,11.5,794.0,17906.0,0.291,2,0,0
49.0,117000.0,6.4,668.0,36211.0,0.361,0,1,0
41.0,75585.0,7.7,645.0,46353.0,0.123,1,0,0
21.0,64572.0,0.7,796.0,20379.0,0.247,0,0,0
37.0,23791.0,0.6,753.0,1917.0,0.503,0,0,0
46.0,59020.0,18.3,752.0,8280.0,0.364,2,1,0
21.0,42956.0,0.3,625.0,21360.0,0.27,2,0,0
26.0,38085.0,1.7,619.0,16819.0,0.201,1,1,0
48.0,58968.0,19.2,541.0,32795.0,0.411,3,0,1
41.0,44493.0,4.5,730.0,21304.0,0.453,1,0,0
43.0,81330.0,21.7,676.0,34396.0,0.185,0,0,0
58.0,23015.0,38.1,553.0,9352.0,0.195,5,0,1
43.0,56888.0,10.6,749.0,43870.0,0.328,0,0,0
45.0,37030.0,10.1,641.0,25800.0,0.337,0,0,1
68.0,45741.0,3.8,647.0,15422.0,0.348,2,0,0
36.0,63081.0,12.2,560.0,34070.0,0.484,3,0,1
29.0,33266.0,1.5,695.0,2173.0,0.203,0,1,0
43.0,59219.0,21.2,706.0,3891.0,0.304,2,1,0
43.0,49988.0,22.6,668.0,14443.0,0.372,1,0,1
32.0,40857.0,1.5,631.0,25171.0,0.371,1,0,0
27.0,44504.0,4.5,846.0,33115.0,0.235,0,0,0
63.0,51305.0,20.2,586.0,28845.0,0.239,2,0,0
42.0,38932.0,11.7,615.0,22572.0,0.254,1,0,1
30.0,55176.0,1.8,710.0,4088.0,0.47,1,0,0
48.0,48529.0,20.3,599.0,36281.0,0.202,1,0,1
37.0,41773.0,2.8,585.0,4808.0,0.268,2,0,1
35.0,112479.0,13.5,746.0,85504.0,0.378,0,1,0
44.0,66300.0,11.0,708.0,10361.0,0.191,0,0,0
24.0,46299.0,2.4,695.0,3474.0,0.326,0,0,0
42.0,58731.0,20.2,683.0,27763.0,0.11,0,0,0
59.0,34649.0,28.8,626.0,4686.0,0.319,2,0,0
43.0,45186.0,12.5,649.0,3236.0,0.305,3,0,0
34.0,47622.0,5.6,657.0,26234.0,0.316,1,1,0
32.0,31383.0,5.7,722.0,18946.0,0.213,0,0,0
33.0,65473.0,4.6,692.0,17659.0,0.323,0,0,0
35.0,43808.0,14.4,602.0,19719.0,0.296,1,0,0
34.0,46870.0,3.5,717.0,22944.0,0.43,0,0,0
48.0,42581.0,11.5,548.0,7266.0,0.364,1,0,0
21.0,208288.0,0.8,638.0,79159.0,0.155,1,0,1
47.0,40819.0,10.0,585.0,21541.0,0.217,1,0,0
34.0,21681.0,12.3,606.0,15486.0,0.238,1,0,1
42.0,26772.0,5.4,798.0,9749.0,0.318,0,0,0
26.0,77403.0,0.2,557.0,44468.0,0.283,2,1,0
53.0,100357.0,20.5,613.0,42778.0,0.283,0,1,0
52.0,40469.0,16.1,704.0,23484.0,0.582,0,1,0
49.0,97794.0,26.6,640.0,62758.0,0.249,2,0,0
21.0,76788.0,0.6,671.0,34394.0,0.439,0,0,0
47.0,50505.0,3.7,762.0,4840.0,0.285,0,1,0
42.0,48917.0,7.4,710.0,34563.0,0.082,1,0,0
21.0,59664.0,0.4,627.0,29876.0,0.319,0,1,0
38.0,81629.0,10.3,656.0,40854.0,0.412,2,1,0
42.0,65767.0,6.0,700.0,28418.0,0.363,1,0,0
44.0,40559.0,13.3,711.0,7320.0,0.326,0,0,0
40.0,50853.0,18.1,671.0,21085.0,0.302,1,1,0
41.0,134142.0,9.0,690.0,60715.0,0.251,0,0,0
54.0,61583.0,22.3,696.0,20804.0,0.39,0,0,0
51.0,81331.0,7.2,657.0,13162.0,0.257,0,0,0
21.0,70125.0,0.8,618.0,43595.0,0.236,3,1,1
35.0,62199.0,3.9,714.0,24410.0,0.341,0,0,1
36.0,57757.0,9.4,685.0,33239.0,0.27,1,0,0
21.0,82365.0,0.3,514.0,7020.0,0.428,1,0,1
39.0,75999.0,1.3,603.0,32549.0,0.347,3,0,1
52.0,61935.0,10.1,631.0,6524.0,0.222,0,0,0
26.0,40251.0,1.3,647.0,24157.0,0.186,1,0,0
42.0,65420.0,19.4,754.0,31776.0,0.243,0,0,0
28.0,53366.0,2.1,850.0,20735.0,0.534,1,0,0
31.0,47876.0,10.3,493.0,37326.0,0.276,2,0,1
54.0,183604.0,16.9,690.0,54074.0,0.376,1,0,0
32.0,27516.0,2.7,666.0,10103.0,0.169,1,0,0
43.0,84662.0,9.0,652.0,51064.0,0.192,3,0,0
21.0,37305.0,0.2,698.0,16556.0,0.281,0,0,0
58.0,58345.0,32.1,687.0,31733.0,0.47,0,0,0
45.0,174722.0,3.0,636.0,136669.0,0.171,1,1,1
36.0,35668.0,14.0,669.0,20394.0,0.237,0,0,1
44.0,39710.0,1.1,700.0,6474.0,0.39,0,1,0
22.0,54568.0,0.7,693.0,11296.0,0.459,0,0,0
51.0,37565.0,4.3,675.0,26386.0,0.344,0,0,0
34.0,81872.0,9.9,624.0,7039.0,0.368,2,0,0
36.0,43241.0,8.1,850.0,18675.0,0.21,2,0,0
33.0,73821.0,11.8,691.0,53850.0,0.168,1,0,0
32.0,30241.0,4.3,715.0,19117.0,0.185,0,0,0
46.0,24392.0,1.0,625.0,3336.0,0.213,0,0,1
41.0,49615.0,15.9,681.0,30034.0,0.323,0,0,0
45.0,27153.0,14.6,680.0,9139.0,0.178,0,0,0
38.0,108914.0,14.8,534.0,79067.0,0.325,6,1,1
44.0,27631.0,10.1,615.0,13252.0,0.268,2,1,1
33.0,34480.0,9.9,613.0,15915.0,0.244,0,0,1
63.0,66252.0,7.3,622.0,3745.0,0.389,1,0,0
21.0,42244.0,1.0,586.0,10022.0,0.204,2,1,1
52.0,27773.0,5.5,666.0,9986.0,0.444,0,0,0
53.0,137733.0,27.4,772.0,81667.0,0.383,0,0,0
29.0,35044.0,1.8,670.0,15421.0,0.201,0,0,0
63.0,50351.0,33.3,594.0,34712.0,0.42,3,0,0
49.0,50059.0,24.9,600.0,3793.0,0.189,3,1,0
49.0,75715.0,25.1,646.0,22121.0,0.429,0,0,0
38.0,67721.0,8.7,565.0,33738.0,0.333,2,0,1
36.0,37912.0,6.7,685.0,20627.0,0.142,2,0,0
36.0,47499.0,13.1,761.0,20273.0,0.17,1,0,0
42.0,49661.0,12.9,626.0,17339.0,0.26,1,0,0
53.0,77043.0,20.8,676.0,7987.0,0.387,0,0,0
40.0,32511.0,4.7,632.0,18602.0,0.283,3,0,1
28.0,136385.0,3.6,618.0,99260.0,0.28,0,0,0
47.0,39084.0,10.0,678.0,25663.0,0.304,0,0,0
48.0,54784.0,18.7,623.0,31551.0,0.1,2,0,0
45.0,32633.0,5.0,606.0,17153.0,0.382,0,0,0
46.0,30666.0,10.6,552.0,19290.0,0.434,0,0,1
35.0,37108.0,12.7,671.0,23473.0,0.379,0,0,0
28.0,35538.0,4.3,737.0,1962.0,0.258,0,0,0
28.0,45646.0,7.6,713.0,14533.0,0.211,1,0,0
21.0,35403.0,0.2,765.0,24819.0,0.192,0,0,0
41.0,75214.0,9.1,617.0,51754.0,0.187,3,0,0
37.0,38667.0,8.5,724.0,22522.0,0.526,0,0,0
33.0,36786.0,5.3,585.0,10366.0,0.292,0,0,0
21.0,46085.0,0.7,710.0,29883.0,0.39,0,0,0
24.0,85980.0,0.6,775.0,19231.0,0.385,1,0,1
50.0,60584.0,15.8,703.0,13212.0,0.314,0,0,0
31.0,52587.0,1.5,777.0,23759.0,0.207,1,0,0
42.0,28860.0,13.8,625.0,13810.0,0.352,1,0,0
23.0,32888.0,2.2,652.0,10310.0,0.192,1,0,1
54.0,30940.0,0.7,596.0,15558.0,0.36,1,1,0
36.0,99029.0,7.5,666.0,57619.0,0.196,2,0,1
41.0,69832.0,10.4,684.0,12930.0,0.256,0,0,0
64.0,37323.0,31.4,678.0,9945.0,0.256,3,0,0
55.0,42664.0,2.6,628.0,24527.0,0.44,2,0,1
35.0,37938.0,5.9,629.0,28280.0,0.057,1,0,0
31.0,36918.0,9.0,689.0,26335.0,0.533,0,1,0
34.0,67658.0,7.7,653.0,9962.0,0.219,1,0,0
44.0,48325.0,17.7,588.0,23065.0,0.288,3,0,0
37.0,140311.0,6.1,530.0,91220.0,0.341,2,0,0
34.0,96544.0,12.6,625.0,22011.0,0.333,1,0,0
54.0,99147.0,2.6,565.0,52785.0,0.384,1,0,0
37.0,74399.0,1.5,602.0,27582.0,0.361,1,0,0
63.0,45474.0,22.9,642.0,24876.0,0.504,2,0,1
39.0,71976.0,8.9,654.0,5332.0,0.373,0,0,0
58.0,47010.0,24.0,625.0,13384.0,0.288,1,0,0
42.0,114544.0,5.0,816.0,32129.0,0.245,0,0,0
49.0,65974.0,6.5,575.0,24015.0,0.242,4,0,1
30.0,61892.0,7.5,748.0,8411.0,0.429,2,0,0
29.0,58237.0,2.5,650.0,21982.0,0.476,2,1,0
43.0,120356.0,16.8,622.0,54897.0,0.4,2,0,1
49.0,28851.0,18.5,710.0,2019.0,0.02,1,0,0
38.0,125784.0,1.5,629.0,34677.0,0.075,2,0,0
24.0,50580.0,2.7,605.0,9255.0,0.299,4,0,1
23.0,29212.0,2.7,787.0,22759.0,0.283,1,0,0
22.0,39206.0,1.9,507.0,5789.0,0.302,5,0,0
21.0,26166.0,0.0,643.0,13621.0,0.425,3,1,1
39.0,73809.0,10.4,678.0,25936.0,0.42,1,0,0
50.0,34470.0,27.7,772.0,9152.0,0.317,1,1,0
38.0,59337.0,10.7,637.0,40976.0,0.148,2,0,1
21.0,91627.0,0.3,846.0,50218.0,0.177,0,0,0
36.0,40647.0,3.1,715.0,20942.0,0.307,1,1,0
36.0,48749.0,11.1,500.0,5862.0,0.342,6,0,1
61.0,30594.0,31.7,574.0,7472.0,0.178,4,0,0
22.0,46181.0,1.8,677.0,11886.0,0.366,0,0,0
34.0,175150.0,12.4,586.0,65819.0,0.125,2,0,0
57.0,78054.0,12.5,705.0,57846.0,0.034,0,0,0
43.0,48823.0,13.9,635.0,17222.0,0.212,0,0,0
44.0,41766.0,2.5,578.0,12363.0,0.437,3,0,1
39.0,53955.0,1.8,593.0,5568.0,0.452,2,0,0
42.0,58315.0,1.5,720.0,19752.0,0.141,0,0,0
47.0,45547.0,24.6,531.0,4066.0,0.148,2,1,0
29.0,69816.0,1.4,734.0,22614.0,0.376,1,0,0
48.0,35812.0,13.3,742.0,27784.0,0.256,0,1,0
23.0,35732.0,1.3,637.0,16689.0,0.437,1,0,1
42.0,64970.0,7.0,565.0,13426.0,0.374,2,0,1
40.0,32507.0,10.7,704.0,8920.0,0.392,0,0,0
31.0,76355.0,0.0,626.0,36522.0,0.218,2,0,0
38.0,54648.0,6.7,557.0,3523.0,0.344,2,0,0
31.0,24162.0,5.3,796.0,17510.0,0.502,0,0,0
26.0,57778.0,5.0,601.0,27942.0,0.314,0,0,1
34.0,25765.0,9.9,562.0,10801.0,0.295,2,0,1
26.0,75139.0,5.0,682.0,44120.0,0.256,2,0,0
42.0,49176.0,8.1,659.0,9845.0,0.14,1,0,0
25.0,126510.0,0.8,764.0,8379.0,0.19,0,1,0
46.0,89070.0,10.4,639.0,45552.0,0.211,4,0,1
25.0,34125.0,4.8,637.0,5801.0,0.136,1,1,0
32.0,22154.0,2.5,685.0,1311.0,0.146,3,0,0
31.0,39155.0,1.9,675.0,29237.0,0.055,1,0,0
53.0,31746.0,30.8,691.0,20359.0,0.222,0,0,0
42.0,125075.0,20.5,689.0,16967.0,0.368,0,0,0
36.0,54745.0,2.3,673.0,39541.0,0.268,0,0,1
43.0,83711.0,18.1,640.0,8428.0,0.269,1,0,0
21.0,48379.0,0.4,719.0,31555.0,0.377,0,0,0
38.0,50728.0,8.6,639.0,18305.0,0.469,1,0,1
60.0,54198.0,19.9,726.0,23773.0,0.527,0,1,0
39.0,90493.0,18.8,767.0,49884.0,0.314,0,1,0
39.0,63280.0,3.5,614.0,7851.0,0.272,4,0,0
44.0,34176.0,18.6,838.0,24977.0,0.259,0,0,0
48.0,114144.0,0.2,610.0,18004.0,0.359,1,0,0
21.0,48210.0,0.6,611.0,36456.0,0.284,1,0,1
21.0,44806.0,0.7,698.0,5315.0,0.285,1,0,0
40.0,15395.0,15.3,699.0,2756.0,0.291,1,0,0
30.0,73172.0,9.4,670.0,6817.0,0.206,0,1,0
52.0,57558.0,24.4,730.0,20050.0,0.067,0,0,0
35.0,57530.0,10.6,683.0,28371.0,0.233,0,0,0
21.0,45882.0,0.3,805.0,23804.0,0.446,0,0,0
24.0,42457.0,4.0,658.0,28505.0,0.441,0,0,0
21.0,46573.0,0.5,600.0,20785.0,0.394,2,0,1
35.0,67745.0,6.4,625.0,29306.0,0.251,1,0,0
36.0,73328.0,8.0,697.0,21603.0,0.221,2,1,0
33.0,49569.0,5.3,697.0,26685.0,0.462,1,0,1
50.0,84298.0,17.7,683.0,61655.0,0.192,2,0,0
51.0,53080.0,10.9,606.0,16798.0,0.304,1,1,0
36.0,43835.0,3.9,740.0,13907.0,0.469,3,1,0
21.0,60137.0,0.9,796.0,18492.0,0.312,1,0,0
45.0,29833.0,23.0,674.0,6580.0,0.271,2,0,0
44.0,61072.0,12.0,793.0,29011.0,0.416,1,0,0
41.0,27477.0,20.6,731.0,3550.0,0.307,0,1,0
49.0,34635.0,12.0,821.0,23416.0,0.32,0,1,0
25.0,22174.0,2.0,694.0,3400.0,0.451,1,0,0
60.0,50832.0,36.8,688.0,9173.0,0.046,1,1,0
27.0,113485.0,4.7,721.0,11511.0,0.336,1,0,0
46.0,52177.0,20.0,640.0,17532.0,0.223,0,0,0
21.0,73475.0,0.4,689.0,45425.0,0.279,0,0,0
28.0,158519.0,3.2,755.0,116126.0,0.311,0,1,0
55.0,65967.0,2.9,719.0,24785.0,0.232,1,0,0
35.0,38978.0,14.6,665.0,8823.0,0.323,2,1,0
47.0,41468.0,6.2,677.0,24642.0,0.339,2,0,0
41.0,55016.0,10.2,718.0,31145.0,0.32,0,1,0
37.0,41369.0,1.9,712.0,23218.0,0.311,0,0,0
53.0,42785.0,21.4,723.0,16368.0,0.288,0,0,0
35.0,85687.0,6.0,687.0,40613.0,0.29,0,0,0
21.0,87278.0,0.8,603.0,8420.0,0.308,1,0,1
29.0,26212.0,4.8,616.0,6226.0,0.206,2,0,1
44.0,38060.0,3.1,694.0,28362.0,0.427,0,0,0
42.0,44636.0,0.2,718.0,3630.0,0.291,0,0,0
21.0,72019.0,0.2,709.0,19892.0,0.26,0,0,0
30.0,91993.0,7.3,616.0,20237.0,0.34,2,0,0
32.0,185530.0,9.6,654.0,27399.0,0.289,0,0,0
34.0,44602.0,4.8,580.0,33151.0,0.424,3,0,1
23.0,45616.0,1.5,563.0,6588.0,0.389,6,0,0
31.0,71678.0,2.7,667.0,29892.0,0.309,1,0,0
30.0,40461.0,8.8,759.0,27499.0,0.394,2,0,1
46.0,51620.0,25.6,680.0,2731.0,0.324,0,0,0
47.0,45630.0,20.3,804.0,5996.0,0.185,1,0,0
36.0,16905.0,1.5,649.0,5180.0,0.389,1,0,1
34.0,58136.0,6.0,665.0,9339.0,0.11,1,0,0
40.0,50667.0,19.4,600.0,9474.0,0.02,5,0,0
29.0,97455.0,2.1,637.0,48081.0,0.37,0,0,0
25.0,55136.0,3.6,579.0,9813.0,0.344,2,0,0
28.0,31271.0,7.2,555.0,16547.0,0.338,2,0,0
31.0,48969.0,8.5,582.0,36073.0,0.439,3,0,1
25.0,21463.0,3.2,668.0,4766.0,0.298,1,1,0
40.0,31894.0,10.0,613.0,6673.0,0.262,3,1,1
46.0,73208.0,24.2,637.0,4286.0,0.38,2,0,0
21.0,49207.0,0.4,689.0,3002.0,0.229,0,1,0
38.0,83301.0,16.5,560.0,28945.0,0.276,3,0,0
36.0,22697.0,6.7,669.0,9460.0,0.325,1,0,0
42.0,49315.0,16.5,728.0,9227.0,0.333,1,0,0
38.0,44405.0,16.4,734.0,12977.0,0.267,2,0,1
22.0,84560.0,1.1,697.0,13127.0,0.251,2,1,0
24.0,74446.0,1.3,657.0,41759.0,0.188,1,1,0
38.0,73431.0,0.9,617.0,25312.0,0.221,3,0,0
49.0,110054.0,23.7,666.0,66115.0,0.482,0,1,0
21.0,46604.0,0.6,776.0,21565.0,0.273,0,1,0
42.0,100295.0,5.7,682.0,33396.0,0.319,1,0,0
51.0,34379.0,27.3,666.0,17869.0,0.151,2,0,0
36.0,33816.0,15.0,707.0,1873.0,0.556,0,0,1
44.0,77175.0,21.3,674.0,43818.0,0.214,1,0,0
30.0,27944.0,6.2,679.0,9174.0,0.182,1,0,0
37.0,71170.0,16.3,651.0,30972.0,0.294,0,0,0
21.0,57566.0,0.9,631.0,25476.0,0.211,1,0,0
21.0,89092.0,0.1,730.0,41767.0,0.336,0,1,0
48.0,53548.0,27.8,537.0,30886.0,0.149,2,0,1
27.0,56405.0,3.9,695.0,7501.0,0.414,0,0,0
33.0,69166.0,12.0,633.0,28824.0,0.394,4,0,1
23.0,40819.0,2.1,528.0,4587.0,0.288,3,0,0
22.0,40026.0,1.6,593.0,9031.0,0.134,0,1,0
36.0,68090.0,5.3,660.0,13070.0,0.219,1,0,0
30.0,54280.0,0.3,667.0,27087.0,0.306,2,0,1
42.0,45789.0,6.1,715.0,23104.0,0.179,0,1,0
43.0,52989.0,15.8,724.0,35671.0,0.195,0,1,0
42.0,112718.0,18.6,561.0,49751.0,0.405,3,1,1
41.0,45059.0,0.0,686.0,27419.0,0.315,0,0,0
55.0,44475.0,7.4,715.0,31880.0,0.312,1,0,1
26.0,25508.0,4.2,677.0,3830.0,0.353,1,0,0
37.0,53962.0,4.9,698.0,31877.0,0.284,1,0,0
50.0,73916.0,4.3,527.0,21876.0,0.294,3,0,1
52.0,80128.0,2.6,592.0,20717.0,0.346,2,0,0
22.0,57745.0,1.5,756.0,44593.0,0.381,0,1,0
35.0,84560.0,8.7,645.0,17321.0,0.35,3,0,1
53.0,76431.0,28.3,830.0,56247.0,0.446,0,1,0
44.0,90755.0,7.4,574.0,60605.0,0.302,5,0,1
40.0,85650.0,2.8,771.0,60724.0,0.165,0,0,0
36.0,111478.0,12.5,623.0,54567.0,0.409,1,0,1
34.0,50956.0,13.6,727.0,24894.0,0.275,0,0,0
41.0,30270.0,7.6,643.0,10653.0,0.223,2,0,0
35.0,74144.0,13.2,675.0,26001.0,0.371,1,0,0
38.0,78146.0,13.4,708.0,53765.0,0.337,0,0,0
39.0,111478.0,17.2,626.0,37994.0,0.172,1,0,0
31.0,97897.0,4.5,718.0,40629.0,0.367,0,0,1
44.0,131999.0,2.4,643.0,105242.0,0.487,1,0,1
70.0,72695.0,5.9,675.0,22952.0,0.332,0,1,0
21.0,60965.0,0.8,475.0,40660.0,0.274,4,0,1
42.0,29491.0,18.6,646.0,7606.0,0.133,0,1,0
30.0,63179.0,4.4,751.0,4347.0,0.505,0,0,0
44.0,42893.0,1.5,709.0,21235.0,0.248,0,0,0
39.0,60492.0,1.2,723.0,24772.0,0.159,0,1,0
46.0,56366.0,15.8,672.0,36074.0,0.311,3,0,0
51.0,68007.0,28.4,792.0,3612.0,0.401,1,0,0
40.0,52643.0,8.0,684.0,5418.0,0.424,0,0,0
50.0,83771.0,19.8,624.0,58201.0,0.233,0,0,1
21.0,16150.0,0.5,720.0,6632.0,0.29,0,0,0
55.0,59909.0,31.6,740.0,25748.0,0.3,0,0,0
42.0,94486.0,18.4,713.0,20676.0,0.398,0,1,0
50.0,127594.0,6.0,635.0,94986.0,0.359,1,0,1
25.0,76456.0,3.1,681.0,56258.0,0.327,1,0,0
29.0,117393.0,7.5,761.0,51362.0,0.391,0,0,0
40.0,59344.0,18.2,703.0,12662.0,0.164,0,0,0
38.0,55071.0,10.5,562.0,43346.0,0.342,5,0,1
41.0,69796.0,3.7,618.0,50207.0,0.322,2,0,1
50.0,54921.0,16.7,621.0,24223.0,0.295,2,0,0
21.0,38678.0,0.7,608.0,20105.0,0.275,2,0,1
49.0,43618.0,7.8,516.0,16564.0,0.313,3,1,0
38.0,33344.0,17.6,801.0,6820.0,0.243,0,0,0
36.0,69763.0,3.6,600.0,39143.0,0.573,1,1,1
22.0,55283.0,1.7,605.0,30508.0,0.436,2,0,1
44.0,46768.0,10.0,529.0,21537.0,0.409,0,0,1
21.0,42620.0,0.0,721.0,28165.0,0.247,0,0,1
45.0,69035.0,13.7,660.0,26846.0,0.204,2,0,0
22.0,78143.0,1.0,636.0,54363.0,0.279,0,1,0
39.0,33069.0,16.2,647.0,7036.0,0.311,1,0,0
37.0,30811.0,9.0,706.0,23766.0,0.155,0,0,0
51.0,84509.0,2.9,628.0,17224.0,0.348,1,0,0
36.0,29622.0,14.9,528.0,5038.0,0.408,4,0,1
30.0,70365.0,5.9,573.0,35362.0,0.076,4,0,0
32.0,113857.0,3.4,568.0,13641.0,0.21,1,0,0
52.0,113976.0,28.8,694.0,20054.0,0.423,0,0,0
44.0,76660.0,2.9,727.0,45749.0,0.337,1,0,1
34.0,75664.0,1.3,763.0,21270.0,0.213,1,0,0
35.0,151516.0,8.2,550.0,98499.0,0.374,4,0,1
21.0,19237.0,0.6,704.0,3206.0,0.241,1,1,0
42.0,44629.0,11.4,623.0,15128.0,0.276,5,0,1
21.0,80572.0,0.9,850.0,27372.0,0.186,1,0,0
46.0,47255.0,6.9,760.0,19389.0,0.302,0,0,0
39.0,96085.0,19.2,789.0,34379.0,0.402,2,1,0
64.0,54035.0,0.9,717.0,18377.0,0.252,0,0,0
26.0,58359.0,0.7,687.0,17293.0,0.365,0,1,0
37.0,48605.0,3.1,633.0,2983.0,0.295,0,0,0
58.0,43476.0,3.0,620.0,22279.0,0.408,2,0,0
51.0,42997.0,13.6,611.0,17419.0,0.254,1,1,0
30.0,62138.0,8.9,708.0,20503.0,0.456,2,0,1
40.0,38814.0,16.8,778.0,8095.0,0.368,0,1,0
38.0,84460.0,13.4,642.0,60688.0,0.324,1,0,1
41.0,73795.0,0.2,610.0,16856.0,0.328,1,1,0
30.0,90204.0,8.9,561.0,66813.0,0.254,2,0,1
37.0,33093.0,6.7,681.0,7047.0,0.247,2,0,0
21.0,25599.0,0.7,746.0,19931.0,0.326,0,0,0
39.0,54897.0,14.2,757.0,20031.0,0.18,1,0,0
43.0,202713.0,4.1,759.0,91127.0,0.24,0,0,0
35.0,97235.0,8.0,693.0,26653.0,0.206,0,0,0
21.0,42855.0,0.9,667.0,32330.0,0.357,1,0,1
49.0,66577.0,7.6,754.0,17438.0,0.359,2,0,0
42.0,76306.0,15.7,590.0,45605.0,0.427,2,0,0
30.0,29712.0,9.6,634.0,1942.0,0.267,0,0,0
35.0,101867.0,5.4,782.0,47779.0,0.219,0,0,0
21.0,51009.0,0.6,585.0,30920.0,0.153,3,0,1
27.0,52801.0,3.0,659.0,21287.0,0.327,0,0,1
32.0,55592.0,9.8,709.0,29602.0,0.44,0,0,1
52.0,92054.0,13.8,673.0,57630.0,0.293,0,0,0
31.0,39154.0,5.3,743.0,16647.0,0.303,2,0,0
45.0,25513.0,5.6,770.0,5449.0,0.299,1,0,0
32.0,63603.0,11.9,700.0,22107.0,0.325,0,0,0
41.0,21926.0,18.5,767.0,13114.0,0.4,0,0,0
36.0,48031.0,9.9,600.0,12167.0,0.492,0,0,1
48.0,93825.0,26.5,662.0,49167.0,0.35,2,0,1
32.0,71373.0,8.3,833.0,11507.0,0.356,1,0,0
21.0,87917.0,1.0,796.0,65737.0,0.276,0,0,1
23.0,72711.0,0.5,571.0,36518.0,0.289,0,0,0
32.0,162712.0,2.7,660.0,65281.0,0.288,2,1,0
24.0,42209.0,3.8,671.0,27800.0,0.263,0,0,0
43.0,65792.0,9.5,694.0,42625.0,0.313,0,0,0
33.0,45159.0,4.8,752.0,5554.0,0.362,1,0,0
64.0,84597.0,33.3,805.0,23712.0,0.306,1,0,0
21.0,53497.0,0.6,663.0,21074.0,0.272,0,1,0
40.0,119201.0,7.0,742.0,36405.0,0.313,0,0,0
26.0,43314.0,2.2,706.0,12473.0,0.204,0,0,0
33.0,103600.0,5.1,661.0,32545.0,0.38,0,1,0
40.0,71826.0,2.5,542.0,11243.0,0.259,3,0,1
21.0,54202.0,0.2,731.0,7565.0,0.185,1,0,0
41.0,70206.0,11.1,708.0,17217.0,0.346,0,0,0
59.0,61862.0,30.4,702.0,6345.0,0.351,0,1,0
33.0,64555.0,5.5,594.0,27931.0,0.214,2,1,0
41.0,50111.0,8.0,801.0,8261.0,0.362,0,0,0
49.0,40110.0,19.0,680.0,4038.0,0.363,0,1,0
36.0,47302.0,2.5,581.0,32064.0,0.497,0,0,1
32.0,25788.0,4.4,571.0,12653.0,0.276,1,0,0
21.0,80335.0,0.2,708.0,58144.0,0.295,0,0,1
45.0,31548.0,16.3,718.0,24845.0,0.239,1,0,0
37.0,49869.0,1.9,629.0,24692.0,0.349,0,0,0
27.0,73623.0,3.1,694.0,47633.0,0.3,0,0,0
39.0,80243.0,11.6,713.0,13614.0,0.399,0,0,1
32.0,24748.0,9.7,675.0,14200.0,0.257,0,0,1
32.0,52773.0,8.8,615.0,24390.0,0.347,1,1,1
45.0,67641.0,23.3,739.0,37696.0,0.276,0,1,0
23.0,56303.0,2.2,720.0,7237.0,0.116,0,0,0
50.0,100702.0,10.3,705.0,75714.0,0.363,0,1,0
23.0,37997.0,0.6,602.0,13797.0,0.125,1,0,0
31.0,21873.0,0.6,567.0,13821.0,0.284,4,0,1
59.0,79200.0,10.9,671.0,62803.0,0.286,1,0,0
50.0,43192.0,4.2,727.0,30449.0,0.299,2,0,0
39.0,24928.0,7.0,736.0,7074.0,0.305,0,0,0
28.0,51213.0,5.4,704.0,18001.0,0.304,0,0,0
32.0,95687.0,8.4,633.0,51335.0,0.336,2,0,0
39.0,31152.0,6.0,607.0,14128.0,0.289,1,1,0
38.0,157359.0,9.4,664.0,56291.0,0.562,1,1,1
37.0,37724.0,3.7,661.0,20372.0,0.266,1,0,0
38.0,57196.0,8.9,742.0,41876.0,0.178,1,0,0
36.0,31776.0,8.0,630.0,8965.0,0.159,4,0,0
22.0,56040.0,0.6,633.0,8196.0,0.366,3,0,0
32.0,51787.0,3.2,805.0,28836.0,0.141,1,0,0
48.0,28136.0,27.5,782.0,13849.0,0.179,0,0,0
23.0,196165.0,1.6,599.0,143042.0,0.165,3,0,1
36.0,44011.0,8.9,767.0,26714.0,0.346,1,0,0
29.0,44028.0,0.1,582.0,15314.0,0.433,3,1,0
39.0,85064.0,3.5,631.0,44658.0,0.206,0,0,0
34.0,124431.0,4.9,640.0,86700.0,0.342,1,0,1
54.0,91307.0,33.1,671.0,28360.0,0.036,2,1,0
44.0,32034.0,4.1,705.0,1934.0,0.226,1,0,0
24.0,60557.0,1.1,668.0,31475.0,0.36,0,0,0
45.0,23587.0,25.1,716.0,1638.0,0.269,0,1,0
29.0,82525.0,4.6,634.0,62150.0,0.399,1,0,1
32.0,26351.0,3.7,688.0,4642.0,0.077,0,0,0
41.0,38317.0,13.6,672.0,12671.0,0.227,0,0,0
33.0,54921.0,6.2,566.0,41724.0,0.345,2,1,0
48.0,67194.0,26.6,707.0,7388.0,0.344,1,0,0
29.0,48907.0,0.8,667.0,2605.0,0.352,1,1,0
31.0,108953.0,8.8,614.0,13916.0,0.321,2,0,0
31.0,76157.0,3.0,632.0,60128.0,0.186,1,0,0
32.0,73513.0,9.5,637.0,57252.0,0.222,2,0,1
50.0,31630.0,25.5,656.0,10705.0,0.532,1,0,1
45.0,118161.0,21.2,794.0,71743.0,0.174,1,0,0
57.0,38319.0,31.9,822.0,23066.0,0.158,0,0,0
63.0,120208.0,30.8,485.0,15009.0,0.368,2,0,1
27.0,136636.0,0.9,695.0,30926.0,0.194,0,1,0
39.0,69271.0,1.0,727.0,49649.0,0.479,1,0,0
25.0,87509.0,1.7,646.0,15250.0,0.573,0,0,0
29.0,15000.0,4.7,727.0,6610.0,0.276,2,0,0
31.0,50379.0,3.3,777.0,11744.0,0.331,1,0,0
26.0,90315.0,4.7,566.0,42287.0,0.118,1,0,0
26.0,83376.0,4.6,672.0,16458.0,0.403,1,1,0
36.0,31768.0,16.0,805.0,6729.0,0.076,2,0,0
25.0,48190.0,1.8,574.0,4101.0,0.166,1,0,1
47.0,17566.0,21.4,663.0,13923.0,0.312,0,0,0
28.0,66233.0,5.9,632.0,8930.0,0.355,0,0,0
69.0,23567.0,40.0,754.0,8524.0,0.152,0,0,0
33.0,91473.0,10.1,748.0,33220.0,0.246,1,0,0
39.0,93650.0,5.3,674.0,26008.0,0.134,1,0,1
24.0,44428.0,0.1,662.0,28678.0,0.268,0,0,0
57.0,69540.0,35.6,557.0,21089.0,0.22,3,1,0
50.0,49881.0,21.7,770.0,25893.0,0.236,0,0,0
41.0,61325.0,17.3,644.0,28041.0,0.365,1,0,0
23.0,32821.0,2.5,651.0,22910.0,0.328,2,1,1
40.0,72781.0,14.9,735.0,48371.0,0.356,1,1,0
26.0,26280.0,4.3,676.0,5610.0,0.287,0,0,0
54.0,24140.0,31.7,746.0,14788.0,0.372,1,0,0
47.0,52064.0,24.6,715.0,33551.0,0.296,0,0,0
39.0,50013.0,7.2,678.0,36979.0,0.251,0,0,0
21.0,62170.0,0.0,682.0,48021.0,0.357,1,0,0
27.0,41061.0,0.3,582.0,24748.0,0.258,3,0,1
46.0,128496.0,11.4,655.0,49785.0,0.267,2,0,0
51.0,59122.0,26.2,749.0,15947.0,0.407,1,0,0
50.0,61077.0,25.6,610.0,42662.0,0.397,0,0,1
21.0,60105.0,0.4,610.0,44277.0,0.27,2,0,1
41.0,86370.0,6.4,602.0,10638.0,0.387,4,0,0
49.0,71275.0,14.8,678.0,33196.0,0.172,1,1,1
21.0,67104.0,0.8,759.0,9857.0,0.271,0,0,0
38.0,76595.0,11.4,704.0,18282.0,0.225,1,0,0
41.0,24198.0,2.9,509.0,8164.0,0.3,2,0,0
35.0,24612.0,5.3,708.0,6975.0,0.373,1,0,0
21.0,53149.0,0.6,629.0,31199.0,0.356,2,0,1
34.0,50319.0,7.8,700.0,5496.0,0.342,0,0,0
34.0,71396.0,12.0,656.0,36436.0,0.314,2,0,1
36.0,55498.0,15.3,607.0,26975.0,0.284,0,0,0
32.0,71462.0,1.2,656.0,45764.0,0.42,0,0,1
33.0,31400.0,2.9,631.0,3847.0,0.145,1,0,0
38.0,54735.0,6.9,685.0,16390.0,0.233,0,0,1
43.0,30080.0,6.8,601.0,17231.0,0.341,0,0,1
35.0,65459.0,6.0,584.0,38213.0,0.453,1,0,1
33.0,23620.0,0.5,712.0,9146.0,0.265,1,0,1
39.0,64333.0,1.3,738.0,25497.0,0.274,0,0,0
21.0,28397.0,0.8,701.0,21971.0,0.171,0,0,0
43.0,46282.0,2.4,616.0,13638.0,0.246,3,0,0
38.0,82274.0,14.8,616.0,13377.0,0.371,0,0,1
38.0,60926.0,5.7,615.0,46586.0,0.458,3,0,1
49.0,26227.0,8.8,727.0,17236.0,0.271,1,0,0
21.0,40640.0,0.1,602.0,9258.0,0.22,2,0,0
21.0,27986.0,0.0,722.0,19393.0,0.307,1,0,1
41.0,25654.0,7.5,708.0,6137.0,0.139,0,0,0
38.0,57991.0,15.0,754.0,38888.0,0.424,0,0,0
40.0,70772.0,18.3,744.0,36902.0,0.177,3,0,0
33.0,67061.0,0.8,698.0,27625.0,0.331,1,1,0
45.0,72133.0,0.8,558.0,53815.0,0.33,3,1,1
48.0,54706.0,4.5,705.0,35943.0,0.363,0,1,0
43.0,48633.0,17.9,677.0,7171.0,0.326,1,0,0
35.0,33935.0,3.1,635.0,19654.0,0.3,2,0,0
21.0,45119.0,0.2,755.0,28972.0,0.343,0,0,0
46.0,30348.0,23.5,661.0,13834.0,0.383,0,0,0
51.0,37600.0,27.5,637.0,9665.0,0.48,0,0,0
45.0,57246.0,16.8,747.0,12929.0,0.19,1,1,0
28.0,52160.0,1.4,632.0,40717.0,0.116,1,1,0
45.0,218429.0,9.7,624.0,82478.0,0.145,4,0,0
47.0,30016.0,6.5,584.0,13181.0,0.119,1,0,0
55.0,51989.0,23.6,614.0,25923.0,0.18,1,0,0
28.0,28981.0,6.5,612.0,3636.0,0.167,1,0,0
36.0,46193.0,2.2,705.0,5126.0,0.258,0,0,1
46.0,47047.0,23.5,600.0,9344.0,0.386,1,1,0
39.0,80441.0,8.6,534.0,7963.0,0.363,2,0,0
26.0,44924.0,4.5,683.0,32519.0,0.238,2,0,0
43.0,50463.0,1.2,616.0,8125.0,0.246,1,0,0
44.0,45317.0,8.8,663.0,9967.0,0.501,2,0,0
39.0,29279.0,0.3,750.0,13263.0,0.359,0,0,0
40.0,41013.0,14.7,672.0,29618.0,0.317,1,1,0
35.0,46315.0,1.2,766.0,4019.0,0.312,0,0,0
54.0,56858.0,11.6,661.0,12053.0,0.271,3,0,0
28.0,70729.0,6.3,734.0,41590.0,0.5,1,0,0
32.0,49490.0,8.6,626.0,21745.0,0.281,0,0,0
38.0,49100.0,11.6,673.0,24348.0,0.315,1,0,1
48.0,25355.0,19.2,604.0,1590.0,0.135,3,0,0
22.0,70120.0,1.0,604.0,49092.0,0.236,1,0,1
24.0,40213.0,2.3,645.0,19465.0,0.245,2,0,0
21.0,76979.0,0.3,567.0,52021.0,0.349,1,0,0
38.0,99458.0,0.5,671.0,76862.0,0.222,1,0,0
26.0,50540.0,2.5,640.0,30280.0,0.305,3,0,1
34.0,34704.0,0.6,677.0,2542.0,0.239,0,0,0
45.0,54588.0,11.9,574.0,31860.0,0.19,1,0,0
31.0,64344.0,5.1,712.0,30409.0,0.186,0,0,0
41.0,47720.0,3.7,781.0,6092.0,0.283,0,0,0
35.0,42671.0,11.5,770.0,10788.0,0.31,3,0,0
45.0,70875.0,17.9,802.0,12519.0,0.281,0,0,1
43.0,68803.0,13.0,669.0,51164.0,0.217,0,0,0
30.0,47064.0,9.6,640.0,30425.0,0.286,2,0,1
36.0,26128.0,4.6,696.0,15040.0,0.268,0,0,0
49.0,67539.0,7.7,647.0,42042.0,0.196,0,1,1
42.0,38941.0,4.1,540.0,19507.0,0.308,1,1,1
23.0,60569.0,1.4,718.0,41881.0,0.481,0,0,0
45.0,58871.0,5.2,646.0,13037.0,0.285,1,0,0
26.0,23507.0,5.3,560.0,5592.0,0.154,3,0,0
54.0,57044.0,10.2,630.0,28169.0,0.447,1,1,0
49.0,69330.0,14.4,652.0,45591.0,0.426,2,1,1
41.0,73263.0,11.2,666.0,49587.0,0.443,0,0,1
40.0,57983.0,6.1,665.0,45354.0,0.296,2,0,0
36.0,22592.0,11.6,762.0,14046.0,0.222,0,0,0
45.0,97712.0,17.6,579.0,21942.0,0.211,2,0,0
34.0,66174.0,10.6,655.0,14756.0,0.414,0,1,0
41.0,32003.0,12.5,605.0,12295.0,0.461,0,1,0
48.0,38584.0,12.7,754.0,20743.0,0.208,0,0,0
32.0,61031.0,5.3,623.0,26533.0,0.048,2,0,0
31.0,74682.0,8.0,640.0,7513.0,0.298,1,1,0
25.0,44157.0,1.8,734.0,18167.0,0.21,0,0,0
26.0,79744.0,2.8,754.0,52856.0,0.229,2,0,0
21.0,24547.0,0.2,763.0,5652.0,0.276,2,0,0
46.0,34406.0,17.7,554.0,18107.0,0.341,5,0,1
58.0,21723.0,2.9,695.0,5480.0,0.222,1,0,0
54.0,36727.0,33.4,696.0,17142.0,0.314,1,1,0
21.0,108415.0,0.1,656.0,62418.0,0.287,1,1,0
46.0,138843.0,9.9,670.0,28521.0,0.069,1,0,0
54.0,61124.0,8.0,754.0,36959.0,0.354,0,0,0
33.0,41266.0,3.8,735.0,23001.0,0.255,0,0,0
39.0,49779.0,6.2,726.0,14166.0,0.174,2,0,0
21.0,68056.0,0.7,675.0,49084.0,0.227,1,0,0
41.0,27221.0,3.7,821.0,17296.0,0.32,2,0,0
26.0,42509.0,1.7,633.0,18740.0,0.305,1,0,0
40.0,104903.0,2.0,548.0,11751.0,0.364,2,0,0
21.0,34356.0,0.3,642.0,13071.0,0.344,2,0,0
44.0,39263.0,22.6,675.0,11676.0,0.183,0,0,0
49.0,55328.0,11.1,757.0,13657.0,0.02,0,1,0
29.0,62474.0,7.3,628.0,33279.0,0.312,0,1,0
25.0,41516.0,2.5,696.0,30776.0,0.363,2,0,1
21.0,56938.0,0.4,557.0,9105.0,0.28,2,1,0
35.0,72306.0,12.4,742.0,43834.0,0.366,1,0,0
32.0,132952.0,0.3,665.0,68641.0,0.2,0,0,0
21.0,51963.0,0.9,641.0,28594.0,0.265,0,0,0
43.0,53987.0,11.2,815.0,36921.0,0.208,0,0,0
33.0,109365.0,4.6,737.0,36264.0,0.37,0,1,0
26.0,42957.0,5.6,590.0,20820.0,0.209,1,0,0
32.0,30307.0,4.0,654.0,7808.0,0.506,2,0,0
50.0,61556.0,29.1,850.0,16199.0,0.25,0,0,0
45.0,89265.0,23.1,810.0,38827.0,0.38,0,0,0
37.0,64703.0,4.4,727.0,3589.0,0.251,1,0,0
45.0,52651.0,8.5,535.0,12430.0,0.434,4,0,0
25.0,28662.0,4.2,755.0,4693.0,0.43,1,0,0
38.0,53574.0,3.6,617.0,7495.0,0.268,0,0,0
40.0,95799.0,14.4,760.0,32425.0,0.327,0,0,0
33.0,31563.0,1.7,610.0,4049.0,0.427,2,0,0
43.0,49264.0,4.7,697.0,8164.0,0.33,0,0,0
29.0,46199.0,4.7,618.0,25481.0,0.208,2,0,0
44.0,40180.0,17.6,643.0,21637.0,0.307,1,0,1
44.0,61491.0,17.8,712.0,46657.0,0.225,1,0,1
21.0,67143.0,0.6,568.0,49699.0,0.315,1,1,1
51.0,66827.0,8.5,830.0,47143.0,0.221,0,0,0
21.0,35437.0,0.4,588.0,20136.0,0.337,2,0,0
31.0,26223.0,2.8,586.0,6554.0,0.121,2,0,0
49.0,61893.0,8.1,708.0,11365.0,0.188,0,0,0
35.0,43802.0,4.7,753.0,33380.0,0.221,0,0,0
22.0,125785.0,1.1,638.0,96819.0,0.284,1,0,0
26.0,128427.0,1.2,586.0,55009.0,0.149,3,0,0
49.0,134713.0,1.2,596.0,62144.0,0.212,2,0,1
21.0,36028.0,0.7,588.0,1947.0,0.378,0,0,0
50.0,71062.0,0.7,682.0,11472.0,0.39,1,0,0
37.0,81391.0,16.9,664.0,37399.0,0.047,1,0,0
25.0,77369.0,1.7,691.0,14417.0,0.241,1,1,0
32.0,46892.0,0.1,686.0,19181.0,0.427,1,0,1
27.0,97803.0,6.0,721.0,63199.0,0.339,0,0,0
48.0,55012.0,16.5,640.0,35790.0,0.341,2,0,1
46.0,58264.0,21.3,619.0,40566.0,0.356,1,0,0
21.0,27531.0,0.4,671.0,6244.0,0.204,2,0,0
34.0,73514.0,4.8,659.0,27489.0,0.321,0,0,0
29.0,48918.0,5.6,680.0,25444.0,0.347,1,0,0
52.0,67795.0,13.1,617.0,32936.0,0.311,0,1,0
23.0,61138.0,1.8,706.0,48868.0,0.261,0,1,0
56.0,59666.0,9.9,582.0,15347.0,0.295,0,1,0
38.0,53880.0,5.9,632.0,5577.0,0.186,3,0,0
25.0,78359.0,0.4,739.0,26712.0,0.361,2,0,1
31.0,50291.0,8.2,585.0,22053.0,0.156,0,0,0
29.0,28574.0,3.2,735.0,9727.0,0.218,0,0,0
24.0,71049.0,3.9,563.0,20570.0,0.368,3,0,0
39.0,38217.0,4.9,552.0,9285.0,0.329,0,0,0
24.0,30308.0,2.1,556.0,11233.0,0.252,4,0,1
21.0,34720.0,0.3,668.0,19683.0,0.129,1,0,0
34.0,62479.0,9.6,716.0,10100.0,0.295,0,1,0
21.0,52662.0,0.8,751.0,36819.0,0.237,1,0,0
30.0,21065.0,4.7,747.0,11182.0,0.348,1,0,0
28.0,46279.0,2.9,722.0,6041.0,0.248,1,0,0
28.0,93083.0,6.3,605.0,6296.0,0.125,1,0,0
60.0,44892.0,7.7,605.0,3974.0,0.162,0,0,0
39.0,51053.0,11.2,721.0,6013.0,0.257,3,0,1
41.0,87942.0,15.2,767.0,46843.0,0.311,2,0,0
21.0,78673.0,0.3,588.0,59449.0,0.184,4,0,1
31.0,87106.0,7.1,754.0,13064.0,0.224,0,0,0
40.0,15795.0,15.0,533.0,4158.0,0.379,1,0,0
27.0,119991.0,0.8,688.0,83920.0,0.411,1,0,0
48.0,73238.0,9.1,657.0,31438.0,0.328,2,1,0
25.0,166500.0,1.9,647.0,61663.0,0.271,2,0,1
35.0,38679.0,11.5,668.0,15662.0,0.238,1,0,0
32.0,24873.0,6.6,604.0,3130.0,0.354,0,1,0
40.0,55179.0,8.9,696.0,11846.0,0.268,2,0,0
31.0,48590.0,3.5,666.0,37488.0,0.392,0,0,0
35.0,73809.0,0.1,726.0,39308.0,0.397,1,1,1
35.0,89215.0,0.3,771.0,23616.0,0.341,1,0,0
30.0,52881.0,2.4,670.0,40202.0,0.25,0,1,0
43.0,49354.0,2.7,604.0,17181.0,0.258,3,0,0
41.0,69586.0,2.5,582.0,10831.0,0.136,2,0,0
37.0,49008.0,10.3,784.0,37932.0,0.295,1,0,0
33.0,47198.0,8.0,774.0,25933.0,0.292,1,0,0
47.0,87711.0,1.2,723.0,53908.0,0.162,1,0,0
35.0,96954.0,9.2,669.0,6485.0,0.536,1,0,0
35.0,89579.0,2.1,718.0,23502.0,0.356,0,0,0
39.0,50990.0,7.2,755.0,38705.0,0.216,0,0,0
57.0,20998.0,36.3,635.0,3499.0,0.505,3,1,0
23.0,51452.0,1.7,663.0,36279.0,0.25,0,0,0
46.0,39105.0,0.9,583.0,24552.0,0.383,1,1,0
21.0,51881.0,0.3,651.0,17323.0,0.309,0,0,0
40.0,40664.0,13.7,775.0,29076.0,0.254,0,0,0
55.0,54489.0,7.9,739.0,40433.0,0.266,0,0,0
43.0,34455.0,22.5,681.0,24124.0,0.444,0,1,0
40.0,30908.0,8.5,476.0,10991.0,0.388,4,0,1
32.0,95349.0,0.2,614.0,46755.0,0.288,1,0,0
38.0,35552.0,9.9,672.0,9940.0,0.095,0,1,0
35.0,55008.0,10.3,650.0,8112.0,0.33,1,0,0
29.0,84510.0,4.3,664.0,61403.0,0.175,3,0,0
35.0,82994.0,13.7,684.0,65222.0,0.354,1,0,1
40.0,78651.0,18.2,632.0,7388.0,0.229,1,0,0
30.0,63031.0,1.3,660.0,35663.0,0.239,1,0,1
29.0,76183.0,0.7,650.0,58046.0,0.236,0,0,0
23.0,102026.0,0.9,611.0,51619.0,0.402,0,0,1
42.0,66593.0,13.6,796.0,5682.0,0.123,1,0,0
44.0,24061.0,14.4,634.0,1472.0,0.374,2,0,0
41.0,43358.0,5.6,505.0,18561.0,0.334,4,0,1
49.0,75241.0,27.2,798.0,56804.0,0.293,0,1,0
39.0,41477.0,5.8,604.0,10749.0,0.255,2,0,1
42.0,114021.0,17.9,732.0,35659.0,0.349,0,0,0
41.0,53458.0,17.8,621.0,34587.0,0.256,0,0,0
37.0,57151.0,1.7,701.0,37219.0,0.255,1,0,1
32.0,91238.0,2.8,658.0,69133.0,0.306,2,0,1
62.0,50656.0,9.1,735.0,34395.0,0.472,1,0,0
33.0,59541.0,12.0,651.0,29499.0,0.149,0,1,0
31.0,82429.0,3.7,616.0,62157.0,0.35,2,0,1
43.0,28355.0,19.0,688.0,14484.0,0.286,0,0,0
41.0,48373.0,9.9,638.0,24244.0,0.278,3,0,1
23.0,79874.0,1.2,526.0,4922.0,0.147,3,1,0
50.0,56648.0,27.4,632.0,22183.0,0.124,0,0,0
37.0,106446.0,7.5,850.0,8751.0,0.334,1,0,0
26.0,27063.0,4.3,535.0,19596.0,0.173,0,1,0
51.0,25709.0,13.2,683.0,1487.0,0.402,0,0,0
45.0,77765.0,2.5,644.0,21794.0,0.198,3,0,1
24.0,81203.0,0.2,789.0,64662.0,0.355,1,0,0
58.0,50419.0,7.8,586.0,32586.0,0.242,2,0,1
45.0,65859.0,18.2,676.0,40717.0,0.238,1,0,0
38.0,76913.0,6.7,711.0,44968.0,0.209,1,0,0
55.0,38134.0,16.1,656.0,3372.0,0.344,1,0,0
40.0,40015.0,2.0,607.0,10650.0,0.372,5,1,0
38.0,59902.0,11.0,664.0,38867.0,0.268,0,0,0
31.0,82614.0,8.6,643.0,59619.0,0.359,2,0,0
44.0,32546.0,15.2,646.0,10172.0,0.301,0,0,0
43.0,50313.0,22.9,737.0,12305.0,0.167,1,0,0
38.0,49275.0,0.3,688.0,11182.0,0.338,0,0,0
29.0,66381.0,0.1,699.0,30605.0,0.27,1,0,1
39.0,54785.0,9.7,688.0,14716.0,0.039,0,0,0
37.0,43021.0,4.6,729.0,2839.0,0.261,1,0,0
23.0,96466.0,2.3,752.0,33094.0,0.131,0,0,0
22.0,43149.0,1.4,641.0,20077.0,0.177,3,0,0
44.0,48226.0,2.5,719.0,25351.0,0.275,0,1,0
21.0,26874.0,0.9,570.0,8256.0,0.292,1,0,0
40.0,39893.0,0.6,503.0,11386.0,0.216,0,0,1
33.0,69378.0,8.8,792.0,18240.0,0.353,0,0,0
52.0,63536.0,12.5,643.0,32879.0,0.289,0,0,1
33.0,72032.0,8.4,682.0,18924.0,0.258,1,1,0
45.0,70476.0,2.5,575.0,51986.0,0.304,1,0,0
34.0,140725.0,12.8,577.0,36766.0,0.421,2,0,1
39.0,39283.0,18.0,619.0,25267.0,0.085,1,0,0
46.0,26538.0,13.6,712.0,7691.0,0.43,1,0,0
33.0,34281.0,6.6,627.0,18034.0,0.238,3,1,1
49.0,40072.0,18.4,646.0,23012.0,0.222,1,0,1
27.0,35477.0,4.1,610.0,6414.0,0.26,1,0,0
41.0,57368.0,11.5,747.0,19217.0,0.211,0,0,0
48.0,96643.0,16.6,729.0,14080.0,0.196,0,0,0
45.0,109967.0,21.7,637.0,47615.0,0.385,0,0,0
59.0,69011.0,23.9,720.0,50521.0,0.316,1,0,0
30.0,144157.0,1.9,644.0,71672.0,0.108,0,0,0
23.0,46851.0,2.6,638.0,26997.0,0.367,2,0,1
27.0,26382.0,1.5,657.0,6920.0,0.353,1,1,0
45.0,88346.0,4.2,707.0,35442.0,0.152,2,0,0
43.0,24046.0,23.4,609.0,14562.0,0.318,1,0,0
39.0,39157.0,4.1,697.0,5814.0,0.362,0,0,0
26.0,69504.0,0.6,835.0,9820.0,0.14,0,1,0
46.0,52524.0,14.9,680.0,11467.0,0.329,2,0,0
25.0,50471.0,3.7,664.0,11487.0,0.232,2,0,0
51.0,32329.0,1.9,655.0,24952.0,0.354,2,0,1
69.0,54733.0,24.2,706.0,9248.0,0.207,0,0,0
42.0,86399.0,1.5,548.0,11134.0,0.404,3,0,1
44.0,55496.0,10.5,784.0,8505.0,0.276,1,0,0
33.0,37854.0,4.3,731.0,7653.0,0.239,1,0,0
21.0,31373.0,0.1,615.0,10244.0,0.228,0,1,0
31.0,38207.0,10.6,668.0,7560.0,0.387,1,0,0
26.0,65620.0,3.8,623.0,7602.0,0.228,1,0,0
22.0,64197.0,1.8,682.0,9788.0,0.406,1,0,0
57.0,38363.0,33.5,681.0,24639.0,0.321,2,0,0
41.0,20338.0,19.5,686.0,8950.0,0.161,0,0,0
42.0,66443.0,16.6,596.0,40491.0,0.303,1,0,0
35.0,36722.0,4.5,629.0,6703.0,0.305,1,0,1
36.0,74994.0,13.3,747.0,20914.0,0.158,0,0,0
49.0,39138.0,14.9,630.0,30791.0,0.301,3,0,1
38.0,35261.0,4.8,477.0,4029.0,0.354,4,0,1
44.0,58925.0,9.2,654.0,22333.0,0.413,1,0,0
36.0,158904.0,4.8,831.0,43194.0,0.408,0,1,0
34.0,77046.0,6.6,723.0,4276.0,0.539,0,0,0
23.0,58477.0,2.0,620.0,27153.0,0.3,1,1,0
21.0,64639.0,0.5,657.0,29896.0,0.355,0,0,0
35.0,25011.0,4.1,710.0,7262.0,0.239,0,1,0
39.0,33191.0,1.6,538.0,13416.0,0.488,3,0,1
24.0,17768.0,3.3,602.0,6112.0,0.211,0,0,1
38.0,119794.0,7.4,692.0,47697.0,0.484,1,0,0
39.0,109361.0,8.2,776.0,75026.0,0.471,1,0,0
21.0,65635.0,0.8,630.0,38428.0,0.222,1,1,0
28.0,58448.0,6.7,773.0,15207.0,0.404,1,0,0
42.0,27361.0,11.5,613.0,6284.0,0.346,3,0,0
42.0,49832.0,14.1,430.0,29596.0,0.259,3,1,1
25.0,123212.0,1.3,713.0,26908.0,0.286,0,0,0
40.0,58351.0,18.5,707.0,42636.0,0.327,0,0,0
49.0,42659.0,16.6,720.0,28778.0,0.336,0,0,0
47.0,24933.0,19.1,718.0,5969.0,0.449,0,1,0
37.0,102357.0,1.9,674.0,66647.0,0.357,0,0,0
33.0,53292.0,8.2,646.0,10313.0,0.223,0,0,0
31.0,24948.0,4.1,647.0,1713.0,0.374,2,1,0
43.0,36285.0,10.4,633.0,27970.0,0.125,1,0,0
40.0,30952.0,13.7,639.0,19222.0,0.261,2,0,0
45.0,51834.0,19.8,543.0,21603.0,0.271,0,0,0
39.0,60379.0,6.8,578.0,41203.0,0.366,4,0,1
47.0,43855.0,23.6,660.0,4687.0,0.477,1,1,0
39.0,78023.0,4.2,505.0,47185.0,0.322,0,0,1
47.0,56985.0,15.0,527.0,43722.0,0.264,2,0,1
48.0,88710.0,4.2,639.0,58898.0,0.23,0,0,0
29.0,46833.0,2.6,652.0,17504.0,0.384,3,0,1
21.0,216530.0,0.9,639.0,67067.0,0.281,3,1,0
55.0,42662.0,0.4,494.0,30687.0,0.25,4,0,0
41.0,36629.0,19.1,778.0,9840.0,0.395,1,1,0
21.0,34657.0,0.3,560.0,26100.0,0.417,1,0,1
30.0,50019.0,7.1,606.0,14500.0,0.204,4,0,1
46.0,25369.0,2.4,573.0,3647.0,0.15,2,0,0
35.0,62796.0,9.6,756.0,14249.0,0.29,0,0,0
32.0,23335.0,11.2,695.0,10258.0,0.186,0,0,0
53.0,59151.0,18.5,636.0,8774.0,0.172,2,0,0
26.0,29942.0,2.3,623.0,10030.0,0.196,4,0,1
29.0,46328.0,7.3,676.0,33791.0,0.405,0,0,0
40.0,72195.0,14.5,580.0,8693.0,0.365,1,0,0
42.0,155112.0,2.6,688.0,79248.0,0.546,2,0,1
43.0,33860.0,15.6,629.0,11947.0,0.236,1,0,0
48.0,51403.0,18.6,706.0,27531.0,0.433,0,1,0
40.0,39712.0,15.2,702.0,16568.0,0.349,0,0,0
43.0,37184.0,7.4,622.0,26309.0,0.244,3,0,0
35.0,39869.0,6.1,519.0,14029.0,0.285,2,0,1
39.0,79692.0,17.9,652.0,34373.0,0.244,1,0,0
39.0,44155.0,11.0,564.0,6517.0,0.326,1,1,0
40.0,151339.0,10.4,671.0,63219.0,0.399,1,0,0
46.0,66322.0,26.1,655.0,9023.0,0.263,3,0,0
44.0,34912.0,5.5,622.0,17014.0,0.385,4,0,1
38.0,46633.0,7.4,573.0,17280.0,0.427,2,0,1
29.0,38340.0,6.9,747.0,24443.0,0.449,0,0,0
39.0,78836.0,13.4,635.0,28685.0,0.183,1,0,0
38.0,26308.0,17.1,833.0,13758.0,0.295,1,0,0
40.0,30081.0,13.2,669.0,2835.0,0.371,0,0,0
62.0,42146.0,13.2,691.0,24551.0,0.191,1,1,0
32.0,74788.0,4.9,665.0,57443.0,0.169,2,0,1
43.0,95795.0,2.0,685.0,36961.0,0.297,0,0,0
50.0,102368.0,27.5,750.0,5875.0,0.259,1,0,0
39.0,69808.0,2.5,739.0,35095.0,0.283,0,0,0
64.0,52986.0,23.9,548.0,8419.0,0.253,2,1,0
34.0,78643.0,5.6,723.0,31534.0,0.516,0,0,1
42.0,32862.0,2.9,696.0,2443.0,0.254,1,0,0
29.0,23980.0,2.7,664.0,9163.0,0.359,0,0,0
34.0,66942.0,9.0,784.0,47252.0,0.352,1,0,0
41.0,34980.0,0.6,783.0,5301.0,0.131,1,0,0
47.0,53407.0,26.4,737.0,22631.0,0.447,0,0,0
42.0,58042.0,19.6,632.0,13954.0,0.363,2,0,0
52.0,61497.0,2.7,578.0,15114.0,0.316,1,0,0
37.0,83876.0,14.7,720.0,44662.0,0.406,1,0,0
34.0,79979.0,4.7,758.0,48884.0,0.295,1,0,0
68.0,60044.0,3.2,520.0,42329.0,0.388,4,0,0
42.0,45079.0,6.8,739.0,11661.0,0.112,1,0,0
30.0,57733.0,8.2,646.0,5951.0,0.382,0,0,0
30.0,42058.0,6.9,537.0,16054.0,0.318,2,0,0
28.0,50347.0,1.8,694.0,24592.0,0.32,0,0,1
48.0,178665.0,20.4,734.0,108036.0,0.216,1,0,0
34.0,59699.0,9.9,640.0,36838.0,0.278,1,0,1
39.0,67353.0,14.4,593.0,46993.0,0.275,0,0,1
37.0,40040.0,9.4,785.0,2938.0,0.186,0,0,0
46.0,87040.0,21.3,624.0,68391.0,0.336,0,1,0
29.0,77436.0,5.6,744.0,60022.0,0.457,0,0,0
26.0,77683.0,0.8,554.0,5955.0,0.158,7,0,0
40.0,60584.0,16.6,697.0,17265.0,0.349,0,0,0
45.0,87595.0,8.0,691.0,54673.0,0.258,0,0,1
42.0,97475.0,15.3,729.0,39856.0,0.246,0,0,0
29.0,62473.0,6.1,768.0,3341.0,0.307,1,0,0
45.0,52235.0,8.5,607.0,16508.0,0.309,2,0,0
30.0,82260.0,1.6,697.0,39831.0,0.318,1,0,0
32.0,36616.0,8.5,569.0,25986.0,0.187,2,0,1
28.0,39815.0,6.5,567.0,26753.0,0.409,3,0,1
52.0,53697.0,27.1,633.0,40795.0,0.308,1,0,0
45.0,25121.0,15.6,696.0,10072.0,0.359,0,0,0
45.0,79818.0,5.6,780.0,51778.0,0.421,0,0,0
52.0,35660.0,10.0,795.0,4477.0,0.108,0,0,0
69.0,44485.0,36.9,654.0,19522.0,0.363,0,0,0
21.0,49967.0,0.4,682.0,36847.0,0.284,3,0,1
30.0,55981.0,7.2,730.0,38019.0,0.402,2,0,1
31.0,47120.0,3.5,715.0,25525.0,0.22,0,0,1
29.0,53358.0,0.1,648.0,8639.0,0.394,0,0,0
26.0,53544.0,3.7,667.0,9989.0,0.194,0,1,0
35.0,44978.0,8.8,657.0,25142.0,0.34,1,0,0
25.0,38838.0,2.9,647.0,11425.0,0.328,0,0,0
42.0,89478.0,5.8,639.0,26583.0,0.284,2,1,0
39.0,21335.0,15.1,659.0,14630.0,0.197,1,0,0
43.0,50137.0,11.4,637.0,3276.0,0.263,0,0,0
44.0,44537.0,18.0,590.0,15338.0,0.392,2,0,0
45.0,66406.0,15.1,728.0,15185.0,0.449,0,0,0
34.0,28586.0,5.8,699.0,2010.0,0.495,2,0,0
61.0,43923.0,28.1,805.0,9330.0,0.353,0,1,0
41.0,52524.0,11.8,692.0,9884.0,0.325,0,0,0
21.0,89020.0,0.5,631.0,38132.0,0.345,0,0,1
27.0,63868.0,4.5,618.0,24039.0,0.493,1,0,0
21.0,32290.0,0.1,663.0,13038.0,0.352,0,0,0
38.0,44167.0,16.6,707.0,31289.0,0.309,0,1,0
37.0,81946.0,5.6,646.0,34484.0,0.272,1,0,0
33.0,32040.0,2.9,559.0,16957.0,0.284,2,0,0
60.0,53088.0,31.0,624.0,28434.0,0.339,1,0,0
44.0,54775.0,5.6,664.0,23972.0,0.225,0,0,1
46.0,46235.0,25.9,725.0,12880.0,0.237,0,0,0
28.0,185012.0,3.3,558.0,134572.0,0.294,3,0,0
27.0,45677.0,2.1,680.0,17295.0,0.255,1,1,0
38.0,67338.0,1.1,676.0,32211.0,0.36,0,0,0
40.0,38959.0,0.8,629.0,18286.0,0.367,1,0,1
21.0,69743.0,0.1,619.0,46779.0,0.326,1,0,1
36.0,81385.0,0.1,608.0,36702.0,0.349,1,1,0
38.0,42214.0,5.9,673.0,16576.0,0.312,0,1,1
36.0,53663.0,4.9,741.0,21199.0,0.02,1,0,0
29.0,36762.0,3.9,746.0,23342.0,0.212,1,1,0
32.0,32863.0,2.8,583.0,9776.0,0.371,0,0,0
36.0,87697.0,1.0,647.0,65873.0,0.216,2,0,1
39.0,42864.0,1.4,507.0,29360.0,0.386,4,0,1
45.0,18564.0,4.5,670.0,2854.0,0.391,1,1,0
50.0,121722.0,9.5,707.0,35047.0,0.273,0,0,0
35.0,38336.0,2.2,771.0,27955.0,0.241,0,0,0
33.0,49228.0,4.7,537.0,12739.0,0.301,2,0,0
43.0,115093.0,21.0,594.0,33175.0,0.296,0,0,0
45.0,51601.0,6.5,673.0,10996.0,0.363,0,0,0
33.0,51102.0,2.2,548.0,4640.0,0.066,5,0,0
47.0,31647.0,17.7,681.0,12939.0,0.227,0,0,0
49.0,26355.0,14.1,711.0,16238.0,0.199,1,0,0
52.0,51032.0,1.5,571.0,27813.0,0.048,2,1,0
58.0,64754.0,29.6,684.0,4579.0,0.251,1,1,0
28.0,63106.0,6.1,578.0,27927.0,0.15,1,0,1
38.0,44290.0,17.7,765.0,13186.0,0.261,0,0,0
38.0,55504.0,17.0,683.0,29491.0,0.251,1,0,0
37.0,24061.0,9.9,620.0,8514.0,0.345,0,0,0
31.0,67654.0,7.4,577.0,53135.0,0.275,1,0,1
22.0,59143.0,0.7,688.0,39705.0,0.131,0,0,0
39.0,133684.0,16.9,764.0,76906.0,0.335,1,0,0
30.0,55185.0,5.3,609.0,24102.0,0.542,1,0,1
39.0,35986.0,6.2,632.0,17753.0,0.408,2,0,0
29.0,53759.0,0.1,607.0,20514.0,0.368,2,0,0
26.0,47457.0,3.5,771.0,30657.0,0.28,0,0,0
41.0,66883.0,10.8,532.0,48904.0,0.251,2,1,0
40.0,55670.0,16.0,758.0,44498.0,0.244,0,0,0
44.0,31198.0,4.6,636.0,15572.0,0.324,1,0,0
62.0,26344.0,34.3,672.0,14790.0,0.186,0,0,0
41.0,61908.0,0.3,636.0,21661.0,0.322,1,0,0
43.0,102487.0,13.7,684.0,5776.0,0.234,2,1,0
26.0,56999.0,2.4,610.0,32913.0,0.129,1,0,1
24.0,79306.0,1.3,735.0,59521.0,0.232,0,0,0
55.0,86756.0,15.3,745.0,60271.0,0.425,0,0,0
28.0,62016.0,1.8,592.0,43967.0,0.314,1,1,0
27.0,38123.0,1.2,707.0,13404.0,0.02,1,0,0
38.0,60053.0,14.1,642.0,35141.0,0.233,0,0,0
37.0,94681.0,3.9,666.0,50070.0,0.39,2,0,0
28.0,69810.0,5.9,770.0,31813.0,0.27,0,1,0
35.0,77018.0,10.4,618.0,12609.0,0.352,1,0,0
52.0,44665.0,1.1,725.0,21510.0,0.26,0,1,0
29.0,50213.0,8.0,696.0,13756.0,0.318,1,0,0
23.0,52139.0,2.1,647.0,30120.0,0.304,1,0,0
48.0,53744.0,22.6,697.0,40772.0,0.235,1,0,0
43.0,93029.0,18.9,687.0,55422.0,0.357,0,0,1
31.0,19127.0,6.5,582.0,4679.0,0.453,0,0,0
21.0,55761.0,1.0,618.0,22245.0,0.338,1,0,0
30.0,53067.0,1.8,588.0,25135.0,0.31,0,0,1
37.0,29671.0,1.3,641.0,17643.0,0.216,0,0,0
51.0,74413.0,21.7,765.0,11972.0,0.394,1,0,0
27.0,39698.0,1.9,702.0,17634.0,0.249,0,0,0
37.0,46837.0,10.4,565.0,32556.0,0.356,1,0,0
45.0,126379.0,10.0,646.0,8934.0,0.376,0,0,0
21.0,86645.0,0.3,677.0,51613.0,0.399,0,0,1
49.0,71226.0,26.2,725.0,50593.0,0.401,3,0,1
25.0,65280.0,0.7,615.0,42224.0,0.397,3,0,0
42.0,51072.0,4.1,575.0,38246.0,0.174,6,1,1
41.0,135240.0,13.8,663.0,86152.0,0.214,2,0,0
50.0,78910.0,23.4,712.0,34603.0,0.163,1,1,1
44.0,39253.0,20.0,686.0,16004.0,0.156,0,0,0
21.0,29291.0,0.2,598.0,2164.0,0.453,1,0,0
29.0,70981.0,8.3,787.0,4539.0,0.201,1,1,0
40.0,53634.0,11.9,659.0,28405.0,0.187,0,0,0
36.0,28914.0,13.1,680.0,7418.0,0.294,2,0,0
43.0,66699.0,1.6,614.0,18697.0,0.225,2,0,0
47.0,48729.0,9.5,742.0,31932.0,0.526,1,1,0
45.0,69835.0,13.0,707.0,9320.0,0.273,1,0,1
36.0,67095.0,9.0,687.0,17638.0,0.345,1,0,0
21.0,41830.0,0.1,579.0,23583.0,0.222,2,0,1
33.0,73121.0,7.0,740.0,5332.0,0.134,1,0,0
43.0,43960.0,15.0,720.0,19335.0,0.227,0,0,0
26.0,45265.0,2.2,732.0,5165.0,0.228,0,0,0
45.0,43285.0,12.5,669.0,26891.0,0.228,1,0,0
48.0,91494.0,8.2,659.0,48120.0,0.14,1,0,0
39.0,48476.0,16.9,656.0,24549.0,0.314,1,0,1
21.0,101996.0,0.6,820.0,22027.0,0.266,0,1,0
24.0,122720.0,2.2,623.0,72837.0,0.146,0,0,0
59.0,39445.0,36.6,595.0,10897.0,0.311,2,0,0
32.0,15000.0,8.0,638.0,7172.0,0.376,0,0,0
21.0,88002.0,0.3,623.0,10474.0,0.42,0,0,0
52.0,47155.0,20.3,758.0,5756.0,0.058,0,1,0
38.0,37246.0,17.5,574.0,7281.0,0.227,2,0,0
50.0,42200.0,0.7,621.0,8946.0,0.163,0,0,0
41.0,45635.0,13.2,680.0,6609.0,0.235,0,0,0
43.0,98600.0,3.6,751.0,13674.0,0.439,0,1,0
42.0,59104.0,18.0,719.0,41921.0,0.227,0,1,0
46.0,97999.0,16.4,782.0,45665.0,0.252,1,0,0
63.0,68699.0,40.0,704.0,35492.0,0.217,0,0,0
49.0,47855.0,19.2,655.0,12723.0,0.463,3,0,1
21.0,46140.0,0.0,720.0,4227.0,0.07,0,0,0
43.0,70814.0,11.7,570.0,54966.0,0.244,3,0,1
51.0,79561.0,27.6,554.0,7202.0,0.213,3,0,0
51.0,86133.0,7.3,732.0,57448.0,0.128,1,0,0
33.0,48893.0,1.1,675.0,26833.0,0.41,0,1,0
51.0,59512.0,22.2,739.0,21165.0,0.12,1,0,0
48.0,71532.0,14.2,607.0,43631.0,0.254,2,0,1
66.0,46273.0,2.2,751.0,28853.0,0.292,0,0,0
30.0,33003.0,2.7,708.0,23390.0,0.225,0,0,1
32.0,38264.0,4.1,660.0,17551.0,0.127,3,0,0
35.0,49347.0,9.8,679.0,10377.0,0.283,0,0,0
33.0,74093.0,5.9,687.0,35523.0,0.224,0,0,0
28.0,96919.0,4.0,602.0,12065.0,0.381,1,0,1
21.0,29878.0,0.8,633.0,9925.0,0.352,1,1,0
33.0,42036.0,3.7,685.0,21345.0,0.494,1,0,1
42.0,46819.0,14.8,638.0,11186.0,0.311,2,1,0
33.0,78646.0,4.6,559.0,54959.0,0.359,3,1,1
59.0,43366.0,16.4,689.0,33914.0,0.264,0,0,0
38.0,45329.0,10.1,724.0,4847.0,0.471,1,1,0
52.0,29135.0,22.4,746.0,5956.0,0.301,1,0,0
41.0,68365.0,19.7,707.0,27671.0,0.29,1,0,0
47.0,51147.0,7.3,721.0,4013.0,0.354,0,1,0
41.0,40977.0,2.2,730.0,4905.0,0.236,1,0,0
53.0,48938.0,14.2,673.0,35503.0,0.25,0,0,0
39.0,91330.0,10.2,517.0,7685.0,0.354,1,0,0
43.0,34993.0,5.3,744.0,8245.0,0.373,0,0,0
42.0,37660.0,19.6,607.0,13848.0,0.36,1,0,0
35.0,96626.0,11.8,587.0,6314.0,0.292,2,0,0
42.0,56908.0,11.1,588.0,37442.0,0.327,1,0,1
63.0,74345.0,19.2,844.0,49998.0,0.396,1,0,0
35.0,65899.0,0.6,691.0,22801.0,0.191,0,0,0
43.0,54132.0,12.1,593.0,10899.0,0.3,3,1,0
52.0,47021.0,19.0,622.0,33821.0,0.02,2,0,0
51.0,79961.0,27.2,674.0,44691.0,0.374,1,1,0
38.0,92794.0,9.1,703.0,41098.0,0.222,0,0,0
21.0,89588.0,0.2,680.0,30845.0,0.224,1,0,0
44.0,32261.0,4.3,597.0,14661.0,0.288,3,0,1
21.0,98943.0,0.2,682.0,23463.0,0.362,2,0,0
54.0,46818.0,32.1,633.0,18128.0,0.539,1,0,1
40.0,39157.0,15.8,741.0,22101.0,0.145,1,0,0
49.0,50965.0,23.9,676.0,18272.0,0.215,1,1,0
28.0,79945.0,6.8,610.0,45066.0,0.323,1,0,1
21.0,70143.0,0.1,708.0,42370.0,0.227,1,1,0
41.0,49029.0,14.7,694.0,30167.0,0.384,2,0,0
38.0,80181.0,12.4,633.0,38237.0,0.283,2,1,0
33.0,58573.0,2.8,713.0,11029.0,0.389,1,0,0
39.0,42500.0,9.3,709.0,24455.0,0.275,1,0,0
68.0,39994.0,32.1,760.0,26574.0,0.354,0,0,0
47.0,66151.0,24.4,722.0,7986.0,0.204,0,1,0
50.0,52995.0,3.3,647.0,38261.0,0.494,2,0,1
47.0,29617.0,24.3,554.0,22390.0,0.13,2,0,0
54.0,80524.0,31.6,689.0,44383.0,0.229,1,0,0
36.0,44310.0,14.7,691.0,5906.0,0.158,1,0,0
21.0,112594.0,0.0,664.0,60831.0,0.38,2,0,1
36.0,29253.0,3.5,451.0,9275.0,0.354,7,0,1
47.0,50704.0,18.6,717.0,14082.0,0.178,0,0,0
27.0,40139.0,2.4,597.0,3114.0,0.4,2,0,0
36.0,35460.0,1.0,708.0,21050.0,0.23,0,0,0
30.0,44180.0,7.9,783.0,20986.0,0.339,0,0,0
55.0,122008.0,1.0,643.0,47351.0,0.362,0,0,0
46.0,58665.0,11.7,697.0,20035.0,0.276,0,0,0
45.0,38516.0,23.8,674.0,13823.0,0.391,0,0,0
45.0,24154.0,10.9,702.0,9416.0,0.286,0,0,0
38.0,25349.0,16.0,675.0,10345.0,0.334,0,0,0
40.0,43204.0,8.3,628.0,5325.0,0.273,2,0,0
25.0,41354.0,1.7,598.0,13864.0,0.113,4,0,0
21.0,49725.0,0.1,771.0,4874.0,0.288,0,0,0
40.0,19784.0,7.0,694.0,12502.0,0.213,1,0,1
42.0,52777.0,7.3,722.0,23311.0,0.439,0,0,0
51.0,87340.0,26.5,701.0,56739.0,0.164,1,0,0
55.0,114161.0,32.5,745.0,42467.0,0.423,1,0,0
55.0,23449.0,0.8,598.0,3865.0,0.282,1,0,0
27.0,38348.0,0.7,666.0,10534.0,0.341,2,1,0
34.0,37447.0,9.1,700.0,8440.0,0.162,1,0,0
43.0,58727.0,11.3,756.0,22312.0,0.269,1,0,0
66.0,31767.0,13.6,850.0,20385.0,0.234,2,0,0
54.0,117255.0,8.9,693.0,16120.0,0.51,0,0,0
50.0,56088.0,6.8,617.0,19635.0,0.231,3,0,0
34.0,52035.0,7.2,580.0,6184.0,0.415,3,0,0
28.0,112624.0,0.1,597.0,38697.0,0.417,0,1,0
47.0,54604.0,19.7,616.0,26586.0,0.414,0,1,1
26.0,65856.0,1.8,458.0,6700.0,0.241,4,0,0
35.0,39231.0,6.6,616.0,3922.0,0.48,2,1,1
37.0,29684.0,8.8,715.0,17748.0,0.501,0,0,0
56.0,41791.0,7.5,669.0,14862.0,0.337,1,0,1
34.0,147153.0,12.5,648.0,46138.0,0.253,0,0,0
21.0,73127.0,0.7,547.0,41298.0,0.214,3,0,1
44.0,62232.0,20.5,744.0,7068.0,0.347,0,0,0
30.0,35444.0,4.9,698.0,24626.0,0.306,1,0,0
38.0,82880.0,8.0,663.0,52345.0,0.318,1,0,1
37.0,29856.0,4.0,508.0,10218.0,0.165,5,0,1
35.0,27171.0,8.2,630.0,10910.0,0.303,1,1,1
47.0,42770.0,15.8,698.0,14896.0,0.414,1,0,1
21.0,132536.0,0.5,658.0,84680.0,0.382,1,0,1
32.0,129203.0,1.8,674.0,9270.0,0.259,0,0,0
46.0,44893.0,7.0,711.0,24850.0,0.289,0,0,0
31.0,40607.0,0.2,671.0,11245.0,0.153,0,0,1
21.0,26290.0,0.3,706.0,16685.0,0.233,0,0,0
45.0,56966.0,14.7,608.0,44885.0,0.266,1,0,1
50.0,59160.0,29.0,589.0,15336.0,0.363,1,0,0
38.0,78463.0,3.1,695.0,30160.0,0.229,1,0,0
21.0,82860.0,0.1,708.0,38173.0,0.196,1,0,0
46.0,50325.0,7.6,700.0,23315.0,0.376,1,0,0
21.0,70636.0,0.2,669.0,11827.0,0.258,0,0,0
41.0,40127.0,14.9,645.0,19559.0,0.216,0,0,0
28.0,70036.0,0.0,675.0,41526.0,0.381,1,0,0
25.0,43776.0,5.1,689.0,33183.0,0.346,1,0,1
33.0,67633.0,11.2,696.0,40176.0,0.279,0,0,0
36.0,65213.0,7.8,846.0,32768.0,0.265,0,0,0
31.0,56730.0,10.1,601.0,12761.0,0.338,1,0,0
44.0,78640.0,15.4,850.0,9707.0,0.354,0,0,0
33.0,27130.0,13.0,579.0,14264.0,0.321,1,0,1
49.0,34060.0,8.0,691.0,17673.0,0.312,1,0,0
41.0,48706.0,21.0,587.0,33097.0,0.239,1,0,1
30.0,28728.0,1.9,682.0,11048.0,0.245,1,1,1
28.0,45798.0,3.0,730.0,8199.0,0.283,1,0,0
21.0,46467.0,0.9,663.0,10155.0,0.204,0,0,0
41.0,99156.0,7.9,732.0,40386.0,0.192,0,0,0
34.0,58643.0,3.0,632.0,16657.0,0.291,1,0,0
21.0,87407.0,0.1,517.0,16188.0,0.399,7,1,0
32.0,62997.0,1.8,705.0,8246.0,0.093,0,0,0
28.0,43219.0,2.9,664.0,15527.0,0.261,2,0,0
55.0,58411.0,14.9,634.0,17707.0,0.327,0,0,0
21.0,76369.0,0.5,632.0,59106.0,0.407,1,0,0
22.0,94101.0,1.7,689.0,65147.0,0.48,0,0,1
50.0,51821.0,0.4,603.0,9723.0,0.274,0,0,0
53.0,26205.0,27.7,700.0,16117.0,0.497,1,0,1
30.0,25389.0,5.7,746.0,10413.0,0.346,1,0,0
31.0,47487.0,8.4,808.0,35357.0,0.381,1,0,0
45.0,19207.0,18.8,768.0,9722.0,0.193,0,0,0
21.0,123363.0,0.9,672.0,25042.0,0.345,1,0,1
21.0,71949.0,0.1,678.0,14172.0,0.39,0,0,1
35.0,41317.0,8.5,636.0,32041.0,0.231,3,1,0
55.0,33381.0,31.9,643.0,24659.0,0.039,0,0,0
33.0,87356.0,9.5,726.0,36003.0,0.315,2,1,0
39.0,33321.0,1.8,639.0,15759.0,0.279,0,0,0
50.0,34783.0,18.7,695.0,16011.0,0.434,0,0,0
61.0,38965.0,32.9,609.0,24260.0,0.246,1,0,1
32.0,57897.0,3.2,758.0,23498.0,0.229,0,0,0
38.0,72725.0,11.3,643.0,10325.0,0.183,1,0,0
58.0,94070.0,32.0,752.0,27582.0,0.237,0,0,0
21.0,88021.0,0.7,611.0,41916.0,0.567,3,1,1
49.0,55019.0,5.7,610.0,17238.0,0.141,0,0,0
27.0,87057.0,3.7,755.0,57472.0,0.166,0,1,0
39.0,40666.0,11.2,622.0,30944.0,0.295,0,1,0
35.0,24239.0,6.2,553.0,5611.0,0.497,1,0,0
27.0,40663.0,5.1,590.0,29150.0,0.374,1,0,1
27.0,38264.0,3.1,722.0,22453.0,0.455,0,0,0
41.0,41386.0,18.5,722.0,20288.0,0.261,1,0,0
49.0,35717.0,22.9,618.0,5279.0,0.161,2,0,0
37.0,44694.0,13.3,622.0,16010.0,0.255,0,0,0
39.0,72700.0,9.9,712.0,57907.0,0.288,1,0,1
44.0,119009.0,4.8,754.0,63820.0,0.301,0,1,0
27.0,25303.0,5.3,658.0,12494.0,0.279,1,0,0
46.0,30810.0,1.8,700.0,2364.0,0.359,0,0,0
47.0,38520.0,14.0,728.0,11197.0,0.229,0,0,0
67.0,77627.0,2.5,812.0,32302.0,0.207,0,0,0
34.0,50154.0,7.3,583.0,26644.0,0.18,1,0,1
33.0,39705.0,8.9,618.0,27509.0,0.321,0,1,0
46.0,75934.0,11.1,630.0,29884.0,0.311,0,0,1
47.0,84581.0,11.3,724.0,21639.0,0.409,1,0,0
32.0,54538.0,1.5,643.0,14232.0,0.455,3,0,0
34.0,38093.0,4.1,684.0,5842.0,0.179,0,0,0
44.0,62113.0,10.6,674.0,9886.0,0.302,1,0,0
29.0,49519.0,7.7,664.0,13815.0,0.279,0,0,0
33.0,49347.0,12.1,674.0,30839.0,0.146,1,0,0
39.0,43674.0,18.1,741.0,15719.0,0.247,0,1,0
49.0,83394.0,2.9,594.0,57932.0,0.457,4,0,1
31.0,61546.0,3.4,651.0,46889.0,0.237,1,1,0
21.0,87654.0,0.5,575.0,9341.0,0.22,2,0,0
21.0,100352.0,0.6,676.0,58517.0,0.295,2,0,0
24.0,67618.0,2.9,648.0,7705.0,0.391,0,0,0
24.0,43791.0,2.8,736.0,4545.0,0.27,0,0,0
36.0,87837.0,8.1,664.0,22559.0,0.313,2,0,0
25.0,67822.0,2.7,630.0,8559.0,0.072,1,0,0
30.0,177478.0,9.9,648.0,97121.0,0.357,3,0,1
29.0,63236.0,2.3,782.0,37125.0,0.322,2,1,0
33.0,75286.0,10.6,555.0,39860.0,0.388,5,0,1
53.0,62679.0,23.2,628.0,30181.0,0.113,0,0,1
45.0,52601.0,3.5,664.0,33451.0,0.27,1,1,0
38.0,48954.0,16.8,624.0,30813.0,0.396,1,0,1
33.0,62787.0,11.1,700.0,44120.0,0.244,0,0,1
33.0,69537.0,10.3,661.0,39629.0,0.305,2,0,1
42.0,92463.0,2.7,679.0,29302.0,0.259,0,0,0
44.0,63201.0,3.4,670.0,28030.0,0.261,1,0,1
28.0,44658.0,5.5,656.0,18665.0,0.417,3,0,1
38.0,47477.0,2.0,571.0,6215.0,0.158,2,0,0
21.0,30326.0,0.1,672.0,19979.0,0.295,2,0,0
40.0,116150.0,8.1,541.0,85328.0,0.325,1,0,1
46.0,43112.0,0.1,613.0,33986.0,0.394,0,0,0
35.0,85003.0,10.8,700.0,20059.0,0.288,0,1,0
58.0,62289.0,20.5,754.0,7582.0,0.397,0,1,0
28.0,63055.0,0.6,825.0,8404.0,0.295,0,1,0
40.0,52169.0,11.1,636.0,34078.0,0.312,4,0,0
38.0,38583.0,1.0,600.0,20210.0,0.308,3,0,1
37.0,35570.0,1.2,697.0,21950.0,0.366,2,0,0
37.0,119718.0,8.1,795.0,87262.0,0.354,2,0,0
39.0,57894.0,9.6,772.0,12719.0,0.189,0,0,0
47.0,91259.0,9.3,592.0,29483.0,0.322,4,0,1
53.0,102570.0,20.6,660.0,66083.0,0.354,2,0,0
38.0,45716.0,7.0,723.0,11180.0,0.446,1,0,0
47.0,66547.0,15.8,732.0,28584.0,0.199,1,1,0
30.0,56125.0,3.6,703.0,21473.0,0.354,0,0,0
46.0,32674.0,18.9,638.0,16222.0,0.265,1,1,0
30.0,50596.0,5.6,704.0,40029.0,0.319,0,0,0
50.0,71644.0,4.8,727.0,9155.0,0.193,1,0,0
62.0,43938.0,29.0,609.0,18167.0,0.299,0,0,0
37.0,47520.0,13.1,760.0,36554.0,0.332,1,0,0
21.0,50872.0,0.1,729.0,15817.0,0.203,0,0,1
32.0,142241.0,7.3,612.0,86119.0,0.445,2,0,1
52.0,24095.0,24.9,737.0,17998.0,0.146,0,0,0
44.0,68929.0,2.8,718.0,15885.0,0.354,0,0,0
41.0,49074.0,18.7,729.0,5449.0,0.057,1,0,0
49.0,41225.0,12.1,776.0,4402.0,0.275,1,1,0
43.0,48535.0,17.2,668.0,5084.0,0.348,0,1,0
51.0,74266.0,28.2,697.0,23237.0,0.371,1,0,0
48.0,76201.0,27.8,489.0,11023.0,0.289,3,0,1
55.0,59802.0,20.3,748.0,21156.0,0.276,0,0,0
42.0,89933.0,15.5,739.0,55362.0,0.357,1,0,0
48.0,97350.0,7.0,758.0,26642.0,0.395,3,0,0
35.0,79416.0,4.2,597.0,32526.0,0.438,1,0,1
31.0,43015.0,9.7,732.0,6260.0,0.171,0,0,0
57.0,68706.0,14.6,739.0,39418.0,0.28,0,0,0
40.0,68853.0,16.8,623.0,19847.0,0.081,1,0,0
47.0,38103.0,1.4,735.0,5770.0,0.163,1,0,0
39.0,27142.0,4.2,695.0,20791.0,0.23,0,1,0
32.0,22133.0,2.0,542.0,13882.0,0.387,1,0,1
38.0,56756.0,9.6,706.0,30606.0,0.252,1,0,1
54.0,62894.0,2.7,608.0,37249.0,0.271,2,0,0
44.0,32315.0,8.3,547.0,11928.0,0.33,4,0,1
21.0,88063.0,1.0,686.0,24107.0,0.233,1,0,0
36.0,58899.0,12.4,662.0,25032.0,0.101,0,1,0
58.0,100946.0,28.6,773.0,67527.0,0.225,0,0,0
36.0,64980.0,2.1,674.0,50219.0,0.288,1,1,1
21.0,34038.0,0.4,715.0,17154.0,0.347,0,0,0
59.0,67597.0,26.4,709.0,22460.0,0.279,1,0,0
46.0,74357.0,0.6,732.0,43771.0,0.345,0,0,0
37.0,42987.0,7.5,602.0,24623.0,0.392,3,0,0
34.0,28743.0,12.9,680.0,6772.0,0.412,2,1,0
50.0,57539.0,2.5,651.0,21671.0,0.317,0,0,0
32.0,35056.0,10.9,711.0,5276.0,0.186,1,0,0
51.0,91079.0,6.0,681.0,32033.0,0.175,1,0,0
44.0,45792.0,4.5,619.0,28485.0,0.185,3,0,1
41.0,119510.0,4.0,638.0,34112.0,0.193,2,1,0
40.0,21146.0,18.3,785.0,11097.0,0.31,0,0,0
36.0,58439.0,9.7,546.0,17283.0,0.489,3,1,1
50.0,104644.0,22.1,721.0,16777.0,0.321,0,1,0
28.0,36844.0,3.1,748.0,22329.0,0.292,0,1,0
21.0,51198.0,0.9,701.0,25188.0,0.396,0,0,0
45.0,45877.0,14.4,805.0,30696.0,0.217,0,1,0
45.0,40433.0,15.0,733.0,22611.0,0.404,0,0,1
43.0,61400.0,17.5,696.0,40702.0,0.397,1,0,1
42.0,30704.0,17.4,636.0,5103.0,0.306,1,0,0
34.0,52321.0,9.9,693.0,26733.0,0.509,0,0,0
47.0,69375.0,3.2,709.0,22584.0,0.412,0,0,0
37.0,49926.0,15.2,668.0,30449.0,0.305,1,1,0
33.0,35066.0,3.3,610.0,17009.0,0.286,3,0,1
35.0,87437.0,14.5,583.0,7925.0,0.257,4,0,0
60.0,76397.0,15.5,681.0,34391.0,0.287,0,1,1
21.0,34426.0,0.1,556.0,20938.0,0.29,2,1,1
43.0,30722.0,7.4,631.0,7591.0,0.268,1,1,0
21.0,35837.0,0.6,490.0,19384.0,0.279,4,1,1
37.0,70295.0,6.6,722.0,47850.0,0.181,0,1,0
33.0,62261.0,11.0,746.0,6156.0,0.243,1,0,0
21.0,78482.0,0.7,666.0,37947.0,0.14,0,0,0
42.0,47492.0,4.8,791.0,33990.0,0.341,0,0,0
34.0,36278.0,7.4,758.0,5254.0,0.308,0,0,0
21.0,83164.0,0.8,694.0,20952.0,0.288,2,0,0
47.0,42875.0,24.3,664.0,22271.0,0.389,0,0,1
54.0,59816.0,13.3,642.0,29244.0,0.214,2,1,0
54.0,27381.0,31.8,715.0,17662.0,0.229,1,0,0
42.0,42560.0,0.8,651.0,22207.0,0.152,0,0,0
39.0,86623.0,12.5,705.0,41742.0,0.402,1,0,0
53.0,39846.0,25.5,716.0,15495.0,0.361,0,0,0
57.0,79349.0,15.5,652.0,8624.0,0.433,4,1,0
50.0,19267.0,0.3,737.0,9505.0,0.458,0,0,0
28.0,42760.0,5.3,647.0,7161.0,0.258,1,0,0
40.0,50918.0,6.9,665.0,40576.0,0.229,1,0,1
43.0,120479.0,3.5,593.0,13117.0,0.12,2,0,0
21.0,32500.0,0.2,641.0,3471.0,0.19,0,0,0
43.0,74387.0,17.8,820.0,47645.0,0.268,0,0,0
63.0,88496.0,8.1,601.0,11139.0,0.094,0,0,0
45.0,39752.0,12.1,697.0,14065.0,0.192,0,0,0
54.0,46490.0,33.2,645.0,34664.0,0.292,1,0,0
40.0,58619.0,15.2,513.0,37570.0,0.389,0,0,1
37.0,28238.0,9.4,704.0,6343.0,0.228,0,0,0
42.0,44815.0,11.7,627.0,10678.0,0.313,0,0,0
29.0,97669.0,1.5,683.0,48268.0,0.486,2,0,1
27.0,69584.0,3.3,731.0,28865.0,0.119,0,0,0
52.0,51254.0,4.6,679.0,7050.0,0.409,0,0,0
53.0,57871.0,2.8,684.0,9779.0,0.338,1,0,0
27.0,71432.0,0.8,600.0,46586.0,0.427,1,0,1
49.0,77860.0,17.4,718.0,24027.0,0.397,1,0,0
37.0,42817.0,3.3,648.0,27800.0,0.234,0,0,0
42.0,109723.0,3.2,522.0,21107.0,0.3,4,1,1
43.0,99453.0,20.0,728.0,49684.0,0.154,1,0,0
49.0,74597.0,3.5,741.0,31990.0,0.248,0,0,0
39.0,37638.0,13.3,770.0,11095.0,0.303,1,0,0
54.0,34752.0,14.0,819.0,17599.0,0.33,3,0,0
41.0,47483.0,12.4,720.0,6809.0,0.379,1,0,0
45.0,56525.0,0.6,696.0,39135.0,0.458,0,1,1
29.0,24817.0,0.0,736.0,15077.0,0.256,0,1,0
62.0,68713.0,34.1,615.0,18225.0,0.414,1,0,0
43.0,98169.0,11.0,548.0,47623.0,0.327,2,0,0
46.0,71289.0,1.8,628.0,51801.0,0.169,1,0,0
21.0,40573.0,0.3,750.0,14879.0,0.285,2,0,0
29.0,38469.0,4.5,616.0,12406.0,0.312,1,0,0
52.0,62945.0,4.3,695.0,40865.0,0.216,1,0,1
41.0,51334.0,11.6,706.0,2612.0,0.196,0,0,0
21.0,67135.0,0.5,677.0,37916.0,0.193,1,0,0
49.0,72104.0,17.7,579.0,15276.0,0.246,1,0,0
32.0,89899.0,9.7,689.0,51304.0,0.214,2,0,1
54.0,33045.0,13.8,637.0,12505.0,0.423,1,1,0
37.0,60768.0,15.1,787.0,3963.0,0.055,0,0,0
40.0,46701.0,9.6,744.0,32957.0,0.311,0,1,1
51.0,52612.0,14.2,640.0,24197.0,0.353,1,0,1
28.0,81151.0,5.3,786.0,23144.0,0.204,0,0,0
27.0,85220.0,4.4,686.0,49218.0,0.277,0,0,0
36.0,103196.0,0.2,543.0,43544.0,0.266,4,0,1
47.0,66610.0,26.6,668.0,5076.0,0.292,0,0,0
23.0,52343.0,3.2,776.0,28145.0,0.366,1,0,0
21.0,49084.0,0.3,603.0,38146.0,0.357,0,1,0
47.0,25196.0,15.1,663.0,5455.0,0.24,0,1,0
31.0,100506.0,8.8,569.0,70072.0,0.15,1,0,1
34.0,47583.0,12.6,582.0,24541.0,0.317,0,0,1
21.0,69061.0,0.6,602.0,7488.0,0.234,3,0,0
31.0,74655.0,0.2,574.0,44605.0,0.247,2,0,0
38.0,31404.0,12.2,623.0,11969.0,0.322,1,0,0
48.0,36300.0,2.6,783.0,23425.0,0.256,0,0,1
30.0,110332.0,6.4,661.0,58124.0,0.331,1,0,0
56.0,62679.0,21.3,726.0,3265.0,0.551,0,1,0
30.0,42354.0,6.7,740.0,6130.0,0.369,0,0,1
30.0,51960.0,2.0,583.0,16333.0,0.434,1,1,0
55.0,89670.0,17.2,610.0,36890.0,0.351,1,1,0
40.0,83745.0,12.6,720.0,62733.0,0.308,0,0,0
32.0,28434.0,3.6,617.0,18951.0,0.353,4,1,1
36.0,114751.0,3.0,710.0,74727.0,0.348,0,0,0
53.0,84953.0,7.3,781.0,38627.0,0.386,1,0,1
54.0,51353.0,29.3,573.0,6144.0,0.306,2,0,1
29.0,32171.0,4.2,637.0,19603.0,0.169,1,0,1
38.0,88379.0,11.6,652.0,10156.0,0.153,0,0,0
39.0,68151.0,9.8,628.0,8082.0,0.346,0,0,0
27.0,28540.0,6.0,620.0,6887.0,0.187,2,0,0
37.0,49546.0,8.8,630.0,36759.0,0.369,0,0,1
38.0,224553.0,1.7,660.0,137525.0,0.434,0,0,1
51.0,55410.0,6.0,675.0,5956.0,0.278,0,1,0
51.0,39387.0,0.4,727.0,29115.0,0.421,0,0,0
34.0,34936.0,12.0,664.0,22273.0,0.326,1,0,0
36.0,122092.0,10.4,743.0,61380.0,0.303,0,1,0
45.0,80546.0,19.2,628.0,11697.0,0.307,1,0,0
32.0,103615.0,8.3,580.0,30058.0,0.217,1,0,1
44.0,61499.0,20.2,649.0,16944.0,0.204,0,0,0
37.0,96703.0,16.8,701.0,51256.0,0.136,0,1,0
27.0,37547.0,4.8,723.0,18432.0,0.227,0,0,0
27.0,59175.0,1.9,763.0,15263.0,0.514,0,0,0
54.0,62584.0,3.4,682.0,17732.0,0.151,0,0,1
36.0,102456.0,9.6,718.0,44961.0,0.182,0,0,0
56.0,63486.0,27.8,770.0,43428.0,0.219,1,0,0
32.0,41507.0,6.9,609.0,6005.0,0.224,3,0,0
41.0,56609.0,6.4,649.0,33643.0,0.327,3,1,0
64.0,25866.0,31.9,850.0,20609.0,0.239,0,0,0
26.0,19354.0,2.9,721.0,11850.0,0.28,1,0,1
21.0,79953.0,0.3,696.0,30476.0,0.215,1,0,1
52.0,46465.0,27.0,736.0,27821.0,0.252,0,0,0
29.0,48896.0,5.1,569.0,34008.0,0.294,0,0,0
38.0,79939.0,5.0,617.0,50072.0,0.287,1,0,1
32.0,103130.0,3.8,591.0,6143.0,0.498,2,1,1
41.0,69955.0,12.0,695.0,10397.0,0.297,0,1,0
28.0,130970.0,3.2,636.0,17073.0,0.279,1,0,0
36.0,68961.0,2.6,668.0,5094.0,0.05,0,0,0
43.0,63012.0,14.0,645.0,36918.0,0.324,2,0,0
27.0,61283.0,4.8,549.0,15353.0,0.102,2,0,0
30.0,30841.0,0.0,722.0,18242.0,0.355,1,0,1
34.0,84566.0,7.6,540.0,46475.0,0.314,0,0,1
22.0,18299.0,1.3,610.0,8101.0,0.38,2,1,0
33.0,42246.0,4.4,570.0,4004.0,0.237,0,0,0
39.0,55570.0,6.5,602.0,15503.0,0.303,0,0,0
34.0,38549.0,4.3,676.0,2711.0,0.368,1,0,0
35.0,44882.0,6.7,750.0,32877.0,0.207,0,1,0
38.0,125845.0,14.4,558.0,35422.0,0.361,3,1,0
31.0,90391.0,5.1,624.0,10956.0,0.356,2,0,0
46.0,40395.0,25.4,550.0,2096.0,0.287,1,0,0
54.0,44524.0,12.7,624.0,22646.0,0.458,0,0,0
33.0,30960.0,9.0,670.0,15967.0,0.352,1,1,0
43.0,75534.0,12.8,720.0,60140.0,0.133,1,0,0
35.0,49154.0,11.7,518.0,13097.0,0.399,1,0,0
42.0,22701.0,19.6,708.0,1927.0,0.234,0,0,0
55.0,57552.0,18.0,601.0,36519.0,0.38,3,0,1
44.0,67012.0,11.7,581.0,18659.0,0.33,2,0,0
21.0,84838.0,0.9,665.0,25281.0,0.036,1,0,0
43.0,53214.0,21.5,715.0,38889.0,0.36,0,0,0
52.0,46508.0,31.5,669.0,22395.0,0.278,0,0,0
36.0,134445.0,2.4,585.0,47091.0,0.254,2,0,0
49.0,55163.0,0.1,653.0,42085.0,0.258,3,0,1
30.0,76031.0,4.6,612.0,18929.0,0.379,1,0,0
22.0,43144.0,1.2,703.0,2852.0,0.208,0,0,0
40.0,75023.0,1.4,736.0,16742.0,0.411,0,1,0
21.0,28568.0,0.4,731.0,2374.0,0.148,0,0,0
35.0,44674.0,8.9,663.0,15896.0,0.33,0,0,0
52.0,31932.0,6.8,742.0,21500.0,0.377,0,0,0
21.0,41892.0,0.7,589.0,32734.0,0.375,4,0,1
24.0,96548.0,0.9,785.0,55539.0,0.318,1,0,0
27.0,41754.0,5.6,591.0,31089.0,0.279,1,0,0
37.0,75986.0,6.0,521.0,27081.0,0.245,3,0,0
34.0,108864.0,8.4,760.0,30159.0,0.178,0,0,0
53.0,54322.0,18.2,619.0,8999.0,0.231,3,0,0
48.0,86016.0,8.4,672.0,36613.0,0.204,1,0,0
43.0,69848.0,10.3,593.0,20619.0,0.187,3,0,0
40.0,57959.0,16.6,834.0,7572.0,0.48,1,0,0
42.0,77090.0,12.2,794.0,57736.0,0.128,0,0,0
29.0,125877.0,0.5,768.0,17972.0,0.413,1,1,0
47.0,41288.0,19.6,676.0,24971.0,0.176,0,1,0
26.0,35719.0,1.1,729.0,3610.0,0.198,0,0,0
47.0,34788.0,13.2,663.0,15492.0,0.196,0,0,0
51.0,86041.0,14.5,746.0,47848.0,0.189,0,0,1
40.0,91428.0,9.9,636.0,20654.0,0.392,5,0,1
36.0,43192.0,0.5,771.0,4610.0,0.359,0,0,0
42.0,21034.0,6.1,631.0,10412.0,0.277,4,1,0
21.0,40597.0,0.1,636.0,20387.0,0.571,1,0,1
41.0,70377.0,8.8,632.0,19986.0,0.298,0,0,0
37.0,53373.0,10.4,679.0,17728.0,0.306,1,1,0
37.0,59650.0,11.4,639.0,5023.0,0.231,0,0,0
46.0,43459.0,1.7,695.0,11814.0,0.22,0,0,0
37.0,86806.0,2.0,627.0,61802.0,0.247,2,0,0
25.0,64185.0,3.6,717.0,11455.0,0.385,1,1,0
36.0,71611.0,8.7,771.0,28719.0,0.357,0,1,0
39.0,59081.0,15.6,673.0,32945.0,0.429,0,0,0
39.0,69637.0,4.0,817.0,45415.0,0.228,0,0,1
40.0,67606.0,2.4,740.0,7495.0,0.359,1,0,0
49.0,36223.0,10.7,815.0,17890.0,0.331,0,0,1
26.0,65054.0,3.9,658.0,33858.0,0.343,2,0,0
40.0,78532.0,9.7,549.0,15552.0,0.214,2,0,0
52.0,92494.0,3.2,612.0,6765.0,0.196,1,0,0
21.0,66326.0,0.1,618.0,45319.0,0.354,0,0,0
40.0,35622.0,13.5,600.0,13538.0,0.387,1,0,1
32.0,38177.0,3.4,508.0,3649.0,0.238,2,1,0
34.0,45219.0,9.3,736.0,21864.0,0.361,0,0,0
28.0,59895.0,2.4,531.0,19926.0,0.42,4,1,1
36.0,52056.0,5.1,728.0,5734.0,0.264,1,0,0
58.0,33170.0,8.0,817.0,8801.0,0.156,1,1,1
24.0,33081.0,4.0,608.0,9763.0,0.169,2,0,1
25.0,21392.0,0.1,687.0,10293.0,0.232,0,0,0
24.0,15000.0,0.5,632.0,5288.0,0.255,0,1,0
57.0,51833.0,30.9,733.0,6751.0,0.296,0,0,0
33.0,156247.0,1.8,577.0,82264.0,0.298,2,0,1
38.0,123456.0,5.0,653.0,73654.0,0.273,0,1,0
34.0,35415.0,3.6,740.0,15245.0,0.368,0,0,0
28.0,58838.0,5.3,659.0,5737.0,0.224,0,0,0
35.0,28454.0,6.3,549.0,3626.0,0.426,2,0,1
65.0,30474.0,37.9,766.0,23114.0,0.394,2,0,0
53.0,32088.0,24.9,582.0,6162.0,0.387,1,1,0
29.0,49693.0,4.6,668.0,13945.0,0.234,0,1,0
45.0,50665.0,6.3,704.0,28658.0,0.288,0,0,0
29.0,61624.0,7.0,672.0,39678.0,0.372,4,0,0
21.0,74127.0,0.9,838.0,54355.0,0.28,0,0,0
49.0,47263.0,24.4,724.0,16372.0,0.23,0,1,0
51.0,55903.0,1.6,647.0,44399.0,0.226,2,0,0
50.0,33620.0,20.6,712.0,4301.0,0.231,3,0,0
33.0,30033.0,9.0,679.0,20119.0,0.184,2,1,0
36.0,28017.0,15.2,671.0,7118.0,0.587,0,0,1
46.0,73663.0,6.9,681.0,55455.0,0.105,0,0,0
42.0,47242.0,17.5,638.0,33159.0,0.202,0,0,0
34.0,23697.0,9.4,680.0,14732.0,0.36,3,0,0
21.0,53461.0,0.9,625.0,26881.0,0.232,1,0,1
39.0,31355.0,13.3,534.0,6611.0,0.265,5,0,1
50.0,116106.0,25.5,753.0,46030.0,0.34,0,0,0
25.0,42388.0,1.7,621.0,3225.0,0.403,1,0,1
45.0,74740.0,3.9,672.0,43502.0,0.273,0,1,0
42.0,89780.0,7.9,611.0,12292.0,0.392,3,0,1
46.0,35788.0,21.4,620.0,8722.0,0.13,2,0,0
48.0,56915.0,3.6,589.0,13306.0,0.239,2,1,0
30.0,70555.0,6.6,730.0,45223.0,0.349,0,0,0
21.0,57935.0,1.0,744.0,20306.0,0.497,0,0,0
32.0,64704.0,10.9,667.0,29176.0,0.203,0,0,0
48.0,30235.0,18.6,632.0,6242.0,0.186,0,0,0
32.0,70573.0,9.5,546.0,21213.0,0.334,1,0,0
30.0,44193.0,1.2,716.0,19176.0,0.305,1,0,1
21.0,64366.0,0.5,613.0,12593.0,0.228,0,0,0
57.0,83207.0,19.8,592.0,47208.0,0.178,3,1,1
47.0,74314.0,21.2,673.0,28756.0,0.249,0,0,0
46.0,64345.0,7.5,640.0,50687.0,0.352,2,0,0
49.0,73427.0,3.1,555.0,17248.0,0.267,3,1,1
44.0,74972.0,17.0,572.0,26019.0,0.417,4,0,1
35.0,107803.0,7.5,687.0,80151.0,0.286,1,0,1
36.0,54164.0,13.6,621.0,38700.0,0.36,3,0,0
33.0,59211.0,6.4,699.0,24462.0,0.328,0,0,0
67.0,83660.0,39.8,690.0,11938.0,0.26,0,0,0
44.0,44109.0,12.2,739.0,15729.0,0.383,0,0,0
33.0,30158.0,10.1,607.0,14793.0,0.178,2,1,0
43.0,68668.0,16.7,685.0,16527.0,0.245,1,0,0
27.0,50130.0,1.8,706.0,9693.0,0.259,2,0,0
55.0,31943.0,10.7,622.0,14329.0,0.338,1,0,1
31.0,68895.0,9.6,744.0,12540.0,0.363,0,0,0
44.0,104726.0,5.4,546.0,73926.0,0.218,1,0,1
50.0,26415.0,20.7,612.0,2792.0,0.204,4,0,1
42.0,87128.0,3.2,542.0,68879.0,0.308,1,0,1
39.0,17561.0,14.4,616.0,7963.0,0.146,2,0,1
38.0,45934.0,4.0,651.0,36181.0,0.401,4,0,1
37.0,125910.0,10.3,723.0,77263.0,0.278,4,0,1
32.0,47446.0,6.6,652.0,7813.0,0.183,0,0,0
33.0,57272.0,2.7,620.0,12633.0,0.181,3,1,0
54.0,77527.0,16.8,560.0,10095.0,0.331,3,0,0
37.0,25404.0,14.8,582.0,15162.0,0.329,4,0,0
29.0,56814.0,6.4,685.0,10027.0,0.223,1,0,0
32.0,56612.0,12.2,728.0,33171.0,0.289,1,1,0
50.0,127151.0,23.6,642.0,88322.0,0.187,0,0,0
45.0,31540.0,16.4,753.0,11316.0,0.274,1,0,0
44.0,46323.0,13.6,600.0,25282.0,0.448,4,0,0
35.0,36219.0,14.2,640.0,26128.0,0.513,0,0,1
44.0,34531.0,12.8,645.0,21231.0,0.279,2,1,0
31.0,91347.0,4.4,769.0,13526.0,0.343,2,1,0
35.0,55664.0,12.6,676.0,14995.0,0.339,3,0,1
49.0,42834.0,27.0,548.0,19349.0,0.128,1,0,0
48.0,43567.0,13.2,733.0,10813.0,0.185,0,0,0
27.0,42686.0,1.0,790.0,18331.0,0.068,1,0,0
29.0,44439.0,5.2,645.0,33979.0,0.345,1,0,0
39.0,31135.0,14.2,604.0,12139.0,0.495,1,0,1
57.0,48955.0,13.8,727.0,12055.0,0.407,0,1,0
21.0,46791.0,0.7,798.0,7483.0,0.304,0,0,0
41.0,39108.0,11.2,725.0,28385.0,0.29,1,1,0
23.0,58974.0,0.9,547.0,13113.0,0.265,2,0,0
31.0,61270.0,6.9,716.0,11961.0,0.406,0,0,0
34.0,42813.0,5.4,691.0,19838.0,0.322,0,0,0
33.0,51546.0,10.5,598.0,20427.0,0.306,3,0,0
32.0,145287.0,0.0,750.0,49289.0,0.19,2,0,0
38.0,142812.0,14.8,698.0,69119.0,0.36,1,0,1
32.0,34226.0,3.7,754.0,16328.0,0.285,0,1,0
22.0,36446.0,1.8,587.0,3692.0,0.34,0,0,0
47.0,34145.0,20.2,698.0,12333.0,0.4,1,0,0
46.0,88500.0,6.3,601.0,52281.0,0.137,1,0,0
47.0,45970.0,26.7,691.0,15458.0,0.27,0,1,0
21.0,61264.0,0.5,764.0,48903.0,0.256,0,0,1
41.0,135094.0,11.1,566.0,30604.0,0.247,3,0,1
45.0,54742.0,23.1,576.0,23116.0,0.188,4,0,0
27.0,75576.0,6.1,730.0,41979.0,0.227,0,1,0
38.0,69514.0,12.6,665.0,32039.0,0.19,2,0,0
37.0,42209.0,16.4,750.0,3347.0,0.382,0,0,0
58.0,88584.0,12.6,610.0,38556.0,0.338,3,0,1
59.0,37524.0,9.1,668.0,29074.0,0.331,1,1,0
21.0,100512.0,0.0,708.0,35682.0,0.107,3,0,0
65.0,42224.0,15.7,683.0,5790.0,0.495,0,0,0
28.0,44356.0,4.8,537.0,2925.0,0.259,2,0,1
49.0,33701.0,8.8,850.0,12105.0,0.474,0,1,0
49.0,36285.0,16.6,683.0,6857.0,0.375,0,0,0
27.0,45390.0,0.3,566.0,30685.0,0.277,2,0,1
43.0,18416.0,8.3,686.0,14073.0,0.504,1,0,0
37.0,49518.0,12.6,696.0,37406.0,0.357,2,0,0
44.0,43761.0,2.5,731.0,14480.0,0.277,0,0,0
41.0,78480.0,14.7,732.0,30691.0,0.261,0,0,0
51.0,66531.0,23.8,657.0,19049.0,0.403,2,0,0
39.0,40001.0,10.7,545.0,5872.0,0.246,1,0,1
36.0,44745.0,14.3,699.0,20998.0,0.262,0,0,0
50.0,49489.0,28.7,559.0,9386.0,0.24,3,0,0
44.0,107341.0,0.8,745.0,10150.0,0.224,0,0,0
46.0,37989.0,17.7,618.0,26101.0,0.231,2,0,1
31.0,39783.0,2.5,706.0,25815.0,0.477,1,0,0
27.0,33098.0,2.7,615.0,24648.0,0.401,3,1,1
32.0,28231.0,7.3,629.0,8344.0,0.324,1,0,0
31.0,63148.0,8.0,608.0,44396.0,0.245,0,0,0
47.0,60258.0,22.4,721.0,21020.0,0.245,0,0,0
49.0,97962.0,20.3,627.0,10245.0,0.263,1,0,0
36.0,87880.0,12.7,720.0,34570.0,0.479,0,0,0
54.0,161747.0,20.2,628.0,75267.0,0.329,0,0,0
53.0,53202.0,3.9,646.0,19901.0,0.375,2,0,0
41.0,48916.0,0.4,663.0,31261.0,0.32,1,0,0
29.0,30638.0,4.7,673.0,9616.0,0.211,3,0,0
55.0,75248.0,25.3,608.0,55744.0,0.31,2,0,0
37.0,58013.0,1.9,710.0,6128.0,0.192,0,1,0
39.0,73730.0,8.3,645.0,43523.0,0.42,1,0,1
34.0,32941.0,3.7,700.0,24598.0,0.225,0,0,1
28.0,64428.0,4.7,661.0,29951.0,0.243,3,0,0
22.0,60321.0,0.7,701.0,42768.0,0.381,0,0,0
45.0,58551.0,5.0,634.0,33308.0,0.23,0,0,0
29.0,40442.0,0.0,605.0,2463.0,0.278,1,0,0
70.0,93928.0,16.1,698.0,51983.0,0.036,0,1,0
26.0,138376.0,3.1,627.0,75058.0,0.268,2,0,0
24.0,33371.0,3.9,764.0,1669.0,0.359,0,0,0
44.0,76061.0,5.4,667.0,27144.0,0.237,3,0,0
55.0,15064.0,17.8,573.0,1192.0,0.356,2,0,0
39.0,74307.0,10.6,624.0,20044.0,0.298,3,0,1
44.0,23707.0,15.8,598.0,18727.0,0.409,1,0,0
21.0,43428.0,0.3,735.0,32797.0,0.227,1,0,1
31.0,30462.0,1.0,715.0,17170.0,0.276,0,0,1
26.0,49914.0,5.7,659.0,16229.0,0.153,3,0,0
21.0,80221.0,1.0,681.0,27864.0,0.291,1,0,0
39.0,23844.0,8.5,658.0,1876.0,0.258,1,0,0
21.0,46785.0,0.6,721.0,14209.0,0.396,1,0,0
23.0,43655.0,0.1,696.0,27864.0,0.238,3,1,0
32.0,112034.0,0.6,709.0,49241.0,0.258,0,0,0
29.0,66795.0,0.7,647.0,27219.0,0.232,0,0,1
42.0,32381.0,16.5,624.0,3831.0,0.303,1,1,0
41.0,44489.0,4.9,709.0,32889.0,0.499,1,0,0
48.0,110784.0,5.1,771.0,29059.0,0.02,1,1,0
46.0,75853.0,0.2,738.0,25576.0,0.295,0,1,0
51.0,36384.0,0.7,771.0,10844.0,0.417,0,0,0
38.0,48772.0,7.3,675.0,14463.0,0.249,1,0,0
41.0,49478.0,11.6,598.0,24714.0,0.353,1,1,0
44.0,43174.0,13.7,605.0,22462.0,0.418,5,0,1
40.0,25476.0,9.0,761.0,12711.0,0.272,1,0,0
34.0,40545.0,6.3,533.0,4110.0,0.235,3,0,0
34.0,102768.0,10.8,771.0,79866.0,0.394,0,1,0
29.0,46331.0,2.6,606.0,27127.0,0.35,1,0,1
43.0,52503.0,5.4,797.0,37385.0,0.294,0,0,0
37.0,58590.0,14.5,662.0,9946.0,0.361,2,0,0
31.0,149231.0,7.4,714.0,111786.0,0.396,0,0,1
31.0,55220.0,5.1,830.0,32649.0,0.295,0,0,1
25.0,89982.0,1.3,638.0,38291.0,0.331,0,0,0
49.0,42020.0,3.9,638.0,2830.0,0.352,0,0,1
39.0,48940.0,0.7,612.0,11740.0,0.254,1,0,0
29.0,55312.0,7.3,594.0,37560.0,0.419,1,0,1
47.0,38821.0,16.0,645.0,12981.0,0.197,0,0,0
32.0,50182.0,0.5,621.0,28037.0,0.287,0,1,1
23.0,82019.0,0.4,573.0,49055.0,0.377,3,0,1
49.0,38366.0,8.2,649.0,24237.0,0.194,0,0,1
32.0,55002.0,3.2,693.0,18523.0,0.387,1,0,0
34.0,75661.0,7.4,601.0,55412.0,0.319,2,0,1
38.0,37952.0,7.4,652.0,10215.0,0.433,1,0,0
51.0,90041.0,27.0,772.0,60962.0,0.361,0,0,0
38.0,56834.0,13.1,567.0,20946.0,0.284,0,0,0
25.0,51061.0,4.4,797.0,11523.0,0.323,0,1,0
44.0,22279.0,20.7,623.0,6853.0,0.327,1,0,1
33.0,46489.0,11.7,680.0,30202.0,0.502,0,0,1
59.0,65011.0,38.0,769.0,33230.0,0.308,0,0,0
38.0,120631.0,5.6,774.0,18397.0,0.286,0,1,0
21.0,71014.0,0.2,693.0,10153.0,0.28,0,0,0
42.0,91298.0,3.6,613.0,51620.0,0.319,1,0,0
59.0,31920.0,24.7,618.0,7329.0,0.187,2,0,0
55.0,51949.0,24.1,632.0,10727.0,0.262,0,1,0
58.0,95266.0,3.4,794.0,58315.0,0.199,0,0,0
27.0,36887.0,5.6,636.0,10771.0,0.212,5,0,0
48.0,84918.0,22.0,694.0,8596.0,0.38,1,0,0
30.0,76503.0,6.3,590.0,28201.0,0.303,3,0,0
40.0,62238.0,8.9,584.0,29680.0,0.226,1,0,1
24.0,47438.0,0.6,662.0,23772.0,0.285,0,0,1
31.0,35286.0,5.5,640.0,3313.0,0.275,1,0,0
31.0,122273.0,1.7,643.0,47707.0,0.305,0,0,0
48.0,73089.0,16.9,565.0,23364.0,0.149,1,0,0
47.0,64111.0,8.3,659.0,24792.0,0.191,2,0,0
41.0,45675.0,5.2,771.0,3712.0,0.156,1,0,0
23.0,55945.0,1.4,601.0,15201.0,0.21,3,0,1
35.0,59232.0,8.5,727.0,31546.0,0.228,1,0,0
30.0,65843.0,3.6,419.0,9510.0,0.197,7,0,1
48.0,76538.0,26.6,617.0,58889.0,0.376,2,0,0
51.0,38676.0,0.2,526.0,30764.0,0.484,1,0,1
50.0,28428.0,27.0,760.0,9106.0,0.383,0,0,0
30.0,57126.0,0.0,722.0,32032.0,0.243,0,0,0
21.0,25055.0,0.2,588.0,13192.0,0.321,1,0,1
21.0,47545.0,1.0,681.0,8338.0,0.293,1,1,0
54.0,43737.0,24.5,756.0,14921.0,0.239,0,1,0
34.0,68622.0,8.8,759.0,53902.0,0.432,0,0,1
30.0,134223.0,7.1,635.0,19564.0,0.501,0,0,0
56.0,22926.0,14.7,513.0,11036.0,0.153,1,0,1
52.0,153043.0,25.0,610.0,76427.0,0.444,1,0,1
38.0,49524.0,2.8,715.0,8699.0,0.241,3,0,0
35.0,64318.0,11.7,813.0,29036.0,0.274,0,0,0
37.0,29098.0,15.5,664.0,21477.0,0.328,2,0,1
40.0,86136.0,17.6,626.0,11778.0,0.455,1,0,1
56.0,56036.0,26.3,841.0,10776.0,0.328,1,0,0
43.0,53500.0,14.8,696.0,12932.0,0.341,1,0,0
46.0,23000.0,13.5,581.0,14105.0,0.385,3,0,0
51.0,56857.0,12.2,658.0,27459.0,0.401,0,0,0
25.0,80476.0,4.4,732.0,34416.0,0.351,0,0,0
46.0,49452.0,17.0,664.0,31850.0,0.402,1,0,0
35.0,93291.0,6.4,719.0,73112.0,0.24,0,0,0
21.0,91573.0,0.8,548.0,18037.0,0.127,0,0,0
21.0,41217.0,0.1,560.0,27163.0,0.482,1,0,1
27.0,112746.0,5.5,611.0,36932.0,0.196,1,1,0
44.0,56133.0,19.3,650.0,8953.0,0.247,1,0,0
39.0,56245.0,4.4,686.0,13633.0,0.267,1,0,0
40.0,57505.0,0.8,705.0,20096.0,0.25,1,0,0
59.0,56743.0,28.2,847.0,41103.0,0.227,0,1,0
24.0,16840.0,0.8,609.0,6884.0,0.346,2,0,1
38.0,50595.0,17.6,647.0,25840.0,0.347,0,0,1
41.0,29772.0,0.2,610.0,2231.0,0.362,1,0,0
30.0,114341.0,2.3,737.0,11206.0,0.356,0,1,0
38.0,112288.0,0.8,740.0,84637.0,0.258,1,1,0
21.0,80697.0,0.8,629.0,54772.0,0.258,2,0,0
54.0,49404.0,19.4,814.0,20613.0,0.412,1,0,0
31.0,34943.0,8.9,615.0,6999.0,0.248,1,1,0
60.0,40912.0,38.8,752.0,3278.0,0.246,0,0,0
38.0,131831.0,10.8,767.0,103028.0,0.393,1,1,1
49.0,40280.0,6.8,568.0,2185.0,0.298,4,0,0
37.0,19055.0,1.6,701.0,4349.0,0.249,1,0,0
38.0,87436.0,15.3,477.0,49220.0,0.25,4,0,1
32.0,108046.0,2.8,719.0,81405.0,0.412,1,1,0
39.0,116045.0,17.3,592.0,15990.0,0.359,1,0,0
41.0,87759.0,18.9,709.0,55325.0,0.324,0,0,0
29.0,94445.0,5.9,716.0,28223.0,0.183,1,0,0
37.0,56326.0,10.0,743.0,31531.0,0.324,0,0,0
31.0,21607.0,10.7,728.0,2646.0,0.279,0,0,0
63.0,55694.0,32.7,680.0,38909.0,0.209,1,0,1
37.0,72751.0,11.6,639.0,42226.0,0.24,0,0,0
55.0,51752.0,15.2,662.0,39678.0,0.37,0,1,0
36.0,50702.0,7.7,586.0,21640.0,0.424,2,0,1
41.0,35640.0,8.1,649.0,25510.0,0.194,2,0,0
23.0,35042.0,3.3,641.0,15955.0,0.207,3,0,0
33.0,125776.0,8.3,609.0,54661.0,0.369,4,0,1
40.0,127841.0,15.9,546.0,15463.0,0.259,2,0,0
55.0,54935.0,1.3,571.0,36291.0,0.355,1,0,1
40.0,62428.0,17.4,448.0,22421.0,0.258,3,0,1
53.0,35373.0,13.9,645.0,17687.0,0.358,3,0,0
45.0,73442.0,18.5,694.0,39513.0,0.163,0,1,0
56.0,121410.0,1.4,473.0,76623.0,0.355,4,0,1
37.0,27638.0,15.5,684.0,13308.0,0.09,1,0,0
64.0,67767.0,29.2,666.0,34896.0,0.393,1,1,0
33.0,70098.0,5.8,581.0,30883.0,0.297,3,0,0
30.0,69739.0,2.9,631.0,35599.0,0.344,2,0,1
25.0,115192.0,1.5,734.0,44138.0,0.324,0,0,0
64.0,137489.0,13.2,598.0,86935.0,0.129,3,1,0
47.0,49514.0,3.5,667.0,32575.0,0.437,2,0,0
34.0,74460.0,6.6,688.0,32601.0,0.333,0,0,0
52.0,57125.0,14.4,610.0,9138.0,0.376,2,0,0
46.0,41383.0,10.5,736.0,13662.0,0.22,2,0,0
60.0,62128.0,27.9,702.0,42244.0,0.324,1,0,0
21.0,74404.0,0.4,643.0,54877.0,0.169,1,1,0
35.0,60640.0,1.3,826.0,15178.0,0.315,1,0,1
33.0,36996.0,11.0,736.0,27962.0,0.206,0,0,0
21.0,44644.0,0.4,542.0,11498.0,0.8,2,0,1
50.0,44799.0,19.4,642.0,33113.0,0.361,2,0,0
35.0,37646.0,14.0,840.0,28294.0,0.433,2,0,0
46.0,63334.0,20.1,601.0,27147.0,0.275,0,0,0
64.0,66386.0,23.7,676.0,50647.0,0.34,1,0,0
34.0,85466.0,7.7,750.0,39481.0,0.391,0,0,0
33.0,37390.0,11.4,711.0,12495.0,0.193,0,0,0
39.0,42414.0,15.9,724.0,27892.0,0.233,1,0,1
49.0,110707.0,5.2,714.0,14546.0,0.397,1,0,0
32.0,51076.0,7.4,665.0,10853.0,0.278,0,0,0
31.0,55751.0,9.6,609.0,11704.0,0.225,0,0,0
50.0,50833.0,23.8,702.0,26258.0,0.237,1,1,0
42.0,91579.0,2.8,633.0,53267.0,0.178,2,0,0
21.0,93191.0,0.4,627.0,63190.0,0.104,2,0,1
25.0,90765.0,2.3,765.0,65795.0,0.13,2,0,0
55.0,55661.0,8.9,638.0,39313.0,0.305,2,0,1
42.0,37142.0,15.2,787.0,20855.0,0.367,0,0,0
30.0,130801.0,4.6,680.0,96285.0,0.552,0,0,1
36.0,80856.0,4.8,651.0,20752.0,0.296,1,0,1
38.0,44783.0,6.1,536.0,26599.0,0.172,1,0,0
46.0,104381.0,22.4,820.0,11221.0,0.297,2,0,0
23.0,43220.0,2.6,661.0,6220.0,0.37,0,1,0
29.0,103767.0,7.1,505.0,22786.0,0.403,5,0,0
41.0,106971.0,19.2,739.0,13586.0,0.393,0,0,0
37.0,36331.0,16.1,665.0,28129.0,0.357,2,0,0
44.0,71459.0,11.9,601.0,28561.0,0.31,2,0,0
24.0,78204.0,0.4,725.0,57091.0,0.374,1,0,1
42.0,178403.0,17.5,490.0,72694.0,0.182,4,0,1
50.0,39382.0,19.0,620.0,22635.0,0.099,0,1,0
43.0,104792.0,8.9,643.0,30524.0,0.509,4,1,0
40.0,55431.0,19.1,729.0,42294.0,0.295,2,0,1
37.0,31460.0,5.7,820.0,2396.0,0.353,1,0,0
29.0,52109.0,8.0,647.0,29861.0,0.02,1,0,0
37.0,55061.0,10.2,697.0,42000.0,0.454,1,0,0
52.0,34152.0,1.2,850.0,21895.0,0.416,1,0,0
37.0,63295.0,14.4,668.0,42452.0,0.143,0,1,0
28.0,84635.0,6.3,696.0,23221.0,0.268,0,0,0
33.0,61223.0,8.1,577.0,23809.0,0.327,2,1,0
40.0,43099.0,12.4,803.0,6557.0,0.174,0,0,0
34.0,51445.0,3.0,612.0,17096.0,0.349,3,0,0
43.0,54888.0,5.0,681.0,3092.0,0.405,1,0,0
44.0,60651.0,0.7,677.0,38457.0,0.332,0,0,0
48.0,90627.0,4.3,668.0,69308.0,0.143,1,0,0
54.0,62160.0,11.3,635.0,35781.0,0.196,0,0,1
49.0,29257.0,15.7,685.0,19243.0,0.288,1,1,0
28.0,42704.0,1.0,784.0,18581.0,0.275,1,0,0
28.0,59266.0,4.5,822.0,11483.0,0.277,1,1,0
37.0,91212.0,4.5,650.0,53871.0,0.274,0,0,0
33.0,98629.0,3.3,630.0,27070.0,0.12,0,0,0
25.0,122235.0,5.2,606.0,48239.0,0.381,1,0,1
33.0,58330.0,13.0,850.0,42318.0,0.363,0,0,0
33.0,77542.0,10.4,674.0,25566.0,0.352,1,0,0
31.0,28583.0,0.6,738.0,7633.0,0.343,0,0,0
35.0,66738.0,10.6,714.0,4923.0,0.272,0,0,0
51.0,33902.0,5.5,817.0,19531.0,0.239,0,0,0
40.0,53474.0,11.5,648.0,11305.0,0.198,2,0,0
65.0,215026.0,40.0,603.0,113870.0,0.454,0,0,0
40.0,63050.0,7.6,794.0,20488.0,0.298,0,0,0
35.0,37286.0,13.8,730.0,23891.0,0.134,2,0,0
38.0,66078.0,12.8,698.0,47406.0,0.297,0,0,0
41.0,43582.0,6.3,771.0,9883.0,0.092,2,0,0
43.0,35695.0,2.2,697.0,22996.0,0.325,0,0,1
61.0,141705.0,33.3,787.0,23326.0,0.314,1,0,0
29.0,88890.0,4.0,679.0,13840.0,0.246,0,0,1
47.0,64253.0,2.0,724.0,23859.0,0.206,0,0,1
40.0,46109.0,2.1,698.0,13528.0,0.356,0,0,0
21.0,47822.0,1.0,638.0,37797.0,0.292,1,0,0
46.0,110107.0,6.4,649.0,71898.0,0.106,0,1,0
52.0,63136.0,30.9,648.0,45311.0,0.42,1,1,0
29.0,15000.0,5.8,682.0,2280.0,0.206,2,1,0
38.0,163491.0,5.4,631.0,95719.0,0.168,2,0,0
21.0,59723.0,0.4,691.0,30053.0,0.436,2,0,1
24.0,64190.0,3.2,690.0,7987.0,0.406,0,0,0
50.0,89689.0,12.9,681.0,57871.0,0.258,0,0,0
33.0,67814.0,1.0,676.0,46814.0,0.175,0,0,0
26.0,76972.0,1.3,621.0,56618.0,0.209,1,0,1
41.0,45452.0,17.7,649.0,34310.0,0.256,4,0,1
32.0,31624.0,8.5,547.0,4138.0,0.422,2,0,1
33.0,62392.0,6.4,655.0,44400.0,0.429,1,1,0
46.0,104748.0,6.4,594.0,79506.0,0.317,2,0,1
25.0,41092.0,2.5,668.0,23344.0,0.365,1,0,0
28.0,39635.0,6.3,613.0,7447.0,0.279,3,0,0
40.0,95277.0,1.6,517.0,33407.0,0.213,2,0,1
49.0,44772.0,28.5,832.0,5264.0,0.15,1,0,0
52.0,45722.0,27.2,657.0,2432.0,0.332,1,0,0
31.0,46498.0,3.4,763.0,34411.0,0.39,0,0,0
48.0,53415.0,24.6,635.0,41624.0,0.249,0,1,0
29.0,27091.0,6.4,782.0,20033.0,0.419,0,0,0
58.0,43148.0,25.4,592.0,10376.0,0.262,1,0,0
26.0,61008.0,0.8,673.0,31470.0,0.308,1,0,0
53.0,60812.0,29.5,598.0,25831.0,0.278,1,0,1
31.0,92613.0,4.9,844.0,39086.0,0.424,0,0,0
60.0,125846.0,32.2,659.0,46720.0,0.349,2,0,0
45.0,108630.0,7.3,722.0,82112.0,0.294,1,1,0
27.0,83007.0,2.1,693.0,53387.0,0.308,0,0,1
32.0,51439.0,11.8,664.0,35244.0,0.181,1,1,0
47.0,41552.0,13.2,703.0,3156.0,0.077,0,0,0
50.0,55444.0,1.8,756.0,19902.0,0.247,1,0,0
37.0,71582.0,14.4,714.0,35682.0,0.281,0,0,0
38.0,79615.0,4.2,673.0,43314.0,0.353,0,0,1
46.0,72800.0,23.1,708.0,52501.0,0.284,1,0,1
39.0,52081.0,17.8,803.0,9127.0,0.253,1,0,0
24.0,78368.0,0.3,631.0,9210.0,0.02,2,1,0
29.0,97001.0,5.3,533.0,69831.0,0.353,2,1,1
41.0,81729.0,20.2,593.0,35140.0,0.321,2,0,0
51.0,54213.0,29.2,603.0,24635.0,0.381,2,0,1
56.0,37792.0,18.8,608.0,27116.0,0.303,0,0,0
47.0,37391.0,18.1,610.0,22897.0,0.415,1,0,0
41.0,40479.0,12.8,665.0,24209.0,0.245,0,0,1
46.0,61745.0,5.3,680.0,11702.0,0.296,0,0,0
31.0,69494.0,7.0,680.0,35863.0,0.324,0,0,0
36.0,29102.0,5.4,612.0,11278.0,0.366,2,1,0
29.0,43840.0,3.0,731.0,22283.0,0.342,2,0,0
24.0,61363.0,1.8,698.0,29562.0,0.348,0,0,0
42.0,36689.0,18.5,780.0,2558.0,0.327,0,1,0
40.0,66859.0,4.8,722.0,20586.0,0.281,0,0,0
46.0,47894.0,6.4,639.0,18839.0,0.39,2,0,1
44.0,39718.0,0.2,751.0,16887.0,0.133,1,0,0
41.0,56333.0,3.2,681.0,7019.0,0.237,1,1,0
44.0,65619.0,23.6,728.0,47502.0,0.459,0,0,1
38.0,37543.0,7.6,714.0,11291.0,0.233,0,0,1
43.0,49312.0,4.4,653.0,20566.0,0.292,2,0,1
30.0,67883.0,9.7,672.0,37186.0,0.439,1,0,0
42.0,39032.0,0.6,651.0,23002.0,0.287,0,0,0
45.0,26085.0,12.3,606.0,8700.0,0.217,1,0,1
31.0,27546.0,8.6,514.0,4045.0,0.42,1,0,1
39.0,45568.0,14.4,619.0,9364.0,0.271,1,1,0
31.0,30388.0,2.1,675.0,5281.0,0.278,0,0,0
32.0,47033.0,8.6,740.0,10964.0,0.102,0,0,0
26.0,116345.0,3.5,717.0,58491.0,0.287,2,0,0
52.0,29576.0,21.6,651.0,13363.0,0.368,0,0,1
50.0,48432.0,7.9,616.0,8547.0,0.257,1,0,0
44.0,143577.0,19.4,657.0,80566.0,0.172,0,0,0
60.0,66088.0,22.2,603.0,6462.0,0.252,1,1,0
36.0,46612.0,11.5,518.0,34130.0,0.238,3,0,0
70.0,51251.0,40.0,572.0,24326.0,0.275,2,0,0
35.0,66723.0,13.3,763.0,32882.0,0.248,2,0,0
41.0,117970.0,16.3,798.0,31194.0,0.466,1,0,1
34.0,43313.0,3.9,715.0,18786.0,0.33,0,0,0
42.0,39111.0,1.2,657.0,14459.0,0.126,1,0,0
47.0,29573.0,15.6,570.0,22566.0,0.307,5,0,0
37.0,57612.0,0.6,649.0,6174.0,0.296,1,0,0
58.0,29218.0,26.8,716.0,11513.0,0.419,1,0,0
41.0,44640.0,15.2,726.0,28732.0,0.284,1,0,0
41.0,36541.0,11.8,714.0,16751.0,0.282,1,1,0
28.0,89183.0,1.3,745.0,42265.0,0.486,0,0,0
43.0,43753.0,19.8,806.0,32089.0,0.193,1,1,0
37.0,65756.0,9.8,637.0,21816.0,0.38,1,0,0
31.0,26722.0,5.8,850.0,1377.0,0.306,0,0,0
29.0,58353.0,5.4,521.0,43429.0,0.25,3,0,1
67.0,32006.0,3.9,607.0,2394.0,0.235,2,0,0
35.0,45413.0,11.2,680.0,29430.0,0.436,1,0,1
22.0,148766.0,0.1,698.0,23013.0,0.347,0,0,0
30.0,83664.0,6.0,650.0,5481.0,0.36,1,0,0
37.0,51912.0,3.0,627.0,16404.0,0.389,1,0,0
44.0,232028.0,5.0,817.0,161965.0,0.334,0,0,0
44.0,36434.0,5.6,625.0,2831.0,0.194,2,0,0
45.0,92915.0,0.4,589.0,22951.0,0.143,0,0,0
31.0,27595.0,9.7,783.0,7155.0,0.454,0,0,0
42.0,49282.0,17.5,728.0,5968.0,0.321,0,0,0
28.0,29989.0,0.3,737.0,3581.0,0.308,0,0,0
31.0,61751.0,0.6,674.0,45148.0,0.48,2,0,1
28.0,56403.0,6.2,567.0,32233.0,0.194,0,1,0
25.0,47889.0,0.0,666.0,13569.0,0.048,2,0,0
50.0,89905.0,13.9,561.0,20565.0,0.119,2,1,0
46.0,42612.0,2.7,678.0,3501.0,0.247,2,0,0
49.0,63715.0,17.0,714.0,20331.0,0.312,1,0,0
38.0,79566.0,18.4,744.0,21948.0,0.439,1,0,0
47.0,28216.0,4.6,656.0,20818.0,0.384,1,0,1
21.0,39273.0,1.0,713.0,8459.0,0.044,1,0,0
47.0,56349.0,23.8,609.0,19940.0,0.58,1,1,0
40.0,73032.0,19.7,737.0,41008.0,0.259,2,1,0
45.0,104260.0,19.1,717.0,30328.0,0.423,0,0,0
42.0,49908.0,19.0,613.0,31759.0,0.355,4,0,1
27.0,47700.0,4.2,699.0,28367.0,0.301,0,0,0
22.0,37139.0,1.3,737.0,2845.0,0.276,0,0,0
30.0,63805.0,1.1,666.0,44145.0,0.189,1,1,0
44.0,48117.0,18.0,611.0,15538.0,0.171,2,0,0
46.0,48619.0,16.1,680.0,5926.0,0.283,2,0,0
23.0,52725.0,0.2,699.0,30251.0,0.161,0,0,0
27.0,70497.0,2.1,603.0,43028.0,0.465,1,0,1
30.0,42677.0,2.2,591.0,4407.0,0.31,2,0,0
34.0,38856.0,5.7,699.0,12257.0,0.509,1,0,1
23.0,66794.0,0.6,718.0,48199.0,0.256,0,0,0
22.0,15000.0,0.6,811.0,8281.0,0.241,0,1,0
29.0,41916.0,2.7,708.0,18881.0,0.359,0,0,0
39.0,32761.0,11.4,581.0,14025.0,0.274,2,0,0
25.0,94519.0,0.7,803.0,47856.0,0.397,0,1,0
37.0,45101.0,4.0,736.0,24344.0,0.444,0,1,0
50.0,42735.0,9.4,524.0,4343.0,0.41,4,0,1
24.0,53810.0,1.7,589.0,16176.0,0.436,2,1,0
36.0,42073.0,0.6,626.0,18722.0,0.382,3,0,0
49.0,45885.0,29.2,733.0,27428.0,0.245,0,0,0
33.0,57457.0,4.0,495.0,34881.0,0.414,3,0,1
32.0,45486.0,3.4,653.0,22931.0,0.37,2,0,0
51.0,45340.0,17.1,723.0,22212.0,0.238,1,0,0
35.0,34910.0,12.5,468.0,11374.0,0.251,3,0,0
50.0,32725.0,13.8,719.0,22123.0,0.291,2,0,0
43.0,56521.0,5.7,724.0,41673.0,0.411,0,0,0
34.0,63137.0,8.1,605.0,43232.0,0.312,3,0,1
43.0,28924.0,11.2,585.0,20361.0,0.299,1,1,0
42.0,77425.0,9.1,604.0,56645.0,0.284,1,0,1
49.0,77568.0,28.8,487.0,15634.0,0.265,1,0,0
32.0,85280.0,11.9,643.0,37132.0,0.184,2,0,0
38.0,62946.0,10.4,681.0,28383.0,0.38,0,0,1
37.0,73260.0,1.2,575.0,30335.0,0.198,4,0,1
46.0,147024.0,14.6,735.0,100912.0,0.307,1,0,0
27.0,48021.0,6.4,670.0,14108.0,0.259,1,0,0
49.0,34356.0,27.0,692.0,5874.0,0.377,0,1,0
43.0,27578.0,5.0,634.0,7052.0,0.266,0,0,0
24.0,121193.0,0.7,712.0,19069.0,0.199,1,1,0
51.0,121911.0,4.8,753.0,43107.0,0.399,0,0,0
63.0,36280.0,34.9,649.0,4992.0,0.217,3,0,0
49.0,39648.0,14.2,720.0,4587.0,0.315,1,0,0
54.0,47538.0,11.4,720.0,18457.0,0.427,1,1,1
39.0,95416.0,6.2,692.0,47790.0,0.227,0,0,0
21.0,30816.0,0.3,778.0,15585.0,0.29,1,0,0
21.0,22700.0,0.9,610.0,2706.0,0.257,0,0,0
41.0,145870.0,8.5,635.0,113586.0,0.313,2,0,1
31.0,63301.0,2.8,607.0,8945.0,0.293,2,1,0
28.0,67479.0,5.6,714.0,36800.0,0.392,0,0,0
37.0,50151.0,11.0,646.0,35932.0,0.238,0,0,0
45.0,67825.0,17.7,620.0,48398.0,0.427,1,1,1
22.0,27825.0,1.7,777.0,12079.0,0.46,0,0,0
33.0,37672.0,1.3,787.0,9723.0,0.326,2,0,1
55.0,57665.0,0.1,637.0,38688.0,0.221,1,0,1
26.0,19795.0,0.3,564.0,10084.0,0.296,2,1,0
48.0,48000.0,19.5,800.0,30878.0,0.288,0,0,0
33.0,46687.0,11.8,699.0,16340.0,0.477,1,0,1
44.0,47996.0,7.9,693.0,35281.0,0.29,0,0,1
50.0,42920.0,23.5,679.0,32070.0,0.438,2,0,0
46.0,35134.0,19.1,614.0,21186.0,0.311,2,0,1
48.0,24226.0,27.4,645.0,18337.0,0.305,1,0,1
25.0,58702.0,2.5,709.0,22901.0,0.265,0,0,0
50.0,48052.0,5.0,631.0,9411.0,0.274,2,0,0
29.0,29620.0,6.6,694.0,16052.0,0.389,0,0,0
41.0,56570.0,17.1,669.0,30549.0,0.227,3,0,0
41.0,48164.0,14.7,593.0,20156.0,0.396,2,0,1
43.0,44695.0,20.1,784.0,10971.0,0.444,2,0,0
42.0,20837.0,8.1,706.0,10799.0,0.241,0,0,0
29.0,74782.0,6.0,686.0,13878.0,0.421,0,0,0
23.0,31578.0,0.8,699.0,19420.0,0.405,0,1,0
48.0,56588.0,12.3,541.0,41316.0,0.387,4,0,1
40.0,38230.0,4.9,628.0,6689.0,0.236,2,0,1
51.0,46174.0,4.7,555.0,30715.0,0.288,2,0,1
38.0,92376.0,0.6,669.0,18369.0,0.288,0,0,0
23.0,69865.0,1.7,684.0,29715.0,0.509,0,0,0
49.0,91455.0,25.1,682.0,68311.0,0.299,1,0,0
34.0,63816.0,4.4,745.0,7150.0,0.282,0,0,0
42.0,65733.0,9.3,560.0,7712.0,0.185,0,1,0
31.0,24676.0,0.0,604.0,18977.0,0.203,1,0,0
56.0,47677.0,14.9,696.0,8064.0,0.232,3,0,0
28.0,49706.0,2.4,680.0,15237.0,0.336,1,0,0
34.0,95391.0,8.2,572.0,37607.0,0.158,5,0,1
39.0,43795.0,17.4,752.0,2410.0,0.233,0,0,0
26.0,61962.0,3.0,770.0,11838.0,0.114,0,0,0
42.0,60881.0,14.6,697.0,40870.0,0.44,0,0,0
56.0,92600.0,25.2,567.0,40664.0,0.311,2,0,0
33.0,51787.0,1.9,672.0,17889.0,0.331,1,0,0
42.0,79825.0,7.7,688.0,44820.0,0.191,0,0,0
21.0,25537.0,0.1,641.0,7497.0,0.416,0,0,1
38.0,26603.0,7.7,758.0,10080.0,0.45,1,0,1
35.0,19684.0,12.9,658.0,15655.0,0.307,1,0,0
29.0,78338.0,4.3,809.0,49409.0,0.252,0,0,0
50.0,74476.0,13.6,722.0,34667.0,0.355,0,0,0
34.0,82344.0,3.0,681.0,36648.0,0.373,0,0,0
36.0,40549.0,5.0,727.0,27703.0,0.387,1,0,1
34.0,42680.0,13.0,774.0,21368.0,0.366,0,0,1
21.0,52084.0,0.3,723.0,15858.0,0.396,0,0,0
26.0,105319.0,4.1,657.0,38267.0,0.231,1,0,0
49.0,117867.0,1.2,614.0,22105.0,0.391,4,0,0
21.0,78614.0,0.1,582.0,60504.0,0.255,2,0,1
30.0,63834.0,3.0,491.0,34417.0,0.049,2,0,1
34.0,100309.0,12.3,678.0,35001.0,0.254,0,0,0
57.0,49019.0,8.2,637.0,15682.0,0.245,1,0,0
46.0,46128.0,19.2,646.0,33684.0,0.324,1,0,0
32.0,51898.0,2.0,733.0,16620.0,0.384,1,0,0
52.0,35407.0,19.8,662.0,21856.0,0.319,0,0,0
30.0,50835.0,5.8,796.0,34393.0,0.501,1,0,0
49.0,33265.0,18.1,629.0,24361.0,0.247,1,0,0
23.0,87233.0,0.9,592.0,28769.0,0.101,5,0,1
50.0,70245.0,4.8,574.0,43833.0,0.328,2,0,0
34.0,104652.0,12.0,717.0,30889.0,0.246,0,0,0
27.0,26421.0,3.8,743.0,20027.0,0.191,3,0,0
36.0,129424.0,3.3,620.0,7555.0,0.27,2,0,0
41.0,27105.0,8.7,590.0,12947.0,0.222,2,0,0
33.0,32076.0,0.8,768.0,13872.0,0.232,1,0,0
44.0,41594.0,11.5,564.0,29458.0,0.452,4,0,1
32.0,99068.0,4.9,733.0,21026.0,0.312,1,0,0
45.0,60876.0,3.3,622.0,7029.0,0.273,2,0,0
43.0,49285.0,10.2,693.0,33752.0,0.46,0,1,1
37.0,38500.0,11.1,741.0,12034.0,0.27,1,0,0
33.0,29611.0,12.2,699.0,8697.0,0.177,1,0,0
40.0,91562.0,13.8,646.0,11810.0,0.167,2,0,0
44.0,78785.0,12.1,764.0,58304.0,0.292,0,0,0
61.0,101082.0,31.3,696.0,53040.0,0.136,0,0,0
48.0,65753.0,7.9,850.0,37422.0,0.183,1,0,0
49.0,16750.0,19.2,550.0,12118.0,0.262,1,0,1
70.0,31415.0,0.3,540.0,21453.0,0.413,2,0,1
44.0,67797.0,1.7,730.0,26364.0,0.429,0,0,0
43.0,46570.0,14.6,665.0,7909.0,0.366,1,0,0
46.0,42771.0,5.0,718.0,23705.0,0.3,1,1,0
27.0,33478.0,4.8,585.0,18012.0,0.243,5,1,1
33.0,84247.0,8.4,668.0,7187.0,0.339,1,0,0
32.0,67533.0,0.8,692.0,48931.0,0.478,0,0,1
45.0,68915.0,9.9,627.0,20773.0,0.314,1,1,0
36.0,41356.0,9.9,681.0,15367.0,0.254,1,0,0
40.0,59541.0,13.9,572.0,25920.0,0.284,2,0,1
50.0,30125.0,24.5,700.0,22112.0,0.273,0,0,0
47.0,51879.0,9.1,766.0,9228.0,0.355,0,0,0
36.0,17633.0,13.6,580.0,5757.0,0.224,4,1,1
31.0,27158.0,3.8,571.0,11570.0,0.341,2,0,0
50.0,47574.0,0.2,743.0,37770.0,0.357,1,0,0
47.0,160154.0,16.2,576.0,60829.0,0.334,1,0,1
21.0,24459.0,0.2,719.0,8534.0,0.191,0,0,0
35.0,31429.0,1.8,665.0,23611.0,0.285,2,0,0
40.0,60636.0,5.1,633.0,33114.0,0.247,0,0,1
47.0,121945.0,22.0,774.0,21058.0,0.293,0,0,0
48.0,60238.0,25.6,738.0,10954.0,0.233,1,0,0
41.0,75437.0,20.3,690.0,40233.0,0.424,0,0,0
44.0,47248.0,7.4,513.0,18913.0,0.319,5,0,1
39.0,43709.0,8.5,714.0,2479.0,0.138,1,0,0
31.0,57072.0,8.5,589.0,22055.0,0.167,4,0,0
35.0,40899.0,4.8,647.0,30869.0,0.42,1,1,0
38.0,76192.0,7.0,664.0,46518.0,0.282,0,0,0
38.0,26696.0,4.2,795.0,12519.0,0.261,0,0,0
21.0,82091.0,0.6,643.0,16122.0,0.413,1,0,0
34.0,55982.0,9.0,565.0,16891.0,0.285,2,0,1
39.0,49934.0,5.9,766.0,39822.0,0.18,0,0,0
35.0,26259.0,0.4,711.0,14292.0,0.187,0,0,0
35.0,35390.0,11.2,719.0,9103.0,0.363,0,0,1
43.0,94323.0,14.4,771.0,56923.0,0.503,0,0,0
26.0,50072.0,1.3,781.0,5935.0,0.384,0,0,0
21.0,62341.0,0.3,598.0,20444.0,0.262,1,0,1
34.0,37023.0,13.6,569.0,8214.0,0.277,4,0,1
46.0,54286.0,16.6,727.0,39195.0,0.305,0,0,0
57.0,29662.0,21.8,653.0,17837.0,0.098,1,0,0
47.0,57528.0,17.0,656.0,24342.0,0.302,2,0,0
22.0,64983.0,1.8,582.0,23124.0,0.358,2,0,1
35.0,63536.0,5.2,703.0,44090.0,0.477,1,0,1
41.0,36625.0,5.8,691.0,7199.0,0.409,1,0,0
40.0,47154.0,7.5,653.0,5002.0,0.493,1,0,0
44.0,70040.0,19.2,572.0,48246.0,0.468,5,0,1
28.0,50008.0,1.0,745.0,34624.0,0.439,1,0,1
39.0,48330.0,3.9,680.0,11227.0,0.303,0,0,0
43.0,129528.0,5.2,741.0,25447.0,0.334,0,0,0
47.0,35852.0,17.2,521.0,21188.0,0.133,1,0,0
29.0,89436.0,5.9,667.0,14090.0,0.313,0,0,0
34.0,32712.0,5.3,612.0,16894.0,0.357,1,0,1
21.0,73846.0,0.3,663.0,42530.0,0.272,0,1,0
31.0,75641.0,8.4,730.0,39068.0,0.146,1,0,0
32.0,43714.0,0.4,686.0,16183.0,0.458,0,0,0
27.0,31800.0,5.0,664.0,21056.0,0.341,1,0,1
40.0,22661.0,4.2,663.0,16939.0,0.472,0,0,1
37.0,41701.0,15.7,559.0,24157.0,0.374,5,1,0
21.0,69695.0,0.4,597.0,25384.0,0.437,2,0,0
40.0,33866.0,13.1,745.0,26983.0,0.416,1,0,1
28.0,57453.0,0.9,625.0,22238.0,0.232,1,0,1
43.0,28302.0,5.9,743.0,3883.0,0.249,1,0,0
24.0,49505.0,2.7,719.0,9254.0,0.257,0,0,0
38.0,32824.0,10.1,727.0,10207.0,0.203,1,0,0
35.0,53103.0,11.5,689.0,9470.0,0.477,1,1,0
41.0,43897.0,12.0,635.0,27818.0,0.304,2,0,1
39.0,32190.0,11.0,655.0,1950.0,0.346,2,1,0
35.0,40888.0,13.0,711.0,14491.0,0.167,0,0,0
21.0,36124.0,0.5,511.0,25600.0,0.382,2,0,1
22.0,30449.0,1.6,748.0,4211.0,0.259,0,0,0
32.0,89530.0,4.3,627.0,43159.0,0.426,0,0,0
38.0,46771.0,5.9,657.0,35096.0,0.231,1,0,1
31.0,20416.0,8.8,659.0,2117.0,0.433,0,0,1
45.0,41548.0,0.3,657.0,12975.0,0.394,1,0,0
35.0,83009.0,2.6,569.0,6495.0,0.253,1,0,1
27.0,39045.0,0.5,671.0,21930.0,0.442,2,0,1
35.0,107912.0,7.7,705.0,39186.0,0.415,1,1,0
40.0,37406.0,12.9,523.0,28447.0,0.349,2,0,1
42.0,68983.0,0.2,569.0,39215.0,0.201,3,0,1
59.0,87691.0,6.2,726.0,43973.0,0.38,0,0,0
31.0,67351.0,3.2,711.0,49351.0,0.307,1,0,0
37.0,29631.0,5.1,683.0,4363.0,0.305,0,0,0
43.0,35989.0,2.2,613.0,22946.0,0.307,1,0,1
38.0,93118.0,3.1,712.0,55624.0,0.297,0,0,0
32.0,38293.0,10.6,581.0,21250.0,0.213,0,0,0
21.0,85318.0,0.7,651.0,45096.0,0.148,4,0,0
32.0,45318.0,3.7,570.0,6493.0,0.128,2,0,0
26.0,58614.0,1.6,649.0,38717.0,0.33,3,0,1
21.0,29476.0,0.1,588.0,15515.0,0.058,1,1,0
29.0,41830.0,3.2,715.0,26295.0,0.373,0,0,0
26.0,37094.0,2.6,692.0,26228.0,0.351,1,1,0
44.0,60877.0,22.1,631.0,27810.0,0.27,1,0,0
45.0,57356.0,18.3,745.0,44030.0,0.403,1,0,0
28.0,67730.0,3.9,595.0,8934.0,0.274,1,0,0
35.0,44106.0,2.0,659.0,2339.0,0.342,0,1,0
21.0,36188.0,0.7,617.0,10764.0,0.104,1,0,0
33.0,59714.0,11.8,718.0,12684.0,0.076,0,0,0
42.0,34606.0,1.7,706.0,16099.0,0.276,0,0,0
47.0,89356.0,23.0,763.0,23252.0,0.342,1,0,0
30.0,52237.0,1.8,667.0,29572.0,0.395,2,1,0
50.0,47493.0,20.7,463.0,36047.0,0.282,2,0,1
21.0,67715.0,0.2,630.0,42454.0,0.325,0,0,0
24.0,53142.0,2.6,771.0,19407.0,0.379,0,0,0
46.0,26081.0,6.1,640.0,20581.0,0.287,4,0,1
56.0,34113.0,19.7,536.0,21436.0,0.359,1,1,1
43.0,88527.0,14.1,698.0,58265.0,0.187,1,1,0
38.0,57116.0,10.9,702.0,11627.0,0.134,1,1,0
21.0,25807.0,0.7,609.0,14585.0,0.247,3,1,0
21.0,64443.0,0.1,643.0,6636.0,0.377,1,0,0
39.0,42763.0,13.7,608.0,9685.0,0.229,0,0,0
34.0,37107.0,2.2,698.0,2313.0,0.365,0,0,0
26.0,32856.0,4.0,666.0,19021.0,0.197,0,0,0
39.0,86254.0,2.3,580.0,5668.0,0.242,1,1,0
39.0,22711.0,9.2,664.0,8787.0,0.324,2,0,0
48.0,37730.0,11.0,614.0,20248.0,0.233,2,0,0
40.0,58055.0,18.9,772.0,16183.0,0.25,0,0,0
52.0,111899.0,19.9,732.0,36419.0,0.039,1,1,0
38.0,70567.0,1.6,652.0,49476.0,0.384,3,1,1
37.0,37586.0,11.7,672.0,27289.0,0.288,1,1,0
50.0,109458.0,5.8,734.0,75967.0,0.205,0,0,0
27.0,29890.0,2.1,649.0,18306.0,0.483,0,1,1
69.0,61975.0,18.5,722.0,15999.0,0.221,1,1,0
42.0,68500.0,17.2,772.0,7262.0,0.248,1,0,0
42.0,36997.0,20.9,636.0,15410.0,0.204,2,1,0
44.0,75283.0,22.0,786.0,55957.0,0.41,1,0,0
59.0,43645.0,6.6,758.0,9494.0,0.443,0,0,0
47.0,75200.0,1.6,678.0,15579.0,0.433,0,0,0
21.0,24035.0,0.8,629.0,15256.0,0.432,5,0,1
53.0,63948.0,9.6,681.0,31590.0,0.24,2,0,0
34.0,45690.0,8.3,647.0,16139.0,0.467,0,0,0
39.0,92268.0,18.8,614.0,64311.0,0.28,3,0,0
24.0,53922.0,0.7,698.0,26255.0,0.146,0,0,0
44.0,96495.0,8.9,593.0,71425.0,0.257,1,0,1
31.0,69114.0,9.4,641.0,22539.0,0.333,2,0,0
39.0,51933.0,12.4,643.0,19893.0,0.236,1,0,0
35.0,78397.0,13.9,571.0,8289.0,0.315,1,1,0
59.0,78623.0,24.7,718.0,25613.0,0.354,1,0,0
60.0,68013.0,12.1,650.0,12568.0,0.341,0,1,0
39.0,19605.0,14.9,758.0,1463.0,0.366,0,0,0
39.0,35346.0,14.2,650.0,8547.0,0.282,0,0,0
34.0,102533.0,13.0,638.0,42856.0,0.227,2,0,0
50.0,31254.0,14.4,604.0,7361.0,0.153,4,0,0
34.0,81813.0,7.2,666.0,10784.0,0.291,1,0,0
33.0,75583.0,4.3,665.0,29376.0,0.246,2,0,1
49.0,39676.0,7.7,716.0,6383.0,0.288,0,1,0
32.0,22409.0,12.0,671.0,2566.0,0.093,1,1,0
38.0,42577.0,17.2,815.0,32790.0,0.148,0,0,0
21.0,140112.0,0.5,692.0,57021.0,0.351,0,0,0
46.0,37295.0,24.6,603.0,24307.0,0.136,1,1,0
59.0,38471.0,14.0,592.0,6851.0,0.281,1,0,0
46.0,35108.0,22.0,708.0,13908.0,0.217,1,0,0
54.0,95010.0,21.6,600.0,11158.0,0.211,2,0,0
29.0,49305.0,6.2,705.0,17693.0,0.309,1,0,1
41.0,41499.0,14.8,730.0,27796.0,0.303,0,0,0
28.0,103897.0,4.8,727.0,74760.0,0.355,0,1,0
35.0,71386.0,13.2,606.0,31357.0,0.19,0,0,0
46.0,36367.0,10.4,730.0,9630.0,0.212,0,0,0
39.0,31713.0,16.2,691.0,19031.0,0.412,0,0,0
22.0,92620.0,0.5,618.0,49014.0,0.278,1,0,1
24.0,55417.0,0.7,649.0,22325.0,0.337,0,0,1
23.0,27392.0,2.0,694.0,11136.0,0.25,0,0,0
43.0,24654.0,17.6,622.0,10352.0,0.346,1,0,0
61.0,33285.0,36.7,699.0,10133.0,0.051,1,0,0
53.0,31487.0,9.1,766.0,13830.0,0.415,0,0,0
21.0,21902.0,0.1,728.0,2038.0,0.254,1,1,0
54.0,33534.0,17.1,674.0,16017.0,0.175,4,1,0
48.0,36370.0,24.8,689.0,15354.0,0.194,0,1,0
21.0,44662.0,1.0,623.0,16321.0,0.274,3,1,0
35.0,117818.0,12.6,631.0,34520.0,0.289,2,0,0
50.0,48777.0,14.7,560.0,25185.0,0.314,0,1,0
44.0,51005.0,20.8,688.0,21102.0,0.181,0,0,0
24.0,69165.0,0.8,708.0,8689.0,0.387,1,0,0
45.0,49429.0,22.8,666.0,16353.0,0.248,4,1,0
21.0,65851.0,0.6,599.0,7071.0,0.243,2,0,1
36.0,62403.0,6.1,668.0,20866.0,0.277,0,0,0
51.0,58119.0,17.8,763.0,26132.0,0.366,2,1,0
38.0,190994.0,14.3,730.0,65563.0,0.297,0,0,0
33.0,82876.0,3.0,659.0,25378.0,0.246,1,0,0
48.0,33803.0,2.8,805.0,8818.0,0.268,1,0,0
49.0,64970.0,21.1,850.0,21851.0,0.422,0,0,0
52.0,38515.0,30.9,642.0,3928.0,0.406,0,0,0
48.0,67232.0,17.6,652.0,53478.0,0.337,0,0,1
50.0,29621.0,4.3,711.0,13819.0,0.315,0,0,0
46.0,33409.0,16.8,604.0,17611.0,0.531,1,0,1
41.0,64206.0,2.4,721.0,12029.0,0.346,1,0,0
39.0,86167.0,5.8,670.0,63983.0,0.318,1,0,1
35.0,68960.0,0.5,686.0,32988.0,0.28,0,0,0
25.0,80776.0,2.3,621.0,29143.0,0.336,1,1,0
27.0,65076.0,2.4,606.0,38063.0,0.02,2,0,0
35.0,59439.0,1.5,522.0,16540.0,0.403,1,0,1
41.0,43845.0,6.4,767.0,32927.0,0.173,1,0,1
54.0,79296.0,21.9,737.0,14034.0,0.228,0,0,0
38.0,87228.0,5.1,710.0,58865.0,0.16,0,0,0
49.0,53460.0,4.2,686.0,41429.0,0.226,0,1,0
50.0,52181.0,16.3,507.0,21854.0,0.266,3,0,1
35.0,112558.0,11.6,613.0,79634.0,0.389,3,0,1
45.0,54497.0,20.4,652.0,5650.0,0.429,0,1,0
35.0,56905.0,7.2,588.0,29331.0,0.494,2,0,1
53.0,68391.0,23.1,553.0,21692.0,0.31,2,1,0
45.0,52632.0,20.8,602.0,17012.0,0.278,1,0,1
25.0,38023.0,3.3,665.0,14744.0,0.378,0,1,0
40.0,65197.0,10.4,669.0,32441.0,0.215,2,0,0
56.0,54049.0,2.2,725.0,27674.0,0.203,1,0,0
36.0,126008.0,4.6,807.0,32599.0,0.263,1,0,0
43.0,78424.0,7.3,712.0,26504.0,0.297,0,0,0
44.0,42071.0,9.5,652.0,9977.0,0.093,0,1,0
27.0,76356.0,6.3,789.0,40042.0,0.407,0,0,0
44.0,63173.0,4.9,552.0,7993.0,0.324,3,0,1
23.0,99144.0,1.4,515.0,36453.0,0.38,1,0,0
31.0,43438.0,11.0,603.0,34049.0,0.143,4,0,0
50.0,59874.0,18.5,726.0,47395.0,0.233,0,0,0
42.0,52601.0,4.6,674.0,23064.0,0.228,1,1,0
35.0,56467.0,14.1,588.0,13303.0,0.28,2,1,0
43.0,36929.0,7.7,613.0,18007.0,0.297,1,0,0
37.0,71271.0,0.8,574.0,29673.0,0.387,2,0,0
38.0,66381.0,7.8,577.0,5434.0,0.31,5,1,0
45.0,98070.0,6.1,772.0,77654.0,0.226,0,0,0
30.0,54752.0,8.2,654.0,16173.0,0.519,1,0,0
38.0,45696.0,4.1,786.0,15969.0,0.273,2,0,0
35.0,78454.0,11.9,604.0,34141.0,0.209,2,0,0
21.0,38472.0,0.0,694.0,27326.0,0.111,0,0,0
28.0,89620.0,7.3,680.0,58194.0,0.309,0,0,0
55.0,89533.0,1.5,722.0,18279.0,0.369,0,0,0
42.0,96845.0,20.9,688.0,56880.0,0.186,0,1,0
23.0,65158.0,0.3,729.0,45996.0,0.362,0,1,0
21.0,44186.0,0.9,699.0,25880.0,0.308,0,1,1
37.0,57770.0,13.9,591.0,8919.0,0.123,3,0,1
55.0,65259.0,20.9,722.0,29639.0,0.363,1,0,0
36.0,42746.0,0.6,653.0,29021.0,0.273,0,0,0
52.0,100207.0,20.1,616.0,19712.0,0.187,1,1,0
42.0,71405.0,13.5,715.0,32411.0,0.396,0,0,0
43.0,36812.0,12.9,731.0,20326.0,0.394,0,0,0
23.0,128333.0,2.1,627.0,67571.0,0.185,1,0,1
48.0,57464.0,27.4,649.0,7468.0,0.329,2,0,0
34.0,33615.0,14.3,570.0,8676.0,0.32,2,0,1
47.0,37853.0,14.3,541.0,17568.0,0.293,3,1,0
29.0,107430.0,0.8,643.0,22192.0,0.248,0,1,0
40.0,125033.0,2.7,717.0,37545.0,0.285,0,0,0
42.0,86626.0,15.8,628.0,31299.0,0.394,1,0,0
36.0,99586.0,16.0,768.0,5997.0,0.341,2,1,0
42.0,95089.0,9.8,651.0,41156.0,0.107,2,0,0
35.0,70665.0,1.5,647.0,56254.0,0.086,0,0,0
31.0,63778.0,3.8,642.0,22718.0,0.114,3,0,0
56.0,70124.0,13.7,736.0,17932.0,0.164,0,0,1
50.0,76596.0,29.4,608.0,18364.0,0.224,0,0,0
30.0,39394.0,6.6,654.0,17191.0,0.255,0,1,0
44.0,76456.0,2.9,623.0,29971.0,0.293,1,0,0
30.0,106029.0,3.3,622.0,73848.0,0.297,2,0,1
25.0,50122.0,0.2,663.0,26536.0,0.295,2,0,1
49.0,47769.0,19.2,662.0,16671.0,0.414,0,0,0
21.0,68155.0,0.7,734.0,23126.0,0.132,0,0,0
48.0,41058.0,1.6,660.0,18903.0,0.333,3,0,1
35.0,30410.0,5.1,701.0,7299.0,0.333,1,0,0
36.0,92186.0,14.2,679.0,33845.0,0.174,2,0,0
43.0,44899.0,18.6,768.0,11843.0,0.353,1,0,0
44.0,55459.0,14.0,646.0,24213.0,0.337,2,1,0
29.0,41795.0,4.3,641.0,19224.0,0.296,1,0,0
46.0,97697.0,25.7,725.0,66933.0,0.058,0,0,0
39.0,80742.0,13.9,645.0,19248.0,0.396,0,0,0
24.0,49353.0,4.0,697.0,35956.0,0.323,2,0,0
36.0,32342.0,1.2,824.0,14601.0,0.34,0,0,0
53.0,47050.0,7.0,595.0,28001.0,0.02,1,0,1
56.0,71087.0,1.1,768.0,36166.0,0.247,0,0,0
46.0,59873.0,22.5,637.0,40221.0,0.157,1,0,0
25.0,57768.0,3.4,755.0,31619.0,0.429,0,1,0
43.0,60497.0,4.2,710.0,3527.0,0.189,0,0,0
47.0,77385.0,26.7,715.0,26520.0,0.448,1,0,0
46.0,53974.0,24.8,662.0,40684.0,0.395,1,0,0
47.0,67346.0,6.0,645.0,26170.0,0.322,2,1,0
42.0,35277.0,14.2,617.0,23681.0,0.414,1,0,1
37.0,173567.0,11.5,666.0,121796.0,0.206,3,0,0
31.0,48405.0,0.0,647.0,14494.0,0.223,1,0,0
21.0,60277.0,0.7,674.0,41790.0,0.392,0,0,0
42.0,70969.0,4.8,564.0,23638.0,0.206,1,0,0
40.0,45717.0,18.1,671.0,3155.0,0.167,0,0,0
44.0,55194.0,20.2,759.0,31505.0,0.268,3,0,0
23.0,54893.0,3.0,728.0,36516.0,0.212,0,0,0
45.0,36453.0,19.0,671.0,14169.0,0.487,0,0,0
61.0,67000.0,6.7,843.0,12064.0,0.378,1,0,0
39.0,26185.0,6.8,623.0,13393.0,0.242,0,0,0
37.0,121032.0,12.3,660.0,73066.0,0.2,1,0,0
41.0,78584.0,6.9,562.0,42523.0,0.334,4,0,1
60.0,73328.0,28.7,646.0,23233.0,0.419,0,0,0
27.0,25175.0,2.3,786.0,8213.0,0.329,0,0,0
40.0,38501.0,3.6,636.0,17781.0,0.205,1,0,0
29.0,102775.0,4.8,555.0,20046.0,0.156,4,0,1
32.0,300000.0,8.2,725.0,205390.0,0.262,1,0,0
37.0,94155.0,9.0,692.0,11933.0,0.332,0,0,0
53.0,87703.0,21.1,729.0,36389.0,0.253,0,0,0
58.0,69656.0,16.6,647.0,48382.0,0.401,2,0,1
43.0,37561.0,17.8,598.0,16792.0,0.353,1,0,1
34.0,86070.0,9.0,652.0,53425.0,0.324,2,0,0
65.0,33508.0,26.1,712.0,7696.0,0.351,1,0,0
33.0,31899.0,5.8,658.0,12253.0,0.161,1,0,1
32.0,31008.0,6.3,690.0,18133.0,0.25,1,0,0
21.0,85320.0,0.1,622.0,61110.0,0.196,1,0,0
53.0,53597.0,22.2,701.0,28529.0,0.338,0,0,0
49.0,57554.0,5.9,663.0,13357.0,0.197,2,1,0
65.0,54620.0,38.4,630.0,8724.0,0.308,2,0,0
23.0,33141.0,2.2,671.0,22574.0,0.284,0,0,0
54.0,40671.0,18.0,642.0,18933.0,0.36,2,0,0
39.0,41602.0,15.9,711.0,7817.0,0.18,0,0,0
47.0,29223.0,18.0,730.0,12106.0,0.345,1,0,0
21.0,43835.0,0.1,695.0,6345.0,0.193,2,1,0
54.0,33810.0,25.3,558.0,4357.0,0.204,6,0,0
47.0,71328.0,26.5,606.0,52781.0,0.286,3,1,1
38.0,74052.0,0.7,616.0,33951.0,0.419,1,0,1
45.0,30729.0,6.1,607.0,7273.0,0.216,2,0,0
30.0,48127.0,5.7,625.0,34216.0,0.122,1,0,0
32.0,126794.0,4.8,727.0,101329.0,0.205,1,0,0
33.0,35374.0,8.2,713.0,25227.0,0.261,1,0,0
21.0,66641.0,0.6,631.0,40697.0,0.487,0,0,0
47.0,57675.0,21.7,712.0,44499.0,0.339,0,0,0
51.0,89939.0,2.2,684.0,17812.0,0.225,1,0,0
30.0,62821.0,4.5,660.0,44494.0,0.286,0,0,0
42.0,45297.0,18.8,750.0,14452.0,0.457,0,0,0
35.0,56677.0,5.5,616.0,4204.0,0.276,1,0,0
42.0,57051.0,10.9,669.0,4238.0,0.277,0,0,0
31.0,52777.0,0.2,587.0,10074.0,0.259,2,0,0
28.0,30378.0,1.9,591.0,19279.0,0.37,4,0,1
50.0,96228.0,13.7,572.0,69525.0,0.247,2,0,0
37.0,88875.0,6.9,594.0,12973.0,0.387,0,0,1
60.0,34379.0,28.8,680.0,23517.0,0.406,1,0,1
39.0,48039.0,11.3,644.0,29621.0,0.361,1,0,0
28.0,49702.0,6.9,645.0,4432.0,0.278,0,0,0
51.0,32684.0,26.9,653.0,19563.0,0.16,1,1,0
45.0,23743.0,6.0,787.0,1871.0,0.278,0,0,0
46.0,40673.0,0.5,581.0,10044.0,0.233,2,0,0
51.0,46850.0,26.6,586.0,20997.0,0.222,1,0,0
31.0,28754.0,3.6,603.0,21046.0,0.276,1,0,1
37.0,59559.0,5.8,658.0,7684.0,0.348,0,0,0
36.0,92816.0,2.6,697.0,28887.0,0.238,1,1,0
24.0,80341.0,2.6,705.0,38780.0,0.163,0,0,0
35.0,51952.0,4.2,728.0,31439.0,0.204,1,0,0
53.0,24026.0,5.8,655.0,17696.0,0.469,0,0,1
41.0,75899.0,10.4,637.0,30484.0,0.355,3,0,1
23.0,58745.0,2.4,776.0,39986.0,0.204,0,0,0
21.0,66572.0,0.3,465.0,34136.0,0.429,3,1,1
56.0,131444.0,26.2,678.0,26688.0,0.276,0,0,0
37.0,37946.0,7.9,694.0,18392.0,0.528,1,0,0
31.0,15084.0,4.4,793.0,4305.0,0.326,1,1,0
35.0,34236.0,5.4,546.0,19779.0,0.357,2,0,1
22.0,68447.0,0.3,631.0,18029.0,0.384,2,0,1
54.0,55670.0,11.2,571.0,13758.0,0.449,4,0,1
34.0,31826.0,12.0,540.0,24157.0,0.256,1,0,0
53.0,29034.0,3.4,647.0,21239.0,0.44,1,0,1
39.0,46888.0,17.8,727.0,18230.0,0.238,0,1,0
54.0,31393.0,3.6,746.0,19593.0,0.264,0,0,0
41.0,69520.0,7.5,627.0,54681.0,0.301,2,0,0
47.0,45704.0,16.6,715.0,5323.0,0.392,1,1,0
46.0,41477.0,21.7,657.0,20930.0,0.267,0,0,0
45.0,39099.0,3.6,701.0,9389.0,0.465,0,0,0
42.0,61914.0,3.1,742.0,40244.0,0.433,0,0,1
35.0,56065.0,9.7,651.0,7067.0,0.304,1,1,0
59.0,60233.0,11.4,741.0,38646.0,0.203,0,0,0
28.0,59644.0,5.2,578.0,11956.0,0.4,2,1,0
38.0,53242.0,14.8,713.0,20872.0,0.09,0,1,0
38.0,34551.0,1.4,733.0,22816.0,0.374,0,0,1
42.0,39593.0,18.9,735.0,3983.0,0.218,0,0,0
33.0,46050.0,0.5,577.0,34359.0,0.426,1,0,0
41.0,139306.0,19.3,655.0,29674.0,0.161,1,0,0
36.0,29975.0,15.7,689.0,12756.0,0.234,0,0,0
21.0,45549.0,0.7,691.0,27372.0,0.344,0,0,0
38.0,57487.0,17.8,677.0,8199.0,0.36,0,0,0
26.0,47982.0,4.8,762.0,24306.0,0.237,1,0,0
21.0,89177.0,0.0,569.0,38941.0,0.267,2,0,1
40.0,47871.0,0.1,643.0,23427.0,0.395,1,0,0
43.0,49491.0,0.5,542.0,27065.0,0.401,3,0,1
44.0,79354.0,10.8,709.0,29002.0,0.265,1,0,0
44.0,124232.0,15.1,706.0,34049.0,0.239,1,0,0
21.0,103618.0,0.5,850.0,19469.0,0.163,0,0,0
23.0,51720.0,2.1,733.0,39012.0,0.325,0,1,0
60.0,53788.0,17.9,692.0,18881.0,0.381,1,0,0
26.0,56169.0,0.3,678.0,14698.0,0.315,2,0,0
45.0,58761.0,5.6,641.0,5254.0,0.208,3,0,0
30.0,37563.0,10.4,674.0,23041.0,0.479,2,0,0
39.0,83831.0,6.5,683.0,37373.0,0.09,1,1,0
31.0,60359.0,3.6,524.0,11663.0,0.388,7,0,1
44.0,53901.0,3.7,676.0,38810.0,0.322,0,0,0
40.0,31041.0,19.3,677.0,23291.0,0.347,0,0,0
33.0,56563.0,3.0,784.0,40189.0,0.221,1,0,0
26.0,23462.0,4.2,653.0,11044.0,0.285,2,0,1
41.0,42334.0,0.9,607.0,13969.0,0.329,1,1,0
25.0,42689.0,0.3,679.0,7317.0,0.291,1,0,0
43.0,62582.0,16.3,673.0,20836.0,0.121,0,0,0
67.0,128158.0,29.8,666.0,65249.0,0.471,0,0,0
53.0,71143.0,22.3,582.0,15645.0,0.365,0,0,0
46.0,105543.0,6.0,652.0,42003.0,0.303,2,0,0
37.0,73529.0,16.8,628.0,35281.0,0.31,0,1,0
21.0,91250.0,0.6,645.0,54620.0,0.468,0,0,1
23.0,126854.0,3.3,713.0,15034.0,0.226,1,0,1
52.0,39567.0,5.3,615.0,27707.0,0.203,1,1,0
29.0,38422.0,3.8,646.0,15064.0,0.385,0,1,0
30.0,74314.0,3.5,700.0,36150.0,0.346,0,0,0
36.0,54909.0,12.2,647.0,41469.0,0.199,1,0,0
26.0,60733.0,4.7,845.0,10688.0,0.409,0,0,0
25.0,49177.0,2.2,679.0,35081.0,0.329,0,1,1
37.0,42057.0,0.3,573.0,27477.0,0.21,2,0,1
28.0,114055.0,1.4,602.0,90733.0,0.349,2,1,1
30.0,33528.0,0.5,594.0,11560.0,0.334,2,0,0
29.0,74904.0,8.0,606.0,10871.0,0.291,0,0,0
44.0,69633.0,6.9,701.0,4222.0,0.338,1,0,0
35.0,27025.0,1.8,583.0,17416.0,0.363,1,0,1
36.0,37844.0,5.7,640.0,5769.0,0.391,2,0,0
45.0,40818.0,1.9,741.0,11409.0,0.311,0,0,0
36.0,70909.0,16.1,632.0,56053.0,0.273,1,0,0
35.0,46626.0,4.7,709.0,17791.0,0.324,0,1,0
43.0,52922.0,21.6,553.0,11823.0,0.419,1,0,0
45.0,28542.0,17.3,643.0,17551.0,0.363,1,0,0
36.0,156647.0,9.3,603.0,39736.0,0.267,1,0,0
39.0,56791.0,9.0,685.0,25457.0,0.306,2,1,0
29.0,68847.0,6.5,591.0,11566.0,0.467,2,0,0
29.0,43123.0,5.9,808.0,17060.0,0.375,0,0,0
46.0,41003.0,0.3,545.0,5390.0,0.315,1,0,1
43.0,130066.0,20.8,750.0,81918.0,0.414,0,0,1
43.0,23215.0,8.5,726.0,7518.0,0.246,0,0,0
41.0,62348.0,7.5,685.0,18025.0,0.333,3,0,0
39.0,31886.0,7.5,668.0,25360.0,0.488,4,0,0
46.0,45837.0,17.6,799.0,30815.0,0.365,1,0,0
48.0,41272.0,10.6,838.0,19210.0,0.462,1,0,0
48.0,35292.0,10.5,651.0,26757.0,0.292,0,0,0
37.0,55884.0,1.1,672.0,11655.0,0.252,2,0,0
53.0,17318.0,13.9,628.0,8314.0,0.416,0,0,0
41.0,47721.0,3.1,580.0,35637.0,0.117,1,1,1
45.0,52810.0,21.4,703.0,25205.0,0.318,1,0,0
41.0,29834.0,7.1,681.0,8383.0,0.403,0,0,0
41.0,108666.0,19.9,557.0,71583.0,0.356,1,0,1
30.0,42091.0,6.8,695.0,6486.0,0.09,0,0,0
46.0,49425.0,19.4,690.0,8106.0,0.165,2,1,0
69.0,42133.0,40.0,638.0,25210.0,0.289,2,1,0
34.0,53018.0,3.3,615.0,5408.0,0.347,1,0,0
39.0,99087.0,10.7,695.0,8717.0,0.351,0,0,0
33.0,167367.0,0.5,773.0,55952.0,0.299,0,0,0
33.0,76928.0,1.3,689.0,26804.0,0.373,0,0,1
55.0,89741.0,12.8,721.0,36097.0,0.344,0,0,0
31.0,119072.0,7.2,605.0,72104.0,0.287,1,0,0
33.0,61518.0,10.6,636.0,29322.0,0.354,2,0,1
21.0,111491.0,0.3,703.0,65240.0,0.235,0,0,0
30.0,78564.0,7.2,569.0,6868.0,0.364,0,0,1
21.0,58682.0,0.2,675.0,16829.0,0.215,0,0,0
45.0,64392.0,0.2,695.0,49891.0,0.349,0,0,0
69.0,24233.0,2.7,659.0,8986.0,0.346,1,0,0
34.0,62727.0,8.2,686.0,13603.0,0.27,0,0,0
21.0,27458.0,0.5,664.0,21803.0,0.363,1,0,1
48.0,26469.0,7.5,620.0,9489.0,0.454,2,1,0
30.0,59987.0,0.1,578.0,24540.0,0.198,2,0,0
52.0,33315.0,18.3,663.0,7258.0,0.395,2,1,1
35.0,54824.0,12.2,757.0,29729.0,0.409,1,0,0
31.0,58535.0,0.8,732.0,12024.0,0.279,0,0,0
36.0,59722.0,11.8,642.0,30306.0,0.38,2,0,0
46.0,36616.0,16.7,643.0,22631.0,0.275,0,0,0
35.0,82413.0,7.4,633.0,44445.0,0.426,0,0,0
33.0,52835.0,0.6,630.0,6223.0,0.026,3,0,0
36.0,67075.0,14.6,687.0,7367.0,0.444,1,0,0
24.0,32103.0,1.9,735.0,21886.0,0.189,0,0,1
42.0,50759.0,8.9,823.0,36974.0,0.309,0,0,0
21.0,90118.0,0.9,602.0,13675.0,0.219,0,0,0
33.0,85107.0,11.1,711.0,28221.0,0.45,0,0,0
46.0,38419.0,19.2,708.0,20767.0,0.277,1,0,0
41.0,43027.0,17.7,646.0,29113.0,0.246,2,0,0
44.0,35249.0,3.0,590.0,25793.0,0.412,0,0,1
37.0,40933.0,13.2,686.0,23496.0,0.373,0,1,0
51.0,29305.0,10.1,813.0,4707.0,0.267,1,0,0
48.0,51684.0,24.4,691.0,32368.0,0.201,0,0,0
43.0,73130.0,8.5,609.0,50772.0,0.187,2,0,1
48.0,38631.0,1.5,650.0,12110.0,0.428,0,0,0
46.0,52803.0,10.9,586.0,22210.0,0.342,3,0,0
33.0,49805.0,10.0,666.0,8705.0,0.317,0,0,0
23.0,88423.0,1.6,709.0,24616.0,0.349,0,1,0
43.0,41767.0,17.3,620.0,29335.0,0.105,0,0,1
44.0,42457.0,0.8,433.0,4952.0,0.268,3,0,1
50.0,37586.0,5.3,682.0,23371.0,0.27,0,0,0
28.0,32965.0,4.3,627.0,4062.0,0.398,2,0,0
28.0,69788.0,3.1,609.0,18806.0,0.153,2,0,0
43.0,51756.0,15.7,615.0,25195.0,0.405,0,0,1
37.0,56373.0,16.6,696.0,2959.0,0.479,2,0,0
21.0,97604.0,0.7,632.0,54320.0,0.128,1,0,0
42.0,100160.0,9.2,730.0,28761.0,0.302,0,0,0
21.0,26220.0,0.5,727.0,16032.0,0.35,0,0,0
28.0,73616.0,6.9,645.0,57525.0,0.387,0,0,1
53.0,60878.0,22.1,635.0,22060.0,0.084,2,1,0
58.0,44684.0,30.6,684.0,3239.0,0.334,1,0,0
25.0,63739.0,1.4,651.0,43767.0,0.278,2,0,0
34.0,25291.0,10.7,543.0,6473.0,0.272,0,0,0
38.0,106221.0,2.6,795.0,17151.0,0.507,0,0,0
58.0,69343.0,28.2,724.0,49192.0,0.278,0,0,0
33.0,37263.0,11.1,633.0,8362.0,0.345,2,0,0
33.0,42262.0,11.5,532.0,21299.0,0.288,5,0,1
55.0,25557.0,4.1,649.0,6146.0,0.324,6,1,1
34.0,47754.0,11.5,625.0,27904.0,0.355,1,1,0
46.0,44261.0,2.9,657.0,23749.0,0.389,0,0,0
22.0,30297.0,0.8,509.0,13084.0,0.222,5,0,1
36.0,78011.0,11.0,632.0,36374.0,0.315,1,1,0
21.0,97699.0,0.5,631.0,21536.0,0.319,3,1,0
26.0,54327.0,2.2,648.0,3610.0,0.135,1,0,1
47.0,47932.0,18.6,653.0,31182.0,0.205,0,0,0
37.0,66892.0,11.5,669.0,47960.0,0.389,0,1,0
34.0,54516.0,8.4,771.0,34531.0,0.254,2,1,0
30.0,33796.0,5.2,627.0,19634.0,0.561,1,1,0
36.0,41002.0,11.0,602.0,16563.0,0.396,1,1,0
41.0,48132.0,8.6,543.0,23485.0,0.345,1,0,1
49.0,61499.0,2.0,625.0,34976.0,0.451,2,0,0
21.0,55232.0,0.5,562.0,3848.0,0.377,1,0,1
29.0,60461.0,6.4,730.0,22235.0,0.318,1,0,0
40.0,27692.0,5.9,656.0,6051.0,0.159,1,0,0
37.0,74194.0,2.4,727.0,23990.0,0.367,0,0,0
42.0,55085.0,20.5,773.0,33708.0,0.44,0,0,0
41.0,173478.0,18.1,608.0,55954.0,0.241,3,0,1
35.0,46196.0,9.1,640.0,27917.0,0.117,2,0,1
32.0,63618.0,9.6,758.0,49550.0,0.193,0,1,0
35.0,196465.0,14.8,681.0,145882.0,0.476,0,0,1
51.0,60020.0,17.4,705.0,40261.0,0.308,0,0,0
30.0,53351.0,2.4,734.0,36799.0,0.446,0,1,0
37.0,35277.0,11.1,728.0,12186.0,0.302,1,1,0
40.0,109405.0,18.3,698.0,65499.0,0.25,1,0,1
55.0,32646.0,24.3,770.0,17964.0,0.513,0,0,0
35.0,66656.0,0.4,655.0,52469.0,0.263,1,0,1
49.0,44444.0,26.2,709.0,21385.0,0.275,0,0,0
52.0,50508.0,23.8,660.0,18805.0,0.346,1,0,0
37.0,28979.0,7.0,735.0,19646.0,0.271,0,0,0
36.0,100659.0,15.5,619.0,61622.0,0.378,2,0,1
34.0,48537.0,10.4,547.0,6972.0,0.345,4,0,1
35.0,31834.0,12.5,712.0,15828.0,0.349,1,1,0
47.0,96645.0,25.8,602.0,47765.0,0.238,2,0,0
41.0,43837.0,0.8,582.0,22958.0,0.134,0,1,0
41.0,63938.0,15.9,757.0,48345.0,0.217,0,0,0
26.0,80316.0,2.2,729.0,40281.0,0.226,0,1,0
27.0,68078.0,6.4,639.0,47825.0,0.329,2,1,0
62.0,20468.0,36.5,465.0,6525.0,0.218,3,0,0
36.0,75207.0,13.3,704.0,6997.0,0.153,1,0,0
29.0,52565.0,7.4,710.0,17421.0,0.185,2,0,0
54.0,47431.0,26.8,710.0,21320.0,0.339,1,1,0
41.0,52366.0,6.3,696.0,35346.0,0.369,1,0,1
44.0,26651.0,9.9,652.0,13962.0,0.249,0,0,0
36.0,59968.0,1.9,632.0,22887.0,0.26,1,0,0
34.0,29766.0,12.0,589.0,11799.0,0.361,1,1,0
36.0,48362.0,10.4,616.0,38568.0,0.317,2,1,0
23.0,59007.0,1.7,683.0,9206.0,0.419,1,0,0
37.0,89179.0,4.2,686.0,18205.0,0.284,4,0,1
41.0,38035.0,13.1,722.0,19739.0,0.217,2,1,0
58.0,105694.0,17.4,570.0,60885.0,0.409,5,0,0
39.0,84219.0,18.9,553.0,29159.0,0.269,2,0,0
21.0,45336.0,0.9,634.0,3359.0,0.221,1,1,0
37.0,33395.0,8.9,593.0,14744.0,0.389,2,1,0
68.0,28721.0,38.9,692.0,4546.0,0.445,1,0,0
48.0,62154.0,4.5,571.0,5720.0,0.318,3,0,0
29.0,39471.0,0.9,743.0,12179.0,0.2,2,1,0
45.0,94353.0,15.5,610.0,14317.0,0.453,2,0,0
30.0,40510.0,7.2,775.0,15363.0,0.338,0,0,0
23.0,36673.0,0.2,697.0,22784.0,0.322,1,0,0
34.0,61097.0,2.8,588.0,5211.0,0.26,2,0,0
39.0,40391.0,10.2,812.0,17163.0,0.413,0,1,0
21.0,55212.0,0.1,679.0,23340.0,0.189,1,0,1
25.0,85715.0,2.3,673.0,4400.0,0.18,1,0,0
38.0,57979.0,8.7,660.0,35001.0,0.489,1,0,0
34.0,58077.0,12.5,699.0,6813.0,0.214,0,1,0
42.0,60319.0,7.1,700.0,45182.0,0.396,0,0,1
25.0,25673.0,0.8,600.0,13594.0,0.438,2,0,1
46.0,65606.0,0.2,645.0,17442.0,0.321,3,0,1
25.0,59104.0,0.6,668.0,43971.0,0.212,3,0,1
56.0,82198.0,27.1,714.0,28798.0,0.363,0,0,0
21.0,72237.0,0.4,702.0,17712.0,0.439,1,0,0
26.0,50222.0,1.2,672.0,16994.0,0.334,0,0,0
43.0,87524.0,21.1,632.0,44522.0,0.225,1,0,0
56.0,48214.0,28.6,632.0,28576.0,0.331,2,0,0
41.0,61470.0,2.5,578.0,33585.0,0.162,2,0,0
44.0,47814.0,6.5,705.0,35427.0,0.203,0,0,0
38.0,67703.0,15.5,625.0,51937.0,0.274,2,0,1
27.0,46428.0,4.6,649.0,9183.0,0.306,3,0,0
33.0,115438.0,11.9,683.0,84778.0,0.18,1,0,0
25.0,136339.0,0.4,660.0,17726.0,0.325,1,0,0
24.0,81500.0,3.1,661.0,62565.0,0.352,0,0,1
42.0,110048.0,1.7,598.0,26908.0,0.279,1,0,0
26.0,27514.0,1.9,680.0,6860.0,0.084,1,1,0
42.0,29012.0,16.2,646.0,10623.0,0.31,0,0,0
24.0,47590.0,2.6,655.0,8866.0,0.481,0,0,0
41.0,56030.0,0.0,741.0,37584.0,0.346,1,0,0
33.0,50307.0,2.5,697.0,7222.0,0.302,1,0,0
53.0,26269.0,26.1,633.0,9968.0,0.263,2,0,0
42.0,92347.0,2.7,651.0,67447.0,0.358,3,0,1
52.0,144998.0,10.3,777.0,76348.0,0.321,0,1,0
30.0,97883.0,1.8,639.0,49468.0,0.371,2,0,0
39.0,89642.0,2.1,664.0,71353.0,0.19,2,0,0
27.0,60891.0,6.0,710.0,4074.0,0.312,1,0,0
33.0,37637.0,0.8,675.0,10909.0,0.254,1,1,0
35.0,56825.0,8.1,638.0,8169.0,0.337,0,0,0
30.0,141861.0,6.9,611.0,26731.0,0.105,2,1,0
25.0,46943.0,0.3,659.0,9952.0,0.261,4,0,0
22.0,44818.0,1.6,707.0,23313.0,0.354,1,0,1
21.0,90524.0,0.3,753.0,23000.0,0.37,0,0,0
26.0,93269.0,5.3,560.0,51125.0,0.297,1,1,1
45.0,37554.0,19.9,793.0,22666.0,0.084,0,0,0
21.0,48895.0,0.8,640.0,17183.0,0.364,2,0,1
23.0,43881.0,1.2,725.0,19845.0,0.458,0,0,0
58.0,56752.0,31.0,624.0,8460.0,0.216,0,0,0
31.0,90377.0,6.9,551.0,55535.0,0.257,5,0,0
42.0,38303.0,8.2,572.0,13955.0,0.381,3,0,0
45.0,89809.0,2.0,638.0,60709.0,0.383,0,0,0
45.0,57574.0,1.7,698.0,25601.0,0.41,1,0,0
21.0,156667.0,0.3,662.0,89703.0,0.401,1,1,0
35.0,63485.0,4.6,645.0,20248.0,0.147,1,0,0
21.0,52653.0,0.9,739.0,17314.0,0.252,1,0,0
65.0,71233.0,40.0,680.0,26882.0,0.363,0,0,0
21.0,47258.0,0.1,680.0,24906.0,0.291,0,1,0
26.0,24519.0,6.1,850.0,10541.0,0.337,0,1,0
27.0,49358.0,4.6,662.0,32241.0,0.287,0,0,0
22.0,49009.0,0.8,612.0,4465.0,0.256,3,0,0
53.0,26864.0,31.4,709.0,19487.0,0.276,2,1,0
65.0,53222.0,31.9,727.0,39625.0,0.188,1,0,0
33.0,21696.0,7.6,685.0,5056.0,0.228,1,0,0
23.0,47034.0,0.7,671.0,5907.0,0.293,1,0,0
21.0,61372.0,0.2,764.0,29391.0,0.295,2,0,0
35.0,57454.0,14.0,762.0,5638.0,0.357,0,0,0
35.0,45712.0,3.1,653.0,10161.0,0.271,3,0,0
31.0,52923.0,0.4,615.0,22793.0,0.468,1,0,0
40.0,38648.0,5.4,693.0,19725.0,0.423,2,0,1
42.0,55268.0,10.7,620.0,10818.0,0.25,0,0,0
42.0,56457.0,8.2,726.0,42317.0,0.32,0,0,0
35.0,36680.0,13.6,696.0,6822.0,0.421,0,0,0
26.0,62041.0,2.5,848.0,10252.0,0.236,0,1,0
45.0,61867.0,22.5,774.0,10625.0,0.225,1,0,0
38.0,51036.0,10.8,590.0,38132.0,0.43,2,1,0
48.0,163499.0,14.6,631.0,115933.0,0.369,1,0,1
47.0,51626.0,4.3,528.0,3861.0,0.407,2,0,0
22.0,48506.0,0.6,511.0,28859.0,0.332,3,0,1
22.0,45479.0,1.9,669.0,4781.0,0.275,0,0,0
30.0,35531.0,7.6,580.0,3783.0,0.166,3,1,1
26.0,74888.0,2.9,776.0,8014.0,0.314,0,0,0
46.0,40388.0,23.9,753.0,27149.0,0.423,2,0,1
42.0,42596.0,17.9,650.0,15785.0,0.424,0,0,0
50.0,43169.0,3.4,639.0,20193.0,0.407,2,0,1
42.0,35308.0,13.5,771.0,2581.0,0.379,0,0,0
40.0,25012.0,16.2,788.0,18150.0,0.521,0,0,1
51.0,44657.0,25.2,607.0,35123.0,0.145,0,1,0
43.0,81478.0,2.1,587.0,18445.0,0.323,2,0,0
39.0,60098.0,4.2,641.0,32596.0,0.206,4,1,1
54.0,111007.0,14.2,697.0,62064.0,0.455,0,1,0
39.0,77112.0,4.8,626.0,59740.0,0.245,0,1,0
35.0,69625.0,1.6,692.0,28743.0,0.401,1,0,1
29.0,128320.0,5.5,799.0,29313.0,0.255,0,1,0
46.0,52647.0,13.1,568.0,16858.0,0.342,3,0,0
52.0,56583.0,4.9,631.0,29973.0,0.289,3,0,1
37.0,54717.0,10.2,568.0,22126.0,0.299,2,0,0
52.0,110171.0,2.0,602.0,12070.0,0.333,3,0,1
21.0,55062.0,0.4,640.0,36095.0,0.392,1,0,0
37.0,41084.0,13.8,616.0,28685.0,0.289,3,0,0
38.0,71650.0,15.6,704.0,29287.0,0.389,1,0,0
30.0,38092.0,2.5,672.0,16860.0,0.404,0,1,0
64.0,69923.0,38.0,700.0,29275.0,0.258,0,0,0
37.0,66258.0,15.4,646.0,29638.0,0.489,2,0,0
34.0,50506.0,8.2,649.0,6413.0,0.375,1,1,0
38.0,70948.0,18.0,644.0,26621.0,0.257,3,1,1
21.0,28158.0,0.2,643.0,10866.0,0.361,4,0,1
30.0,59185.0,0.7,690.0,47246.0,0.404,2,1,0
49.0,44660.0,24.3,538.0,3863.0,0.359,2,0,0
31.0,199408.0,5.4,683.0,56653.0,0.32,0,0,0
29.0,58995.0,3.1,601.0,24896.0,0.02,0,0,1
52.0,42054.0,1.8,637.0,28825.0,0.203,2,0,1
53.0,29580.0,2.1,552.0,11712.0,0.368,0,0,0
44.0,98965.0,2.1,636.0,26548.0,0.201,1,0,0
33.0,46985.0,2.4,681.0,21211.0,0.351,0,0,0
35.0,38522.0,14.9,699.0,10508.0,0.388,1,0,0
29.0,63986.0,2.6,578.0,29513.0,0.289,5,0,1
27.0,73678.0,5.8,692.0,41805.0,0.124,1,0,0
27.0,73157.0,0.1,740.0,32781.0,0.226,1,0,0
31.0,55491.0,3.6,627.0,28147.0,0.368,2,1,0
27.0,59085.0,6.0,663.0,4670.0,0.426,0,0,0
21.0,61053.0,0.2,515.0,33219.0,0.092,1,0,0
40.0,63989.0,5.8,600.0,49736.0,0.308,1,0,0
41.0,66588.0,17.0,687.0,27883.0,0.153,0,0,0
57.0,90002.0,4.5,729.0,58684.0,0.309,0,0,0
31.0,56414.0,0.6,618.0,26045.0,0.284,0,1,0
41.0,38083.0,20.5,850.0,22012.0,0.536,0,0,0
41.0,51542.0,8.7,686.0,14557.0,0.246,1,0,0
35.0,77210.0,10.0,576.0,59850.0,0.405,2,0,0
46.0,24616.0,3.3,752.0,5203.0,0.401,0,0,1
47.0,24680.0,5.8,575.0,4179.0,0.281,2,0,0
42.0,83143.0,9.9,688.0,6996.0,0.312,0,0,0
35.0,109004.0,10.3,600.0,49694.0,0.3,3,0,1
34.0,31124.0,4.1,567.0,16003.0,0.226,1,0,1
23.0,57543.0,2.6,729.0,30909.0,0.217,0,0,0
29.0,45949.0,7.1,645.0,8233.0,0.259,1,0,1
31.0,48909.0,6.2,784.0,26341.0,0.186,0,1,0
26.0,63106.0,2.6,590.0,10970.0,0.25,3,0,1
43.0,30739.0,14.1,558.0,18943.0,0.28,1,0,1
51.0,33418.0,22.8,638.0,8569.0,0.316,3,0,0
28.0,48027.0,1.1,850.0,17604.0,0.344,2,0,0
41.0,51517.0,18.0,727.0,16765.0,0.28,1,0,0
27.0,33137.0,3.2,700.0,10796.0,0.223,0,0,0
35.0,78467.0,13.7,708.0,46351.0,0.343,1,0,1
30.0,45578.0,9.9,631.0,36386.0,0.379,1,0,1
45.0,45491.0,0.8,850.0,20266.0,0.251,0,0,0
31.0,62460.0,4.0,694.0,21910.0,0.202,0,0,0
49.0,51900.0,15.3,693.0,14027.0,0.255,2,0,0
35.0,80174.0,8.3,733.0,41559.0,0.282,2,0,0
31.0,36136.0,8.9,575.0,14035.0,0.415,5,1,1
24.0,29327.0,0.6,599.0,18465.0,0.369,2,0,1
41.0,47843.0,12.9,649.0,24162.0,0.3,2,0,0
48.0,56511.0,26.2,743.0,20284.0,0.49,0,0,0
41.0,31469.0,20.9,580.0,24066.0,0.297,1,0,1
63.0,29454.0,0.4,656.0,1722.0,0.441,2,1,0
54.0,59702.0,32.8,662.0,33858.0,0.422,2,0,0
35.0,39108.0,1.8,551.0,14004.0,0.415,1,0,1
35.0,28608.0,7.8,628.0,4040.0,0.332,1,0,0
43.0,84922.0,5.7,701.0,10150.0,0.312,1,0,0
29.0,41389.0,5.3,559.0,22226.0,0.301,1,0,1
51.0,92273.0,1.1,759.0,14840.0,0.385,0,0,0
42.0,55709.0,5.2,695.0,38554.0,0.221,3,0,0
41.0,62801.0,6.3,687.0,17785.0,0.274,1,0,0
46.0,50007.0,23.4,672.0,15396.0,0.467,2,0,0
57.0,16652.0,21.6,594.0,9077.0,0.362,3,0,0
40.0,32976.0,14.1,622.0,7094.0,0.395,2,0,0
37.0,51975.0,11.3,691.0,2873.0,0.178,0,0,0
55.0,64810.0,13.6,621.0,24911.0,0.257,1,1,1
49.0,24581.0,0.4,673.0,10961.0,0.333,2,0,1
34.0,53689.0,1.5,598.0,20639.0,0.296,1,0,0
38.0,33192.0,8.3,696.0,13061.0,0.177,0,0,0
40.0,61124.0,19.0,706.0,33576.0,0.376,1,1,0
42.0,54522.0,5.5,549.0,37308.0,0.408,3,0,0
23.0,76854.0,2.1,666.0,24911.0,0.271,1,0,1
21.0,88890.0,0.9,554.0,57118.0,0.38,0,0,1
28.0,67618.0,7.5,533.0,6560.0,0.503,4,1,0
27.0,81005.0,2.2,620.0,33228.0,0.453,1,0,0
31.0,46978.0,10.2,850.0,15602.0,0.276,0,0,0
45.0,195926.0,15.2,722.0,78264.0,0.19,1,0,0
36.0,31781.0,8.2,762.0,3769.0,0.323,0,0,0
40.0,43373.0,15.7,710.0,6685.0,0.535,0,0,0
25.0,82512.0,1.1,675.0,22287.0,0.434,0,0,1
33.0,77174.0,10.5,728.0,19691.0,0.299,0,0,0
44.0,68488.0,15.9,623.0,23205.0,0.456,1,0,0
45.0,74532.0,19.6,703.0,29287.0,0.417,0,1,0
30.0,21536.0,8.6,747.0,4649.0,0.11,0,0,0
40.0,112451.0,12.2,715.0,57847.0,0.406,0,1,0
62.0,50178.0,1.5,748.0,16652.0,0.312,0,0,0
38.0,96350.0,5.3,675.0,9163.0,0.213,0,0,0
30.0,22026.0,9.1,783.0,5127.0,0.309,2,0,0
36.0,61731.0,10.1,650.0,29020.0,0.341,0,0,1
39.0,42681.0,16.9,817.0,21561.0,0.221,1,0,0
36.0,71150.0,6.3,703.0,46229.0,0.288,0,0,0
38.0,63435.0,8.9,638.0,14851.0,0.267,5,0,0
22.0,64849.0,1.8,578.0,30587.0,0.38,1,0,0
27.0,34152.0,5.6,606.0,13902.0,0.27,2,0,0
36.0,53608.0,6.2,596.0,36796.0,0.13,1,0,1
36.0,50717.0,0.4,654.0,30303.0,0.255,2,0,1
32.0,68733.0,10.4,576.0,10240.0,0.205,0,1,0
36.0,85843.0,12.6,757.0,66020.0,0.171,1,0,0
39.0,58853.0,8.4,672.0,18622.0,0.418,1,0,0
48.0,30971.0,15.2,672.0,23722.0,0.38,1,0,0
37.0,57728.0,3.5,580.0,15235.0,0.203,5,0,1
42.0,178095.0,9.2,611.0,71542.0,0.173,2,0,0
32.0,115357.0,2.0,506.0,53393.0,0.29,4,0,1
44.0,15000.0,5.1,776.0,1465.0,0.168,1,0,0
42.0,56590.0,18.7,570.0,33204.0,0.276,1,0,1
48.0,83662.0,10.0,571.0,10753.0,0.307,3,1,0
46.0,50668.0,21.1,769.0,8772.0,0.33,0,0,0
44.0,44714.0,11.6,693.0,11969.0,0.334,0,1,0
37.0,48774.0,1.2,669.0,37583.0,0.222,0,0,0
41.0,70515.0,7.5,688.0,54990.0,0.307,1,0,0
50.0,32803.0,4.7,729.0,13678.0,0.428,0,0,0
31.0,93901.0,7.5,671.0,42255.0,0.09,1,0,0
31.0,53631.0,10.1,557.0,11203.0,0.333,3,0,1
40.0,36110.0,15.3,719.0,13127.0,0.182,1,0,0
43.0,91222.0,17.6,698.0,71911.0,0.44,1,1,0
29.0,27441.0,7.7,746.0,17647.0,0.382,1,1,0
37.0,42841.0,13.3,579.0,24550.0,0.379,2,1,0
37.0,42524.0,9.6,614.0,11006.0,0.215,2,1,0
21.0,144331.0,0.7,688.0,89816.0,0.326,1,0,1
36.0,40410.0,6.5,597.0,31314.0,0.338,1,0,1
36.0,20855.0,1.2,496.0,16496.0,0.063,2,0,1
36.0,42331.0,11.5,680.0,21159.0,0.315,0,0,1
54.0,67514.0,24.2,735.0,11514.0,0.361,0,1,0
25.0,78271.0,1.0,651.0,60507.0,0.159,0,0,0
29.0,153205.0,8.5,703.0,69867.0,0.36,0,0,0
21.0,103590.0,0.1,688.0,8158.0,0.31,1,1,0
33.0,59853.0,9.4,665.0,6651.0,0.438,1,0,0
34.0,36826.0,13.2,676.0,17785.0,0.259,0,0,0
32.0,114222.0,3.8,756.0,77268.0,0.318,0,0,0
50.0,46594.0,27.5,606.0,35232.0,0.334,0,1,0
47.0,40901.0,22.7,725.0,31017.0,0.02,0,0,0
39.0,45588.0,14.0,584.0,22063.0,0.265,2,0,0
34.0,31306.0,13.3,611.0,24608.0,0.309,1,0,1
49.0,44615.0,19.2,753.0,7236.0,0.064,1,0,0
38.0,49523.0,8.8,580.0,5992.0,0.367,1,0,0
29.0,76411.0,6.1,646.0,5556.0,0.309,2,0,0
21.0,46187.0,0.4,826.0,29125.0,0.308,0,0,0
33.0,31093.0,4.3,734.0,22929.0,0.372,2,0,1
46.0,26726.0,2.2,609.0,18170.0,0.259,1,0,1
63.0,60439.0,16.3,629.0,45615.0,0.304,0,0,0
39.0,56827.0,15.0,656.0,26200.0,0.387,0,0,0
30.0,42858.0,9.1,756.0,26670.0,0.306,0,0,1
25.0,44566.0,4.8,592.0,13483.0,0.116,0,1,0
44.0,65507.0,5.0,588.0,40937.0,0.305,2,0,0
21.0,102830.0,0.6,710.0,63218.0,0.306,1,0,0
44.0,38717.0,13.8,549.0,14585.0,0.39,0,1,0
47.0,57245.0,4.8,599.0,4741.0,0.266,2,0,1
43.0,84653.0,13.3,661.0,21137.0,0.202,1,1,1
36.0,38787.0,5.7,660.0,27690.0,0.203,2,0,0
44.0,54614.0,22.8,576.0,26786.0,0.444,3,0,0
40.0,54068.0,5.1,687.0,19130.0,0.329,0,0,0
29.0,30485.0,7.9,703.0,23186.0,0.439,0,0,0
58.0,59333.0,34.4,631.0,19273.0,0.454,3,0,0
34.0,55786.0,10.4,781.0,16516.0,0.226,0,0,0
47.0,70606.0,5.7,687.0,44332.0,0.218,0,0,0
21.0,32241.0,0.3,590.0,10204.0,0.287,2,0,0
52.0,55247.0,31.1,789.0,21252.0,0.361,0,0,0
54.0,102423.0,2.6,625.0,60619.0,0.16,2,0,0
38.0,140079.0,2.1,674.0,52192.0,0.345,0,0,0
44.0,97846.0,23.6,638.0,28543.0,0.34,2,1,1
44.0,32384.0,18.8,713.0,1993.0,0.187,0,1,0
31.0,67377.0,8.2,630.0,46856.0,0.191,2,0,1
44.0,44253.0,3.8,632.0,19694.0,0.344,2,0,1
29.0,62495.0,4.5,651.0,43028.0,0.507,0,0,0
31.0,38855.0,9.5,630.0,19947.0,0.271,1,0,1
50.0,25439.0,10.0,740.0,5100.0,0.333,1,0,0
49.0,47101.0,5.5,575.0,15184.0,0.239,3,0,1
30.0,76135.0,0.1,657.0,27633.0,0.324,1,0,0
30.0,62611.0,6.2,669.0,37866.0,0.237,0,0,0
31.0,65934.0,3.2,653.0,30404.0,0.274,2,0,0
46.0,60624.0,22.5,739.0,31972.0,0.545,0,0,1
27.0,65981.0,2.0,556.0,40566.0,0.311,3,0,1
42.0,69799.0,3.3,701.0,17826.0,0.144,0,0,0
46.0,48605.0,25.2,585.0,34582.0,0.364,3,0,0
37.0,57090.0,16.4,633.0,22263.0,0.413,2,1,1
49.0,120518.0,19.9,576.0,65784.0,0.368,2,0,0
35.0,58630.0,13.6,644.0,12526.0,0.282,1,1,1
36.0,56064.0,2.5,621.0,12616.0,0.208,1,0,0
27.0,57606.0,3.3,776.0,34635.0,0.211,2,0,0
49.0,49863.0,6.0,680.0,15597.0,0.281,1,0,0
30.0,45215.0,4.6,693.0,31965.0,0.263,1,1,0
42.0,60415.0,17.3,591.0,33141.0,0.244,3,0,0
37.0,43806.0,14.5,719.0,24052.0,0.422,0,0,0
26.0,51514.0,0.0,775.0,17267.0,0.392,1,0,0
31.0,38536.0,4.4,723.0,28016.0,0.427,2,0,1
53.0,57739.0,33.0,585.0,43794.0,0.221,0,0,0
40.0,71537.0,11.9,633.0,17416.0,0.208,0,1,0
27.0,49997.0,2.0,669.0,21795.0,0.308,2,0,0
41.0,22277.0,8.3,624.0,16267.0,0.341,5,1,1
36.0,71737.0,5.3,840.0,9036.0,0.307,0,0,0
70.0,58056.0,22.4,637.0,15860.0,0.335,1,0,0
41.0,35177.0,9.4,662.0,26939.0,0.459,0,0,0
34.0,77891.0,7.0,621.0,32226.0,0.278,0,0,0
54.0,29313.0,15.6,684.0,22385.0,0.381,0,1,0
21.0,88038.0,0.5,757.0,29504.0,0.352,0,0,0
39.0,53598.0,0.5,668.0,23885.0,0.31,1,0,1
60.0,19813.0,2.2,646.0,7739.0,0.376,3,0,1
37.0,59596.0,6.2,588.0,23416.0,0.223,4,0,1
21.0,45812.0,0.9,745.0,33822.0,0.203,1,1,0
34.0,42809.0,10.8,655.0,24443.0,0.343,1,0,1
54.0,39463.0,3.7,649.0,29964.0,0.136,0,0,0
42.0,51940.0,11.0,502.0,15434.0,0.351,0,0,0
29.0,44212.0,5.3,654.0,35167.0,0.187,0,0,1
30.0,23851.0,5.0,634.0,13851.0,0.452,0,0,0
32.0,97491.0,8.3,536.0,14476.0,0.26,2,0,0
42.0,49273.0,21.9,740.0,17724.0,0.445,1,1,0
53.0,39566.0,3.2,624.0,9357.0,0.279,4,0,0
50.0,33100.0,15.2,800.0,7500.0,0.275,0,1,0
43.0,77802.0,11.8,765.0,58131.0,0.387,1,0,0
23.0,30662.0,1.9,611.0,23609.0,0.329,0,0,0
23.0,58418.0,0.6,756.0,3542.0,0.293,0,0,0
44.0,42296.0,15.2,780.0,6494.0,0.26,0,0,0
23.0,43419.0,0.1,621.0,11219.0,0.261,0,0,0
36.0,33473.0,11.5,593.0,22956.0,0.536,2,0,1
41.0,41604.0,14.2,516.0,21148.0,0.132,3,0,1
25.0,55219.0,1.8,688.0,26177.0,0.18,1,0,1
27.0,61144.0,6.7,595.0,30493.0,0.418,1,1,0
37.0,38622.0,14.1,696.0,29466.0,0.41,1,0,0
44.0,52795.0,12.7,627.0,13560.0,0.208,4,0,0
50.0,82034.0,29.4,620.0,11689.0,0.125,3,0,0
45.0,26027.0,20.5,631.0,13166.0,0.427,1,0,1
39.0,54845.0,2.6,570.0,42596.0,0.195,3,0,0
30.0,35855.0,5.8,624.0,20886.0,0.251,1,0,1
26.0,34248.0,3.6,610.0,24627.0,0.31,0,1,0
32.0,61855.0,8.1,663.0,44668.0,0.193,1,0,0
43.0,43033.0,21.2,678.0,9228.0,0.392,1,1,0
42.0,31810.0,10.7,590.0,17947.0,0.302,1,0,0
21.0,99809.0,0.1,737.0,69534.0,0.212,1,0,1
29.0,83210.0,4.5,651.0,10485.0,0.221,0,0,1
51.0,23053.0,24.6,777.0,12417.0,0.43,0,0,1
39.0,28328.0,6.8,680.0,7195.0,0.272,1,0,0
22.0,71836.0,0.1,665.0,47861.0,0.361,1,0,0
64.0,48383.0,13.3,632.0,10519.0,0.299,2,0,0
38.0,108050.0,12.1,709.0,35663.0,0.125,2,0,0
42.0,72580.0,1.9,663.0,40467.0,0.375,0,0,1
42.0,62934.0,8.4,724.0,29382.0,0.407,0,0,0
34.0,34726.0,1.9,773.0,4861.0,0.484,0,1,0
30.0,68613.0,4.8,611.0,15024.0,0.11,1,0,0
61.0,30977.0,5.8,706.0,22129.0,0.02,2,0,0
49.0,98958.0,3.2,703.0,78333.0,0.364,0,0,1
47.0,66506.0,18.9,702.0,37940.0,0.24,1,0,0
44.0,37946.0,3.8,632.0,2175.0,0.157,0,0,0
27.0,78999.0,1.1,632.0,47996.0,0.311,6,0,0
52.0,150810.0,19.0,629.0,80249.0,0.255,0,0,0
29.0,49869.0,0.4,618.0,17896.0,0.172,0,0,0
41.0,70458.0,0.7,602.0,15574.0,0.292,1,0,0
21.0,45287.0,0.4,653.0,7892.0,0.357,3,0,0
21.0,57154.0,0.4,607.0,6438.0,0.317,1,0,0
42.0,27913.0,11.7,696.0,14778.0,0.318,0,0,1
29.0,54987.0,9.0,669.0,16659.0,0.344,1,0,0
21.0,56089.0,0.4,672.0,24596.0,0.131,1,0,1
44.0,123579.0,13.8,648.0,54858.0,0.295,2,1,0
61.0,24522.0,38.0,684.0,12395.0,0.324,2,0,0
53.0,48470.0,16.1,651.0,24037.0,0.262,0,0,0
35.0,98198.0,11.8,720.0,43139.0,0.217,0,0,0
38.0,49330.0,9.9,634.0,8205.0,0.225,3,0,0
48.0,50919.0,17.7,695.0,3579.0,0.271,0,0,0
50.0,37802.0,28.3,583.0,18226.0,0.391,3,1,0
34.0,36149.0,0.0,710.0,13282.0,0.453,0,0,0
38.0,24184.0,16.6,629.0,8648.0,0.432,4,0,0
41.0,41438.0,10.6,601.0,15438.0,0.144,1,0,0
44.0,35238.0,14.6,588.0,4763.0,0.206,2,0,0
37.0,58000.0,7.4,578.0,10698.0,0.366,2,0,1
37.0,38586.0,4.4,628.0,21092.0,0.43,2,1,0
53.0,44324.0,2.2,766.0,19296.0,0.203,0,0,0
51.0,44873.0,29.6,630.0,22762.0,0.318,1,0,0
43.0,53821.0,14.5,513.0,7912.0,0.187,3,0,1
57.0,43358.0,32.2,702.0,28643.0,0.328,0,0,0
34.0,34108.0,4.0,584.0,11238.0,0.236,3,1,0
56.0,57164.0,10.0,722.0,29143.0,0.318,1,0,0
44.0,88917.0,8.0,635.0,35499.0,0.179,3,0,0
70.0,58273.0,11.6,647.0,23382.0,0.137,0,0,0
25.0,41801.0,2.4,745.0,26499.0,0.61,0,0,0
30.0,52035.0,9.8,708.0,6908.0,0.307,0,0,0
43.0,21858.0,19.8,583.0,2319.0,0.513,1,0,0
42.0,51656.0,11.1,589.0,6498.0,0.451,2,0,0
59.0,45933.0,13.8,542.0,36584.0,0.136,4,0,1
31.0,36136.0,6.5,845.0,26934.0,0.336,1,0,0
48.0,39208.0,17.1,608.0,22561.0,0.171,2,0,0
51.0,45729.0,21.1,752.0,17636.0,0.27,0,0,0
46.0,85965.0,13.8,630.0,9783.0,0.112,2,0,0
27.0,89906.0,0.2,585.0,59848.0,0.143,3,0,0
53.0,36222.0,2.5,663.0,6958.0,0.215,2,0,1
52.0,43563.0,30.7,652.0,11092.0,0.245,0,0,0
45.0,44065.0,18.4,725.0,29990.0,0.304,4,0,1
40.0,79172.0,19.2,727.0,19239.0,0.196,0,0,0
40.0,58722.0,7.0,622.0,40132.0,0.315,1,0,0
37.0,57345.0,9.2,564.0,36670.0,0.414,3,0,1
45.0,70011.0,8.1,580.0,47465.0,0.327,2,0,1
38.0,42054.0,16.7,509.0,23370.0,0.293,2,1,0
29.0,101604.0,2.5,642.0,31913.0,0.334,1,0,0
26.0,54957.0,4.5,661.0,29670.0,0.157,1,0,1
30.0,37419.0,1.7,581.0,25139.0,0.395,3,0,0
40.0,49600.0,2.2,573.0,30359.0,0.18,1,0,1
38.0,95746.0,2.8,660.0,66689.0,0.455,0,0,1
40.0,45423.0,10.8,621.0,35777.0,0.377,1,0,1
44.0,84321.0,19.9,655.0,47862.0,0.356,2,0,0
31.0,41510.0,11.1,640.0,30970.0,0.36,1,1,0
54.0,38970.0,21.2,688.0,9892.0,0.3,1,0,1
35.0,74006.0,8.0,624.0,57733.0,0.221,0,0,1
33.0,37116.0,10.4,631.0,27196.0,0.206,1,0,0
43.0,79637.0,1.5,529.0,6445.0,0.475,2,0,1
21.0,64429.0,0.8,657.0,31753.0,0.31,0,0,0
29.0,37122.0,7.1,670.0,15860.0,0.189,1,0,1
49.0,53260.0,15.2,655.0,35242.0,0.352,2,0,1
21.0,42965.0,0.0,794.0,6219.0,0.334,0,0,0
50.0,64352.0,6.1,674.0,28684.0,0.267,0,0,0
55.0,128617.0,12.8,655.0,54784.0,0.21,1,1,0
34.0,46549.0,13.1,701.0,16137.0,0.374,0,1,0
41.0,69933.0,13.5,815.0,55536.0,0.395,0,1,0
50.0,55608.0,15.5,685.0,25283.0,0.332,2,1,0
33.0,55599.0,6.3,507.0,20012.0,0.307,2,0,0
48.0,51059.0,21.5,701.0,35349.0,0.222,0,0,0
31.0,37393.0,3.4,600.0,5769.0,0.348,1,0,0
33.0,63953.0,1.2,526.0,16990.0,0.237,0,0,0
29.0,48298.0,6.2,782.0,12517.0,0.173,1,0,0
42.0,36605.0,7.2,767.0,27464.0,0.413,0,1,0
51.0,86809.0,10.0,602.0,61656.0,0.197,3,0,0
36.0,57506.0,7.3,601.0,29041.0,0.11,0,0,1
24.0,49635.0,1.0,672.0,14380.0,0.431,1,1,0
26.0,100520.0,5.6,601.0,40316.0,0.126,2,0,0
42.0,24073.0,18.9,660.0,11516.0,0.261,0,0,0
58.0,97524.0,37.9,629.0,44380.0,0.19,2,0,0
42.0,37012.0,21.5,643.0,8955.0,0.228,3,1,0
34.0,60493.0,4.3,564.0,8945.0,0.522,2,0,1
46.0,42212.0,10.1,723.0,30845.0,0.29,0,0,0
35.0,36306.0,10.7,750.0,19265.0,0.336,1,0,0
34.0,99343.0,0.2,653.0,15778.0,0.379,1,0,0
27.0,126802.0,7.4,661.0,100476.0,0.235,2,0,1
53.0,49788.0,0.4,704.0,17847.0,0.408,0,1,0
21.0,63962.0,0.5,660.0,38360.0,0.338,1,0,1
47.0,56429.0,17.9,790.0,10300.0,0.375,1,1,0
33.0,119828.0,11.8,574.0,89820.0,0.228,2,1,1
33.0,21251.0,8.7,725.0,2325.0,0.344,1,0,0
57.0,65173.0,21.9,663.0,49979.0,0.299,1,0,0
30.0,39651.0,3.0,583.0,23606.0,0.413,4,0,0
31.0,19052.0,6.2,820.0,4200.0,0.246,0,0,0
37.0,46763.0,12.4,833.0,8683.0,0.503,0,0,0
43.0,126337.0,11.6,651.0,85635.0,0.334,0,0,0
33.0,40940.0,10.2,696.0,3273.0,0.287,0,0,0
21.0,78506.0,0.1,627.0,10654.0,0.276,1,0,0
28.0,94324.0,2.8,640.0,52316.0,0.299,1,0,0
52.0,54687.0,30.8,596.0,5908.0,0.237,5,1,1
39.0,58064.0,6.1,573.0,26473.0,0.367,2,1,1
43.0,25406.0,14.3,796.0,12209.0,0.299,1,0,0
35.0,39847.0,7.9,661.0,2526.0,0.494,0,1,0
31.0,82722.0,10.1,669.0,27536.0,0.257,0,0,0
56.0,56522.0,5.9,606.0,4036.0,0.288,1,1,0
36.0,64886.0,4.8,676.0,50298.0,0.257,0,0,1
33.0,58396.0,11.3,560.0,12350.0,0.487,1,0,0
50.0,147486.0,20.0,616.0,83666.0,0.155,0,0,0
30.0,45313.0,5.5,579.0,25164.0,0.309,3,0,1
31.0,113269.0,4.5,753.0,71266.0,0.331,0,1,0
38.0,58405.0,7.5,548.0,17609.0,0.187,0,0,1
38.0,117887.0,16.8,586.0,22198.0,0.564,1,0,1
41.0,31693.0,14.0,524.0,14195.0,0.207,1,0,1
61.0,59765.0,38.1,617.0,34111.0,0.303,1,1,0
42.0,46071.0,21.1,638.0,28401.0,0.468,0,0,0
21.0,58563.0,0.5,729.0,5077.0,0.262,0,0,0
42.0,95336.0,13.2,651.0,58583.0,0.314,2,0,1
38.0,65222.0,12.1,637.0,8761.0,0.266,2,1,0
38.0,95250.0,15.5,689.0,42242.0,0.295,1,1,0
41.0,40680.0,13.6,636.0,18980.0,0.408,2,0,1
38.0,37980.0,2.0,830.0,5518.0,0.258,2,1,0
37.0,55400.0,16.4,627.0,42824.0,0.035,0,0,0
45.0,54052.0,16.4,697.0,28567.0,0.297,1,0,0
32.0,50587.0,10.5,723.0,11024.0,0.306,0,1,0
28.0,35729.0,3.2,618.0,3150.0,0.32,0,0,0
70.0,94323.0,23.7,683.0,59543.0,0.282,0,0,0
30.0,46715.0,7.0,628.0,31812.0,0.214,4,1,1
39.0,104488.0,14.8,687.0,12327.0,0.275,0,1,1
22.0,55316.0,0.1,667.0,13446.0,0.477,1,0,0
39.0,73635.0,7.9,654.0,39158.0,0.296,2,0,0
28.0,70690.0,6.0,582.0,25748.0,0.365,0,0,0
33.0,37955.0,13.0,797.0,11648.0,0.197,1,0,0
49.0,64882.0,0.3,701.0,23899.0,0.271,0,0,0
43.0,130985.0,6.1,552.0,56190.0,0.2,2,0,1
44.0,61594.0,11.3,636.0,11610.0,0.429,1,1,0
21.0,82509.0,0.2,550.0,28139.0,0.144,5,0,1
58.0,75136.0,1.0,714.0,7692.0,0.337,0,0,0
25.0,63150.0,2.6,660.0,3444.0,0.334,0,0,1
55.0,59815.0,22.6,672.0,46739.0,0.328,0,0,0
49.0,70360.0,12.2,607.0,6410.0,0.066,1,0,0
44.0,77541.0,9.0,642.0,6406.0,0.098,2,0,0
29.0,29930.0,8.5,719.0,21474.0,0.312,2,0,1
40.0,61474.0,9.4,739.0,48075.0,0.208,0,0,0
33.0,50628.0,10.2,724.0,34599.0,0.236,0,1,0
38.0,46115.0,5.3,554.0,7132.0,0.258,1,0,0
35.0,98545.0,12.7,653.0,52194.0,0.195,2,1,0
21.0,39544.0,0.8,678.0,22647.0,0.177,1,0,1
50.0,29362.0,8.1,613.0,18461.0,0.3,1,0,0
37.0,78681.0,11.2,549.0,10596.0,0.109,3,0,1
33.0,29025.0,8.6,574.0,9957.0,0.249,1,0,1
32.0,23098.0,5.2,768.0,5938.0,0.233,0,0,0
42.0,82769.0,17.0,585.0,44769.0,0.298,3,0,0
28.0,59072.0,2.5,665.0,18177.0,0.539,3,0,1
21.0,68037.0,0.5,649.0,29366.0,0.202,0,0,0
42.0,45071.0,22.3,660.0,23429.0,0.341,1,0,0
44.0,29499.0,4.2,640.0,20630.0,0.322,1,0,1
36.0,32257.0,2.3,716.0,23892.0,0.356,0,0,0
25.0,48660.0,0.8,663.0,27740.0,0.279,1,0,0
39.0,31024.0,18.9,626.0,5190.0,0.444,0,0,0
22.0,63150.0,0.3,664.0,45259.0,0.369,1,0,1
27.0,44667.0,1.3,571.0,9085.0,0.37,2,0,1
30.0,59776.0,6.8,697.0,5373.0,0.159,0,0,0
47.0,58977.0,20.7,623.0,22291.0,0.31,0,0,0
34.0,65457.0,7.4,620.0,36884.0,0.249,3,0,0
33.0,68862.0,12.8,702.0,11157.0,0.214,1,1,0
60.0,47114.0,1.5,632.0,12934.0,0.237,3,0,0
42.0,59747.0,13.6,642.0,6575.0,0.294,0,0,0
42.0,61163.0,13.2,748.0,31416.0,0.346,1,1,0
34.0,18437.0,4.5,594.0,10715.0,0.398,2,0,1
31.0,73572.0,10.3,700.0,32355.0,0.393,0,0,0
21.0,58839.0,0.6,727.0,22554.0,0.329,1,1,0
49.0,70892.0,7.1,745.0,48616.0,0.306,1,0,0
43.0,30823.0,2.0,813.0,11231.0,0.268,0,0,0
36.0,47714.0,1.7,616.0,18195.0,0.275,3,0,1
36.0,33654.0,14.8,607.0,16255.0,0.222,1,0,0
46.0,76892.0,6.5,720.0,44435.0,0.257,1,0,0
21.0,29225.0,0.9,726.0,18493.0,0.335,1,0,1
32.0,36214.0,1.4,605.0,2919.0,0.454,0,0,0
26.0,69950.0,5.4,697.0,48151.0,0.285,0,0,1
57.0,41435.0,31.2,850.0,16097.0,0.219,0,0,0
48.0,36218.0,3.2,669.0,26418.0,0.397,2,0,0
21.0,82711.0,0.1,725.0,37407.0,0.1,0,1,0
21.0,84251.0,1.1,771.0,34280.0,0.404,0,0,0
37.0,76117.0,1.3,836.0,14960.0,0.157,0,1,0
33.0,80580.0,3.4,679.0,32410.0,0.366,1,0,0
23.0,49557.0,2.7,749.0,20799.0,0.252,0,0,0
59.0,50162.0,35.8,623.0,36160.0,0.332,0,0,0
41.0,41087.0,16.5,670.0,29390.0,0.508,0,0,1
43.0,59312.0,20.7,639.0,24603.0,0.216,3,0,0
30.0,43370.0,5.8,531.0,30389.0,0.2,3,0,1
46.0,45261.0,20.2,558.0,31266.0,0.308,1,0,1
34.0,72045.0,4.8,692.0,54847.0,0.453,1,0,0
35.0,93726.0,11.7,697.0,30105.0,0.318,0,0,0
45.0,65795.0,16.8,595.0,13763.0,0.304,1,0,0
21.0,123319.0,0.6,769.0,93469.0,0.317,0,0,0
56.0,40039.0,35.3,600.0,19565.0,0.2,4,0,0
40.0,24053.0,9.4,683.0,9621.0,0.318,1,0,0
52.0,75862.0,19.9,641.0,27204.0,0.261,1,0,0
26.0,38862.0,3.1,669.0,4413.0,0.432,2,0,0
28.0,48627.0,2.0,724.0,9875.0,0.38,0,1,0
25.0,24802.0,1.7,714.0,6664.0,0.168,1,0,0
41.0,36697.0,20.3,720.0,17008.0,0.272,0,1,0
39.0,27976.0,7.3,704.0,12240.0,0.353,1,0,0
33.0,45236.0,8.8,575.0,20680.0,0.202,2,0,0
27.0,46053.0,3.9,741.0,4944.0,0.192,0,1,0
24.0,57272.0,3.6,588.0,3283.0,0.254,3,1,0
37.0,96083.0,13.2,659.0,38180.0,0.334,0,1,0
33.0,74585.0,1.0,636.0,14552.0,0.404,0,0,0
30.0,26506.0,3.7,686.0,19051.0,0.323,0,0,0
55.0,72308.0,24.9,639.0,26984.0,0.546,2,0,1
37.0,57837.0,2.8,650.0,18160.0,0.232,2,0,0
52.0,52631.0,16.1,781.0,24105.0,0.374,0,0,0
32.0,54441.0,3.9,571.0,28388.0,0.189,1,0,0
41.0,60303.0,1.3,660.0,6722.0,0.461,1,0,0
37.0,40285.0,17.3,591.0,24413.0,0.436,1,0,1
21.0,50667.0,0.9,708.0,7761.0,0.371,1,0,1
54.0,93701.0,25.2,622.0,31863.0,0.126,1,1,0
37.0,40068.0,3.3,664.0,12728.0,0.37,3,0,0
46.0,34601.0,25.9,580.0,16500.0,0.218,2,1,0
30.0,53494.0,6.1,753.0,30336.0,0.345,0,1,0
36.0,33068.0,15.6,673.0,21515.0,0.155,1,0,0
28.0,25332.0,0.4,670.0,11282.0,0.327,2,1,1
52.0,47102.0,5.5,721.0,7845.0,0.265,0,0,0
41.0,105553.0,14.5,580.0,60373.0,0.222,0,0,0
42.0,54053.0,20.0,627.0,22113.0,0.359,2,0,0
53.0,59602.0,5.8,675.0,29306.0,0.295,0,0,0
51.0,21089.0,9.7,542.0,8073.0,0.28,4,0,1
46.0,66986.0,15.5,552.0,24264.0,0.374,2,0,0
22.0,57360.0,2.4,604.0,33040.0,0.49,1,0,1
30.0,40777.0,8.3,584.0,18068.0,0.328,3,1,1
27.0,59642.0,6.4,639.0,41800.0,0.119,2,0,1
46.0,59376.0,17.6,705.0,36076.0,0.144,0,0,0
40.0,34143.0,17.4,721.0,13904.0,0.307,1,1,0
23.0,63858.0,1.4,787.0,13452.0,0.403,0,0,0
36.0,94259.0,2.0,659.0,5955.0,0.313,1,1,0
22.0,49638.0,1.1,671.0,10129.0,0.351,0,0,0
37.0,37223.0,10.5,663.0,9713.0,0.294,0,1,0
21.0,50776.0,0.5,683.0,7037.0,0.396,0,0,0
44.0,80795.0,6.5,691.0,44584.0,0.362,0,0,0
42.0,31674.0,17.4,733.0,9330.0,0.198,0,1,0
59.0,71356.0,32.0,740.0,5186.0,0.345,2,0,0
47.0,40537.0,10.0,701.0,15309.0,0.146,0,0,0
33.0,61330.0,12.4,772.0,39143.0,0.345,2,0,0
47.0,42665.0,10.0,667.0,13005.0,0.272,1,0,0
23.0,42614.0,0.3,617.0,30969.0,0.316,1,0,1
27.0,109150.0,1.2,629.0,75270.0,0.332,2,0,0
42.0,29173.0,10.7,658.0,20918.0,0.328,0,0,0
21.0,68426.0,0.1,584.0,37692.0,0.442,3,0,1
38.0,119873.0,12.6,623.0,78510.0,0.303,1,0,0
27.0,74875.0,5.4,583.0,25587.0,0.319,2,0,1
39.0,30215.0,10.5,689.0,17220.0,0.433,0,0,0
26.0,30896.0,5.5,688.0,6733.0,0.49,2,0,0
43.0,39217.0,21.6,547.0,7982.0,0.298,1,0,0
38.0,59050.0,8.2,618.0,44743.0,0.249,0,0,0
53.0,60886.0,3.0,789.0,28106.0,0.254,0,0,0
38.0,31034.0,4.2,706.0,3220.0,0.345,0,0,0
30.0,37136.0,6.3,695.0,7352.0,0.28,0,0,0
35.0,38174.0,6.2,617.0,15117.0,0.125,2,0,1
23.0,50704.0,2.2,681.0,34703.0,0.412,1,0,0
42.0,134350.0,15.0,666.0,96996.0,0.382,1,1,1
44.0,36140.0,14.8,612.0,4882.0,0.415,0,1,1
65.0,35435.0,7.1,629.0,3420.0,0.434,4,0,1
31.0,33030.0,3.2,629.0,4666.0,0.319,3,0,1
35.0,73210.0,5.7,559.0,40525.0,0.326,2,0,0
32.0,53986.0,9.6,572.0,24273.0,0.401,2,0,1
40.0,36746.0,13.9,653.0,22173.0,0.178,1,0,0
42.0,46715.0,14.3,608.0,23125.0,0.265,1,0,0
37.0,38519.0,11.7,645.0,4696.0,0.294,0,0,0
50.0,62833.0,15.1,555.0,15283.0,0.392,4,0,1
31.0,184068.0,0.4,716.0,54974.0,0.246,0,0,0
49.0,70472.0,5.8,809.0,40928.0,0.229,0,0,0
44.0,52746.0,3.4,734.0,26248.0,0.257,0,0,0
38.0,40776.0,1.1,740.0,30995.0,0.347,1,0,1
35.0,30048.0,4.6,706.0,4782.0,0.293,0,0,0
65.0,76516.0,35.2,696.0,57690.0,0.155,1,1,0
29.0,74667.0,1.0,667.0,16062.0,0.175,0,0,0
41.0,44593.0,2.4,597.0,13717.0,0.314,1,0,0
30.0,94948.0,1.2,709.0,7210.0,0.317,2,0,0
58.0,55525.0,10.2,709.0,15125.0,0.303,0,0,0
48.0,77943.0,5.6,630.0,15571.0,0.253,0,1,0
31.0,62842.0,0.1,697.0,13381.0,0.379,0,0,0
44.0,50786.0,6.5,615.0,24334.0,0.337,2,1,0
41.0,35789.0,20.8,626.0,22747.0,0.333,2,0,1
32.0,51513.0,4.1,716.0,31357.0,0.337,1,0,0
46.0,80339.0,5.6,693.0,53977.0,0.46,0,1,0
42.0,43758.0,11.0,649.0,26189.0,0.198,0,0,0
40.0,67035.0,4.7,638.0,52447.0,0.258,2,0,1
38.0,33788.0,9.8,677.0,2158.0,0.266,2,0,0
43.0,78129.0,9.1,536.0,61794.0,0.426,5,0,1
41.0,63317.0,18.4,616.0,22628.0,0.263,2,0,1
39.0,32021.0,17.3,580.0,13076.0,0.221,1,0,0
31.0,49726.0,7.8,665.0,24018.0,0.289,1,1,0
57.0,83637.0,7.9,740.0,4716.0,0.31,1,0,0
26.0,31211.0,3.1,695.0,5814.0,0.42,1,0,0
43.0,33968.0,6.9,628.0,13060.0,0.262,2,0,0
34.0,53307.0,11.6,616.0,33431.0,0.231,2,0,0
57.0,143643.0,1.1,608.0,100919.0,0.209,2,0,1
28.0,40637.0,5.3,803.0,6534.0,0.266,0,0,0
30.0,68731.0,3.2,666.0,16993.0,0.556,1,1,0
27.0,61830.0,3.5,676.0,31257.0,0.338,1,0,0
42.0,42184.0,7.0,516.0,13530.0,0.36,3,0,1
23.0,59136.0,1.1,578.0,16170.0,0.3,3,0,0
33.0,44962.0,8.6,661.0,15174.0,0.314,1,1,0
21.0,46820.0,0.6,625.0,26978.0,0.379,0,0,0
41.0,26043.0,5.0,672.0,5181.0,0.356,0,0,0
32.0,54399.0,0.5,669.0,5246.0,0.335,2,0,0
22.0,82428.0,1.4,703.0,4335.0,0.302,0,1,0
50.0,56440.0,14.7,537.0,25116.0,0.265,6,1,0
24.0,89843.0,2.2,584.0,21339.0,0.342,1,1,1
47.0,71413.0,13.1,660.0,33652.0,0.308,1,0,0
30.0,53546.0,6.4,618.0,38057.0,0.513,1,0,0
56.0,41462.0,22.3,649.0,11205.0,0.405,0,1,0
46.0,44191.0,0.4,668.0,8294.0,0.233,0,0,0
27.0,28378.0,3.7,610.0,1452.0,0.183,1,0,0
28.0,48772.0,4.0,675.0,38335.0,0.26,0,0,1
45.0,58735.0,2.4,699.0,25704.0,0.192,2,0,0
35.0,119018.0,11.3,670.0,77548.0,0.254,1,0,0
36.0,69761.0,3.8,712.0,48385.0,0.203,1,0,0
52.0,37269.0,1.7,509.0,29681.0,0.267,1,1,0
30.0,28778.0,7.8,623.0,19993.0,0.268,2,0,1
39.0,50118.0,16.4,731.0,13559.0,0.315,1,1,0
49.0,79252.0,6.9,603.0,37508.0,0.279,1,0,0
47.0,49802.0,18.5,599.0,38450.0,0.21,0,0,0
36.0,70191.0,0.1,651.0,36853.0,0.421,4,1,0
35.0,50695.0,10.7,664.0,31775.0,0.34,0,0,0
21.0,75943.0,0.5,623.0,55438.0,0.246,1,0,1
26.0,26804.0,5.1,792.0,13677.0,0.211,1,0,0
42.0,113207.0,8.5,684.0,64454.0,0.153,0,0,0
36.0,33339.0,5.8,600.0,16376.0,0.146,2,0,0
39.0,78611.0,15.8,567.0,23896.0,0.405,4,0,1
49.0,48660.0,1.1,689.0,11513.0,0.394,1,1,1
25.0,52207.0,0.9,596.0,27416.0,0.242,2,0,1
35.0,49345.0,6.3,814.0,38777.0,0.437,0,0,0
40.0,61704.0,12.0,696.0,45483.0,0.362,1,0,1
30.0,67574.0,0.1,699.0,14014.0,0.32,0,0,0
54.0,88553.0,19.4,687.0,60399.0,0.386,0,0,0
48.0,103639.0,10.6,744.0,6823.0,0.362,0,0,0
41.0,63857.0,13.4,499.0,31423.0,0.315,6,0,1
58.0,118924.0,34.2,593.0,88926.0,0.276,2,0,1
22.0,57350.0,0.7,733.0,44131.0,0.289,1,1,1
38.0,89316.0,9.9,770.0,44863.0,0.139,0,0,0
42.0,66703.0,10.2,579.0,34893.0,0.22,4,0,1
28.0,42957.0,0.9,533.0,14710.0,0.48,6,1,1
41.0,59674.0,16.9,680.0,35370.0,0.217,0,0,0
26.0,68976.0,5.2,697.0,16160.0,0.115,1,1,0
46.0,54209.0,20.8,681.0,4088.0,0.39,1,0,0
50.0,66229.0,28.1,670.0,44802.0,0.325,0,0,0
41.0,81186.0,9.8,535.0,7735.0,0.33,3,0,0
21.0,54425.0,0.7,634.0,29854.0,0.284,2,0,1
27.0,15000.0,1.2,645.0,5665.0,0.391,0,1,1
44.0,117045.0,23.7,633.0,9649.0,0.453,3,0,1
38.0,48106.0,10.6,531.0,8171.0,0.248,5,0,1
21.0,37972.0,0.3,701.0,4767.0,0.363,0,1,0
52.0,33165.0,25.5,733.0,6991.0,0.412,0,0,0
40.0,47273.0,11.4,610.0,24887.0,0.242,2,0,1
29.0,42696.0,8.5,651.0,20407.0,0.451,4,0,0
49.0,39475.0,22.3,636.0,14792.0,0.412,0,0,0
31.0,40463.0,9.3,631.0,27607.0,0.176,5,0,1
30.0,69806.0,5.7,697.0,42917.0,0.459,0,1,0
42.0,137139.0,11.4,702.0,77076.0,0.181,0,0,0
58.0,79566.0,28.5,749.0,39715.0,0.231,0,0,0
56.0,91150.0,3.8,736.0,52145.0,0.368,0,0,0
42.0,46409.0,1.2,649.0,10208.0,0.404,0,0,0
43.0,57652.0,22.7,850.0,14117.0,0.31,1,0,0
47.0,66636.0,24.5,781.0,18231.0,0.237,2,0,0
24.0,40876.0,4.0,616.0,24762.0,0.274,3,0,0
45.0,45411.0,1.6,670.0,16993.0,0.262,2,0,0
30.0,80792.0,2.7,522.0,62180.0,0.384,4,0,1
42.0,89834.0,19.4,672.0,7200.0,0.259,0,0,0
35.0,56694.0,1.4,778.0,19127.0,0.235,3,0,0
44.0,32121.0,10.6,850.0,5334.0,0.152,0,0,0
39.0,48150.0,6.6,655.0,31887.0,0.241,1,0,1
21.0,28753.0,0.9,684.0,11780.0,0.288,0,0,0
40.0,56893.0,10.3,708.0,29301.0,0.187,0,0,0
45.0,61699.0,7.3,802.0,30755.0,0.126,0,0,0
43.0,48692.0,12.0,597.0,5322.0,0.398,2,0,1
37.0,61320.0,1.9,847.0,39110.0,0.2,1,0,0
56.0,66350.0,26.4,651.0,44221.0,0.169,2,0,0
41.0,61739.0,13.2,585.0,31214.0,0.457,1,0,0
43.0,32029.0,13.7,645.0,8350.0,0.385,2,0,0
49.0,49076.0,12.9,610.0,29105.0,0.403,2,0,1
42.0,66139.0,6.5,693.0,38063.0,0.351,2,0,0
28.0,111917.0,0.5,545.0,82192.0,0.431,1,0,1
21.0,48665.0,0.9,670.0,6716.0,0.388,3,0,0
33.0,70472.0,5.3,709.0,51610.0,0.266,0,0,0
46.0,81655.0,13.1,770.0,58408.0,0.193,1,1,0
34.0,50343.0,5.3,710.0,13751.0,0.172,0,0,0
47.0,92214.0,26.5,773.0,54144.0,0.286,0,0,0
40.0,94473.0,15.6,625.0,23409.0,0.19,3,1,0
52.0,102361.0,3.1,689.0,23167.0,0.22,0,0,0
35.0,67601.0,9.0,508.0,35907.0,0.285,4,1,1
43.0,159078.0,11.2,658.0,13923.0,0.44,3,0,1
44.0,41698.0,18.7,696.0,5102.0,0.149,0,0,0
55.0,143046.0,34.4,711.0,77976.0,0.303,0,1,0
21.0,77717.0,0.7,550.0,59368.0,0.175,3,1,1
33.0,100535.0,11.2,638.0,7593.0,0.244,1,0,0
47.0,47623.0,13.7,649.0,3200.0,0.393,1,0,0
55.0,80427.0,13.1,637.0,8532.0,0.215,1,0,0
41.0,104530.0,13.3,717.0,5357.0,0.274,0,0,0
35.0,33718.0,11.1,650.0,25161.0,0.314,0,0,0
46.0,51103.0,6.0,670.0,20724.0,0.37,1,0,1
48.0,20984.0,13.9,633.0,11942.0,0.245,0,0,0
34.0,50759.0,1.6,735.0,18389.0,0.426,0,0,1
42.0,38097.0,4.7,742.0,30399.0,0.255,1,1,0
51.0,49866.0,27.3,652.0,20442.0,0.348,1,0,0
59.0,204992.0,5.6,850.0,154656.0,0.281,1,1,0
46.0,119145.0,21.2,617.0,64006.0,0.374,1,0,0
38.0,28777.0,6.9,734.0,21894.0,0.503,1,0,0
37.0,70627.0,11.5,599.0,29759.0,0.272,0,0,0
44.0,78795.0,22.0,725.0,55878.0,0.298,0,0,0
37.0,47242.0,13.1,715.0,14192.0,0.257,3,1,0
40.0,59595.0,16.6,597.0,32533.0,0.241,2,0,1
26.0,62273.0,1.7,652.0,31939.0,0.23,0,0,0
52.0,30005.0,11.7,797.0,12456.0,0.298,0,1,0
25.0,34579.0,4.0,605.0,14734.0,0.222,3,0,0
33.0,59434.0,10.3,693.0,10555.0,0.225,1,1,0
39.0,57516.0,15.1,691.0,41959.0,0.02,0,0,0
60.0,39984.0,29.5,672.0,15620.0,0.438,1,0,1
33.0,38469.0,3.1,540.0,6294.0,0.464,2,0,0
31.0,52822.0,3.1,720.0,30544.0,0.365,1,0,1
32.0,81949.0,11.2,666.0,48790.0,0.213,1,0,0
56.0,53139.0,20.1,747.0,4455.0,0.174,0,1,0
21.0,114156.0,0.8,677.0,34203.0,0.144,0,0,0
27.0,40214.0,4.2,667.0,19632.0,0.364,0,0,0
68.0,59993.0,40.0,706.0,39967.0,0.427,0,0,0
44.0,46894.0,21.3,602.0,13269.0,0.317,1,0,0
26.0,71659.0,1.5,770.0,19688.0,0.386,0,0,0
38.0,38691.0,15.5,641.0,23309.0,0.344,2,0,0
39.0,130930.0,5.6,637.0,28072.0,0.223,2,0,0
47.0,25702.0,12.0,756.0,18557.0,0.401,0,0,0
58.0,119021.0,32.5,694.0,76508.0,0.395,0,0,0
42.0,57273.0,7.2,647.0,41225.0,0.201,0,0,0
32.0,70522.0,3.5,691.0,22236.0,0.381,1,0,0
47.0,100270.0,17.8,713.0,17477.0,0.285,0,0,0
30.0,80905.0,10.3,657.0,39546.0,0.274,0,0,1
27.0,39600.0,0.9,725.0,7622.0,0.339,0,0,1
21.0,72051.0,0.7,571.0,17983.0,0.336,2,0,1
21.0,127446.0,0.5,679.0,44661.0,0.389,3,0,0
28.0,36894.0,3.3,718.0,14649.0,0.215,1,0,0
25.0,142683.0,3.8,705.0,41636.0,0.357,0,0,0
41.0,65425.0,11.9,509.0,17242.0,0.184,2,0,1
25.0,45258.0,3.8,653.0,10638.0,0.282,0,0,1
21.0,36795.0,0.7,575.0,20885.0,0.289,1,0,0
27.0,49742.0,6.4,753.0,13898.0,0.397,0,0,0
33.0,22816.0,10.4,638.0,13023.0,0.301,2,0,0
31.0,45626.0,0.8,743.0,27702.0,0.274,0,1,0
55.0,48863.0,27.1,588.0,28618.0,0.443,0,0,0
31.0,33915.0,7.3,691.0,24955.0,0.257,0,0,0
48.0,77004.0,2.5,662.0,58975.0,0.253,3,1,0
38.0,49844.0,10.8,850.0,7982.0,0.112,1,0,0
38.0,41315.0,13.2,749.0,12000.0,0.278,0,1,0
29.0,47510.0,1.7,739.0,30442.0,0.206,1,0,1
37.0,64530.0,7.5,806.0,41064.0,0.275,1,0,0
30.0,56842.0,5.2,682.0,5867.0,0.324,1,0,0
40.0,40121.0,8.2,657.0,30954.0,0.191,0,1,0
35.0,58200.0,13.5,652.0,40283.0,0.218,1,1,0
28.0,53760.0,1.3,684.0,38944.0,0.14,1,0,1
49.0,32936.0,22.3,477.0,6696.0,0.249,1,0,1
43.0,48304.0,17.7,669.0,20562.0,0.206,2,0,0
33.0,71381.0,5.9,679.0,27154.0,0.514,0,0,0
40.0,71150.0,10.6,654.0,22784.0,0.45,1,0,0
37.0,49593.0,2.6,554.0,10936.0,0.434,4,1,0
28.0,74581.0,1.7,650.0,11538.0,0.171,0,0,0
39.0,35387.0,10.0,558.0,24873.0,0.282,4,0,1
31.0,35884.0,2.5,785.0,16070.0,0.18,0,0,0
28.0,49120.0,6.1,645.0,24591.0,0.484,0,0,1
21.0,107904.0,0.6,516.0,26566.0,0.383,4,0,1
34.0,59193.0,0.8,646.0,44471.0,0.195,2,0,1
44.0,48590.0,8.7,727.0,36553.0,0.337,1,0,0
30.0,110189.0,8.9,677.0,60999.0,0.152,2,1,0
66.0,48338.0,12.7,602.0,14038.0,0.286,3,1,0
48.0,150350.0,20.0,623.0,33773.0,0.282,2,0,0
52.0,43696.0,3.0,641.0,21693.0,0.374,1,0,0
47.0,34885.0,24.9,642.0,23535.0,0.399,1,0,1
58.0,51033.0,17.2,580.0,39563.0,0.302,3,0,1
29.0,49168.0,4.6,658.0,4973.0,0.278,1,0,0
21.0,38239.0,0.6,567.0,11496.0,0.02,1,0,0
33.0,177367.0,4.8,729.0,60901.0,0.456,1,0,0
44.0,63479.0,17.5,744.0,20743.0,0.234,0,0,0
40.0,67779.0,0.3,590.0,37335.0,0.31,0,0,0
41.0,44678.0,3.4,612.0,20570.0,0.526,2,1,0
53.0,42410.0,6.1,633.0,30473.0,0.181,0,1,0
42.0,87255.0,14.1,665.0,18927.0,0.302,0,1,0
47.0,25873.0,23.9,690.0,9043.0,0.35,2,0,0
28.0,32886.0,0.5,693.0,14992.0,0.409,0,0,0
26.0,49207.0,5.1,693.0,32605.0,0.3,0,1,1
56.0,101019.0,29.3,783.0,67423.0,0.418,0,0,0
39.0,46470.0,1.5,665.0,32275.0,0.258,4,0,1
31.0,66327.0,1.6,570.0,29141.0,0.354,2,1,1
31.0,55691.0,3.9,549.0,12876.0,0.341,3,0,0
31.0,98558.0,1.2,775.0,58612.0,0.291,0,0,1
30.0,26956.0,7.7,700.0,20648.0,0.332,1,0,0
24.0,76594.0,2.0,675.0,20219.0,0.213,1,1,0
21.0,50291.0,0.6,692.0,9997.0,0.27,0,0,0
36.0,83390.0,11.5,677.0,5575.0,0.171,0,0,0
31.0,38041.0,3.4,692.0,20917.0,0.256,1,1,0
50.0,55607.0,26.3,647.0,25510.0,0.414,2,1,0
41.0,52521.0,13.9,741.0,7932.0,0.342,1,0,0
41.0,35031.0,7.2,627.0,6994.0,0.331,4,0,0
30.0,30912.0,5.3,599.0,16899.0,0.14,0,1,0
37.0,42358.0,4.3,544.0,15969.0,0.332,4,1,0
42.0,58312.0,21.6,654.0,13116.0,0.294,2,0,0
46.0,39123.0,11.3,754.0,19733.0,0.354,0,0,0
37.0,47408.0,15.2,636.0,4243.0,0.438,0,1,0
50.0,23541.0,29.2,578.0,1463.0,0.259,5,0,0
38.0,46551.0,9.7,685.0,11436.0,0.268,1,0,0
47.0,87178.0,19.5,624.0,23289.0,0.392,0,1,0
33.0,75540.0,7.2,772.0,9690.0,0.24,0,0,0
21.0,52890.0,0.1,735.0,7201.0,0.309,0,0,0
41.0,61373.0,20.0,581.0,10793.0,0.1,1,0,0
46.0,37887.0,11.9,654.0,22484.0,0.269,2,0,0
44.0,114243.0,21.8,618.0,74786.0,0.431,2,1,1
43.0,139467.0,14.8,586.0,25969.0,0.334,1,0,0
34.0,59234.0,1.5,657.0,32139.0,0.39,1,0,0
29.0,176468.0,3.8,719.0,39748.0,0.396,1,0,0
44.0,40498.0,4.7,657.0,28755.0,0.435,1,0,1
43.0,31323.0,3.9,626.0,7884.0,0.265,1,0,1
32.0,39965.0,8.5,510.0,5888.0,0.394,2,0,1
50.0,49827.0,0.9,614.0,18902.0,0.525,4,0,1
28.0,155674.0,8.0,703.0,25789.0,0.297,1,0,1
32.0,48464.0,5.2,569.0,9633.0,0.168,3,0,1
56.0,37356.0,17.6,759.0,11367.0,0.241,2,1,0
48.0,36709.0,8.3,623.0,20026.0,0.347,2,0,1
34.0,91867.0,1.2,674.0,12645.0,0.134,2,0,1
41.0,86152.0,12.4,638.0,22665.0,0.224,0,0,0
40.0,44206.0,6.8,581.0,30669.0,0.267,1,0,0
21.0,23647.0,0.6,691.0,6038.0,0.311,0,1,0
28.0,33098.0,4.5,620.0,5836.0,0.48,0,0,1
37.0,119330.0,3.8,604.0,53724.0,0.369,4,0,1
34.0,74986.0,6.5,497.0,5623.0,0.189,2,0,1
41.0,56644.0,6.4,754.0,36987.0,0.687,0,1,0
50.0,127524.0,7.3,664.0,27653.0,0.298,3,0,1
34.0,132765.0,11.1,743.0,19867.0,0.132,1,1,0
26.0,54118.0,0.1,703.0,35509.0,0.196,0,1,0
42.0,54567.0,5.8,740.0,37218.0,0.197,0,0,0
34.0,42326.0,7.7,624.0,25440.0,0.165,2,0,0
36.0,48388.0,7.8,568.0,10933.0,0.351,2,0,0
35.0,28176.0,13.9,720.0,12545.0,0.033,0,0,0
63.0,28125.0,36.0,687.0,21847.0,0.398,1,0,0
21.0,25334.0,0.8,628.0,10344.0,0.381,3,0,0
34.0,89594.0,7.1,716.0,68291.0,0.254,1,0,0
38.0,27240.0,7.7,685.0,15180.0,0.392,3,0,0
29.0,132266.0,0.3,705.0,90437.0,0.191,0,0,0
48.0,39593.0,22.9,600.0,7693.0,0.216,1,0,0
47.0,120198.0,11.6,734.0,89554.0,0.355,1,0,0
37.0,46668.0,5.6,662.0,32201.0,0.279,0,1,1
35.0,27182.0,9.1,740.0,17363.0,0.237,0,0,1
37.0,98006.0,12.6,734.0,74085.0,0.289,1,0,1
37.0,103355.0,8.8,712.0,66319.0,0.432,2,0,0
37.0,36584.0,2.6,654.0,17654.0,0.428,0,1,0
36.0,47375.0,14.7,717.0,25417.0,0.343,0,0,0
41.0,36588.0,2.3,739.0,24356.0,0.264,0,0,0
46.0,52096.0,25.5,715.0,31876.0,0.352,0,0,0
24.0,57735.0,2.0,675.0,28512.0,0.214,1,0,1
26.0,46956.0,6.1,713.0,23410.0,0.417,0,1,0
21.0,24260.0,0.9,624.0,17230.0,0.395,3,0,1
48.0,42349.0,11.2,772.0,2432.0,0.493,1,1,0
41.0,75484.0,16.6,551.0,44420.0,0.22,1,0,0
44.0,50065.0,2.1,663.0,23743.0,0.207,1,0,0
22.0,47465.0,0.2,632.0,32215.0,0.355,1,0,0
58.0,36179.0,13.4,622.0,7383.0,0.273,2,0,0
31.0,41796.0,6.9,685.0,18558.0,0.4,0,0,0
40.0,103685.0,0.2,581.0,15110.0,0.432,3,0,0
47.0,32932.0,14.1,818.0,17932.0,0.47,0,0,0
27.0,76074.0,7.0,569.0,47381.0,0.306,5,0,1
32.0,56177.0,10.3,599.0,29080.0,0.388,0,0,1
40.0,61405.0,4.6,589.0,28620.0,0.248,1,1,0
69.0,39558.0,26.1,687.0,12165.0,0.322,0,0,0
41.0,46948.0,3.7,733.0,24875.0,0.295,1,0,0
56.0,54859.0,9.4,702.0,39752.0,0.289,0,0,1
51.0,43512.0,28.9,777.0,25718.0,0.482,0,0,1
42.0,63846.0,22.0,613.0,4291.0,0.166,0,0,0
27.0,67571.0,1.7,707.0,29160.0,0.3,0,0,0
50.0,146211.0,6.3,642.0,88065.0,0.305,0,0,0
22.0,62335.0,0.6,676.0,26687.0,0.364,1,0,1
56.0,23262.0,15.9,746.0,11480.0,0.19,0,0,0
40.0,92823.0,1.8,542.0,68103.0,0.27,2,0,0
21.0,50179.0,0.1,799.0,35399.0,0.24,1,0,0
34.0,136006.0,6.1,653.0,15095.0,0.075,5,0,0
45.0,106618.0,5.9,551.0,46156.0,0.416,2,0,0
35.0,43814.0,13.0,618.0,22641.0,0.153,1,0,0
46.0,76111.0,19.4,677.0,52442.0,0.14,0,0,0
29.0,42100.0,4.6,614.0,10488.0,0.395,2,0,1
24.0,55067.0,1.6,517.0,8529.0,0.267,3,1,1
37.0,74554.0,14.3,674.0,37118.0,0.27,1,0,0
38.0,90757.0,3.0,611.0,36367.0,0.272,2,1,1
34.0,82284.0,12.6,712.0,20018.0,0.407,0,0,0
52.0,56888.0,1.5,586.0,43075.0,0.245,2,0,1
29.0,168153.0,8.0,822.0,48456.0,0.36,0,0,0
41.0,46669.0,3.0,697.0,4269.0,0.186,0,0,0
39.0,26685.0,15.2,681.0,2511.0,0.333,3,1,0
21.0,29099.0,0.0,704.0,5844.0,0.39,0,0,0
23.0,106766.0,2.8,534.0,14686.0,0.441,0,1,0
38.0,53135.0,10.6,631.0,18386.0,0.145,4,0,0
60.0,59081.0,0.8,785.0,6519.0,0.27,0,0,0
44.0,43086.0,18.9,647.0,20288.0,0.46,1,1,0
21.0,44863.0,0.1,656.0,15984.0,0.392,2,0,1
21.0,38596.0,0.5,628.0,19238.0,0.28,0,0,1
46.0,67989.0,8.7,767.0,53843.0,0.3,0,0,0
37.0,52642.0,12.9,649.0,41794.0,0.33,0,0,1
51.0,66892.0,26.1,585.0,24267.0,0.263,1,0,0
28.0,64077.0,3.9,842.0,20844.0,0.355,0,1,0
42.0,45408.0,16.6,572.0,25481.0,0.349,3,0,1
47.0,28529.0,25.0,666.0,9293.0,0.189,2,0,0
33.0,27432.0,9.0,606.0,17384.0,0.251,1,1,0
33.0,214718.0,4.3,613.0,107624.0,0.255,0,1,0
38.0,106966.0,8.5,590.0,21352.0,0.274,2,0,0
44.0,100526.0,5.5,625.0,36302.0,0.327,1,0,0
38.0,40600.0,8.2,733.0,28328.0,0.318,1,0,0
49.0,55236.0,7.1,530.0,25686.0,0.228,1,0,0
33.0,38108.0,10.4,753.0,22195.0,0.434,1,0,0
23.0,30475.0,2.1,737.0,17748.0,0.301,0,0,0
60.0,42199.0,25.2,708.0,17370.0,0.446,0,0,1
31.0,99895.0,1.3,669.0,27133.0,0.444,0,0,0
32.0,80292.0,0.0,679.0,39925.0,0.194,1,0,0
37.0,35545.0,13.6,766.0,4791.0,0.251,0,0,0
39.0,47735.0,10.2,543.0,23773.0,0.258,2,0,0
34.0,77049.0,12.8,717.0,9789.0,0.331,0,0,0
38.0,42538.0,9.6,613.0,30897.0,0.373,3,0,1
38.0,57005.0,3.8,720.0,34654.0,0.315,1,1,0
40.0,65902.0,13.9,624.0,12252.0,0.245,2,0,0
21.0,65579.0,0.7,710.0,41872.0,0.465,0,1,0
59.0,61664.0,2.5,553.0,36652.0,0.256,3,0,1
36.0,40983.0,11.4,547.0,24440.0,0.374,3,0,1
44.0,42922.0,5.2,655.0,12939.0,0.296,1,0,0
23.0,33023.0,0.7,761.0,14598.0,0.293,1,0,1
33.0,27241.0,0.4,698.0,13330.0,0.367,3,0,1
31.0,52232.0,6.7,700.0,17379.0,0.454,0,1,0
54.0,79412.0,25.0,733.0,37347.0,0.33,1,0,0
32.0,29554.0,2.7,634.0,6886.0,0.251,5,1,1
46.0,62189.0,20.9,713.0,43915.0,0.448,1,0,0
31.0,78290.0,8.3,624.0,60303.0,0.349,2,0,1
33.0,24066.0,5.3,641.0,7101.0,0.317,1,0,0
35.0,48695.0,1.0,647.0,14939.0,0.403,2,0,0
52.0,115368.0,9.0,626.0,24476.0,0.332,2,0,0
21.0,70507.0,0.2,655.0,49255.0,0.546,1,0,1
24.0,23704.0,3.4,644.0,4089.0,0.3,4,1,0
21.0,73965.0,0.8,611.0,48014.0,0.415,2,0,1
26.0,39285.0,0.5,650.0,26488.0,0.344,0,1,0
29.0,75070.0,4.7,673.0,21557.0,0.344,1,1,0
21.0,40318.0,0.3,583.0,25505.0,0.264,2,0,1
30.0,53703.0,0.3,689.0,20930.0,0.264,0,0,0
21.0,43183.0,0.3,626.0,13444.0,0.35,1,1,0
27.0,55078.0,0.9,674.0,39658.0,0.213,2,0,1
51.0,42609.0,7.0,617.0,16624.0,0.242,1,1,0
42.0,49737.0,7.3,737.0,4547.0,0.302,0,0,0
40.0,32405.0,8.2,731.0,17041.0,0.424,1,0,1
27.0,68589.0,3.3,588.0,37278.0,0.308,4,0,1
21.0,59514.0,0.6,697.0,31304.0,0.306,0,0,0
25.0,26573.0,2.0,762.0,8510.0,0.194,0,0,0
38.0,85983.0,8.7,598.0,48061.0,0.47,5,0,1
48.0,50805.0,11.5,605.0,13632.0,0.411,0,0,0
48.0,59153.0,26.9,725.0,23559.0,0.422,0,1,0
45.0,77586.0,1.7,569.0,16489.0,0.155,1,0,0
30.0,63755.0,5.8,608.0,32511.0,0.335,3,0,1
38.0,92914.0,3.5,591.0,61126.0,0.206,2,0,0
34.0,48200.0,5.4,715.0,5941.0,0.377,0,0,0
36.0,87604.0,8.6,616.0,6155.0,0.332,1,0,1
60.0,58128.0,30.7,655.0,36089.0,0.352,2,0,0
21.0,69115.0,1.0,608.0,20193.0,0.228,0,0,0
35.0,65955.0,7.6,744.0,19316.0,0.196,0,0,1
51.0,96126.0,8.1,604.0,45521.0,0.236,0,0,1
22.0,76094.0,1.5,562.0,31583.0,0.331,1,1,0
31.0,45061.0,2.4,560.0,6361.0,0.276,1,0,1
32.0,41213.0,6.2,712.0,25566.0,0.325,1,0,0
36.0,53782.0,13.2,720.0,9799.0,0.198,0,0,0
21.0,39067.0,0.4,748.0,26156.0,0.299,0,0,0
45.0,34255.0,13.7,579.0,21350.0,0.44,0,0,0
45.0,21109.0,3.0,645.0,3703.0,0.333,0,0,0
44.0,27390.0,1.3,831.0,16945.0,0.339,0,0,0
28.0,134393.0,8.3,643.0,73339.0,0.34,4,0,1
39.0,40932.0,3.4,622.0,32187.0,0.249,3,0,0
28.0,129527.0,2.7,660.0,75627.0,0.463,2,0,1
34.0,65940.0,7.2,701.0,22595.0,0.336,0,0,0
62.0,53782.0,15.6,704.0,27700.0,0.318,0,1,1
39.0,27996.0,1.9,618.0,15297.0,0.369,3,0,0
25.0,55116.0,1.0,620.0,33579.0,0.394,0,0,1
40.0,128872.0,9.9,644.0,51738.0,0.175,1,0,0
23.0,110860.0,1.4,610.0,74362.0,0.306,1,0,1
25.0,62224.0,3.8,575.0,16502.0,0.524,0,0,0
27.0,32800.0,2.0,788.0,25338.0,0.466,0,0,0
33.0,35752.0,12.3,638.0,10112.0,0.289,2,0,1
48.0,37475.0,8.0,639.0,2929.0,0.373,4,0,1
44.0,97759.0,8.1,642.0,19562.0,0.267,3,0,1
44.0,114618.0,22.5,666.0,85457.0,0.335,1,0,1
26.0,60068.0,5.0,693.0,38596.0,0.254,2,1,0
32.0,47988.0,3.8,629.0,18213.0,0.252,0,0,1
41.0,110416.0,8.3,744.0,80478.0,0.241,0,1,0
31.0,35409.0,9.3,707.0,8320.0,0.468,1,1,0
35.0,56298.0,1.3,647.0,12676.0,0.252,0,0,0
43.0,67739.0,6.7,617.0,9939.0,0.414,1,1,0
34.0,37303.0,7.5,740.0,14243.0,0.257,2,0,0
40.0,41313.0,17.0,657.0,17996.0,0.245,0,0,0
56.0,39891.0,20.1,583.0,6337.0,0.339,2,0,1
36.0,104049.0,7.9,735.0,14146.0,0.17,0,0,0
51.0,130164.0,29.8,624.0,44625.0,0.366,0,0,1
44.0,57916.0,2.8,722.0,13000.0,0.286,1,0,0
22.0,48747.0,1.5,485.0,23432.0,0.245,2,0,1
26.0,41989.0,0.7,635.0,18612.0,0.223,0,0,0
29.0,55043.0,6.5,744.0,9460.0,0.497,0,1,0
29.0,42937.0,4.7,663.0,2574.0,0.297,0,1,0
37.0,52650.0,4.5,704.0,28094.0,0.292,0,0,0
45.0,66240.0,13.5,604.0,41709.0,0.387,1,0,1
52.0,45830.0,28.0,698.0,19075.0,0.216,1,1,0
41.0,50502.0,10.1,665.0,24323.0,0.413,0,0,0
33.0,50596.0,0.1,677.0,39024.0,0.296,0,1,0
21.0,47676.0,0.1,803.0,29835.0,0.162,1,0,0
39.0,45091.0,11.9,757.0,13543.0,0.247,0,1,0
38.0,77503.0,12.4,722.0,53301.0,0.19,0,0,0
40.0,24792.0,8.0,720.0,11438.0,0.308,1,0,0
61.0,111694.0,10.0,601.0,49307.0,0.221,0,1,0
52.0,58459.0,22.7,638.0,33257.0,0.21,2,0,1
47.0,72374.0,8.1,557.0,26931.0,0.329,1,0,1
27.0,76220.0,0.5,571.0,54160.0,0.304,2,0,1
32.0,39993.0,5.1,600.0,7017.0,0.421,3,0,1
37.0,36447.0,9.1,663.0,13356.0,0.416,0,0,0
29.0,34564.0,9.1,579.0,3410.0,0.306,4,1,0
44.0,49213.0,13.9,664.0,28496.0,0.35,1,0,1
42.0,75337.0,4.6,652.0,19039.0,0.159,3,0,0
26.0,42294.0,5.0,583.0,15609.0,0.37,1,0,0
51.0,72306.0,9.1,771.0,51682.0,0.341,1,0,1
39.0,18949.0,18.3,576.0,3595.0,0.395,2,1,0
21.0,46239.0,0.3,738.0,2390.0,0.269,1,0,0
37.0,92995.0,15.9,510.0,44971.0,0.27,0,0,0
41.0,50927.0,18.5,659.0,19259.0,0.271,4,1,0
49.0,37872.0,24.8,589.0,3455.0,0.443,1,0,0
34.0,40926.0,0.6,614.0,11139.0,0.328,1,0,0
47.0,15000.0,23.0,798.0,3440.0,0.15,0,0,0
40.0,34884.0,14.5,643.0,8563.0,0.364,0,0,0
24.0,88508.0,1.2,583.0,56844.0,0.254,4,0,1
22.0,42316.0,1.2,695.0,11788.0,0.408,1,0,0
50.0,44625.0,19.4,645.0,18618.0,0.354,1,0,0
51.0,19260.0,29.4,685.0,4798.0,0.424,1,0,0
42.0,26402.0,16.8,604.0,20143.0,0.404,1,0,1
54.0,93959.0,14.8,607.0,59256.0,0.394,2,0,1
50.0,72611.0,19.1,614.0,26682.0,0.413,6,0,0
46.0,30676.0,4.7,718.0,18260.0,0.382,0,0,0
28.0,41412.0,3.4,646.0,11849.0,0.231,0,0,0
57.0,54283.0,29.3,601.0,6062.0,0.186,3,0,0
44.0,32107.0,14.5,679.0,11972.0,0.217,0,0,0
34.0,22320.0,10.8,671.0,10567.0,0.373,1,0,0
31.0,51197.0,5.4,703.0,15974.0,0.078,1,0,0
41.0,71165.0,7.9,630.0,24990.0,0.298,2,0,0
21.0,71785.0,0.7,655.0,42053.0,0.273,1,1,0
46.0,81548.0,2.4,691.0,58844.0,0.422,0,0,0
28.0,27337.0,7.4,593.0,19698.0,0.288,0,0,0
42.0,56452.0,20.9,733.0,27197.0,0.263,0,0,0
32.0,48741.0,10.8,667.0,25449.0,0.432,1,0,0
35.0,52883.0,13.3,590.0,23777.0,0.291,4,0,1
30.0,50000.0,4.9,585.0,16421.0,0.275,1,0,0
36.0,40859.0,8.1,657.0,24663.0,0.251,2,0,0
59.0,15000.0,31.8,637.0,2002.0,0.329,3,0,0
53.0,92773.0,9.4,718.0,66844.0,0.267,2,0,0
42.0,63805.0,18.6,649.0,16767.0,0.267,3,0,0
38.0,28202.0,3.6,683.0,6039.0,0.445,0,0,0
47.0,68050.0,24.0,613.0,17386.0,0.305,3,0,1
50.0,44972.0,16.5,667.0,29627.0,0.255,0,0,1
29.0,45549.0,7.5,756.0,11463.0,0.2,2,0,0
37.0,38921.0,8.5,654.0,19739.0,0.32,0,0,0
21.0,70032.0,0.6,622.0,21526.0,0.244,1,0,1
50.0,38375.0,28.1,614.0,20811.0,0.263,3,0,1
61.0,33574.0,17.0,667.0,16576.0,0.215,3,0,0
39.0,91526.0,4.2,761.0,73067.0,0.32,1,1,0
21.0,50746.0,0.1,565.0,14372.0,0.17,3,0,0
45.0,51468.0,14.6,664.0,16076.0,0.341,1,0,0
28.0,75109.0,4.9,542.0,14952.0,0.245,7,0,1
31.0,40728.0,6.6,635.0,16207.0,0.372,1,0,1
45.0,44552.0,0.9,679.0,30207.0,0.349,1,0,1
41.0,63112.0,0.6,550.0,13143.0,0.31,4,1,0
33.0,27487.0,11.3,635.0,21194.0,0.385,0,0,0
31.0,60754.0,7.5,684.0,3637.0,0.456,1,0,0
39.0,39145.0,2.2,670.0,25595.0,0.427,0,0,0
33.0,80826.0,1.0,684.0,45967.0,0.169,0,0,0
26.0,70339.0,0.9,592.0,51273.0,0.239,3,0,0
34.0,66279.0,11.6,686.0,29253.0,0.252,1,0,1
42.0,26688.0,15.7,626.0,14964.0,0.364,2,0,0
36.0,52500.0,10.2,715.0,4571.0,0.248,1,0,0
22.0,32381.0,1.6,499.0,11196.0,0.244,3,0,1
49.0,54095.0,24.8,652.0,33973.0,0.227,3,0,1
21.0,19404.0,0.3,667.0,2556.0,0.33,0,0,0
33.0,27494.0,4.2,757.0,17508.0,0.363,0,0,0
31.0,93916.0,4.8,668.0,26410.0,0.179,3,0,0
40.0,64936.0,19.4,683.0,20438.0,0.249,1,0,0
44.0,46905.0,13.4,693.0,25119.0,0.11,2,0,0
50.0,36540.0,16.6,756.0,3969.0,0.061,1,0,0
30.0,33765.0,8.2,637.0,17506.0,0.348,2,0,1
44.0,60184.0,4.4,564.0,44253.0,0.332,4,0,1
40.0,47120.0,8.2,552.0,5670.0,0.317,4,0,1
21.0,110313.0,0.6,707.0,26447.0,0.459,0,0,0
59.0,50612.0,38.4,695.0,3050.0,0.132,1,0,0
22.0,56473.0,0.3,642.0,24763.0,0.092,2,0,0
43.0,29444.0,10.2,624.0,17614.0,0.188,0,0,0
42.0,46760.0,20.2,683.0,34826.0,0.088,0,0,0
41.0,59560.0,15.3,682.0,19418.0,0.239,1,1,0
33.0,46506.0,7.7,697.0,7514.0,0.358,2,0,1
47.0,44203.0,7.0,586.0,3174.0,0.33,0,0,1
21.0,63716.0,0.2,537.0,18717.0,0.403,0,0,1
37.0,108745.0,6.5,599.0,47214.0,0.337,2,0,0
32.0,58708.0,3.0,567.0,42597.0,0.26,0,0,0
31.0,92039.0,8.5,566.0,19544.0,0.247,4,0,0
43.0,72752.0,16.4,778.0,46268.0,0.344,0,1,0
50.0,89594.0,24.9,514.0,36795.0,0.147,2,0,0
34.0,41803.0,2.4,694.0,29289.0,0.02,2,0,0
47.0,50110.0,8.2,728.0,34941.0,0.339,2,1,0
39.0,50204.0,14.3,736.0,34805.0,0.323,1,0,0
28.0,70327.0,1.3,680.0,24685.0,0.457,1,0,1
35.0,78564.0,2.2,753.0,24328.0,0.37,0,0,0
35.0,58184.0,5.6,788.0,11955.0,0.331,0,1,0
30.0,81602.0,1.9,640.0,18060.0,0.269,0,0,0
43.0,42684.0,1.8,692.0,21862.0,0.219,1,0,0
41.0,81921.0,6.4,753.0,63198.0,0.272,1,1,0
21.0,86873.0,0.9,600.0,43825.0,0.396,1,0,1
21.0,74605.0,0.1,643.0,26801.0,0.346,1,0,0
43.0,58423.0,12.8,623.0,13543.0,0.393,0,0,0
29.0,75817.0,5.1,695.0,40864.0,0.311,0,0,0
41.0,36783.0,11.3,533.0,7659.0,0.21,1,1,0
47.0,60135.0,13.4,767.0,7218.0,0.416,1,0,0
24.0,62964.0,0.1,697.0,7565.0,0.407,1,0,0
22.0,30237.0,0.1,701.0,20798.0,0.319,0,1,0
56.0,68094.0,18.6,504.0,22927.0,0.356,5,0,1
42.0,31355.0,21.2,598.0,23681.0,0.35,1,0,1
33.0,45366.0,5.5,767.0,19170.0,0.253,0,0,0
28.0,55993.0,3.6,649.0,31839.0,0.274,3,0,0
32.0,39587.0,12.2,545.0,26532.0,0.209,3,0,0
25.0,57082.0,3.8,677.0,40292.0,0.274,0,1,0
48.0,56672.0,21.3,718.0,9743.0,0.403,0,0,0
29.0,38025.0,4.8,700.0,8081.0,0.384,2,0,0
50.0,71017.0,27.0,663.0,11545.0,0.356,0,0,0
34.0,38996.0,7.9,743.0,14981.0,0.396,1,0,0
27.0,153995.0,4.3,613.0,25606.0,0.263,0,0,0
33.0,52356.0,10.5,703.0,28175.0,0.183,2,0,0
21.0,32468.0,0.4,670.0,10459.0,0.284,3,0,1
37.0,35318.0,15.9,659.0,27302.0,0.292,0,0,0
36.0,92180.0,15.9,641.0,61064.0,0.368,2,0,1
47.0,45751.0,15.9,644.0,27140.0,0.351,1,0,0
21.0,29774.0,0.2,662.0,16868.0,0.401,3,0,1
51.0,80762.0,23.9,651.0,6437.0,0.099,2,0,0
47.0,45619.0,8.7,716.0,5144.0,0.22,0,0,0
52.0,73801.0,18.3,632.0,27608.0,0.291,0,0,0
37.0,83792.0,1.5,771.0,61673.0,0.348,0,0,0
49.0,62230.0,23.5,631.0,7500.0,0.509,1,0,0
22.0,161659.0,1.7,725.0,59023.0,0.202,3,1,0
46.0,25310.0,2.4,729.0,16336.0,0.229,0,0,0
30.0,38063.0,7.0,675.0,11032.0,0.258,0,0,0
21.0,49016.0,0.9,666.0,36617.0,0.225,1,0,0
26.0,152149.0,0.6,609.0,114268.0,0.211,0,0,1
38.0,123524.0,4.5,626.0,11454.0,0.305,0,0,0
29.0,98223.0,3.5,677.0,50320.0,0.398,2,1,0
42.0,38474.0,18.5,666.0,6124.0,0.312,0,0,0
21.0,40547.0,0.5,743.0,15438.0,0.214,0,0,0
21.0,37882.0,0.1,628.0,27402.0,0.28,1,0,0
53.0,38659.0,8.5,637.0,4060.0,0.196,0,0,0
48.0,107668.0,13.1,550.0,81076.0,0.398,1,0,1
26.0,49286.0,0.3,705.0,39224.0,0.447,0,0,0
38.0,52309.0,11.3,704.0,28910.0,0.14,1,0,0
49.0,77930.0,0.7,729.0,24720.0,0.323,1,0,0
43.0,26017.0,17.7,741.0,6199.0,0.222,1,0,1
40.0,56319.0,14.4,722.0,21089.0,0.306,0,0,0
50.0,33574.0,26.0,731.0,6207.0,0.291,0,0,0
30.0,48175.0,1.6,703.0,3133.0,0.166,0,1,0
38.0,42243.0,11.1,719.0,4100.0,0.421,2,0,0
38.0,41274.0,13.9,538.0,22605.0,0.285,3,0,1
35.0,60876.0,7.7,587.0,3991.0,0.253,2,1,0
34.0,60757.0,1.8,572.0,16775.0,0.312,0,0,0
39.0,49820.0,1.9,750.0,27764.0,0.213,1,1,0
38.0,64984.0,11.1,611.0,11768.0,0.282,0,0,0
26.0,37206.0,3.2,618.0,11132.0,0.116,2,0,0
47.0,74742.0,24.9,673.0,5500.0,0.064,1,1,0
27.0,50126.0,6.1,576.0,6733.0,0.203,1,0,1
36.0,44242.0,11.3,692.0,9709.0,0.247,0,0,0
35.0,38463.0,14.5,518.0,5563.0,0.124,1,0,0
42.0,49338.0,15.2,585.0,19935.0,0.25,4,0,1
21.0,127628.0,0.1,674.0,18533.0,0.247,0,0,1
48.0,53455.0,2.2,574.0,14908.0,0.294,1,0,0
31.0,32863.0,8.6,755.0,19477.0,0.361,1,0,0
51.0,83163.0,11.3,669.0,44940.0,0.471,1,0,0
33.0,44477.0,11.8,745.0,15000.0,0.343,0,0,0
37.0,62491.0,2.1,686.0,46763.0,0.202,1,0,0
59.0,41879.0,7.8,663.0,26820.0,0.367,1,0,0
35.0,97874.0,11.6,596.0,49464.0,0.44,0,0,1
52.0,42161.0,26.8,738.0,15919.0,0.188,0,0,0
38.0,103169.0,16.0,699.0,9804.0,0.194,0,0,0
43.0,34301.0,2.2,807.0,12336.0,0.158,1,0,0
39.0,48208.0,7.2,722.0,22125.0,0.244,0,0,0
47.0,103268.0,17.7,641.0,81919.0,0.337,1,1,0
30.0,59324.0,9.6,685.0,45306.0,0.448,1,0,0
27.0,152855.0,1.7,690.0,20507.0,0.389,1,1,0
31.0,48726.0,6.6,745.0,38223.0,0.339,1,1,0
39.0,61744.0,2.7,754.0,38032.0,0.305,1,0,0
36.0,129626.0,11.6,654.0,72779.0,0.339,2,1,1
46.0,27829.0,3.3,577.0,20250.0,0.345,0,0,1
52.0,26320.0,32.4,546.0,7733.0,0.43,2,0,0
27.0,38450.0,0.7,581.0,13437.0,0.298,2,0,0
30.0,79309.0,6.8,622.0,55771.0,0.326,0,0,0
22.0,26653.0,1.7,766.0,3411.0,0.259,0,0,0
60.0,71952.0,10.4,772.0,41867.0,0.311,2,1,0
41.0,69711.0,5.4,730.0,45825.0,0.274,0,0,0
43.0,136157.0,13.9,753.0,97189.0,0.181,2,0,0
23.0,88041.0,2.1,612.0,18874.0,0.387,4,0,1
38.0,64790.0,13.0,560.0,36246.0,0.449,3,0,0
44.0,101387.0,13.7,596.0,11587.0,0.296,1,0,0
35.0,70094.0,2.7,519.0,48766.0,0.333,3,1,1
50.0,44715.0,27.6,596.0,18393.0,0.386,4,0,1
63.0,32860.0,7.2,628.0,17026.0,0.286,1,1,0
28.0,42569.0,4.3,674.0,29310.0,0.319,2,0,1
27.0,54017.0,6.2,673.0,23201.0,0.278,0,0,0
28.0,59507.0,7.6,616.0,25677.0,0.245,4,0,1
56.0,21041.0,6.0,703.0,8385.0,0.352,1,0,1
49.0,49826.0,7.0,617.0,24939.0,0.351,1,0,0
37.0,55712.0,9.9,666.0,32758.0,0.392,2,0,0
38.0,70367.0,6.2,585.0,46011.0,0.3,0,0,1
29.0,114365.0,6.6,740.0,8275.0,0.18,0,1,0
48.0,59792.0,14.5,669.0,18599.0,0.411,0,0,0
34.0,36526.0,3.7,709.0,13675.0,0.227,1,0,1
35.0,24269.0,6.2,578.0,3010.0,0.225,0,0,0
45.0,74925.0,17.1,681.0,45983.0,0.247,0,0,0
36.0,37198.0,12.5,706.0,16447.0,0.126,0,0,0
35.0,81240.0,5.7,520.0,4177.0,0.278,4,0,0
38.0,103149.0,1.9,743.0,54001.0,0.362,1,0,0
47.0,27454.0,9.4,577.0,8353.0,0.257,2,0,0
56.0,70569.0,22.8,686.0,41998.0,0.434,0,0,0
44.0,98397.0,18.6,794.0,18181.0,0.428,0,0,0
47.0,86999.0,23.6,739.0,4429.0,0.389,1,0,0
36.0,21412.0,15.2,563.0,2465.0,0.107,0,0,0
30.0,37457.0,5.4,650.0,14245.0,0.443,0,0,0
45.0,30915.0,22.2,757.0,18889.0,0.276,0,0,0
40.0,69609.0,5.2,605.0,35009.0,0.468,2,0,1
22.0,66243.0,1.3,635.0,4056.0,0.24,1,0,0
34.0,16335.0,7.8,637.0,8064.0,0.286,3,0,1
37.0,48036.0,13.1,706.0,19773.0,0.309,2,0,0
32.0,78859.0,9.6,557.0,51054.0,0.207,8,0,0
54.0,58787.0,9.8,709.0,14256.0,0.138,1,0,0
43.0,58742.0,20.6,627.0,34611.0,0.06,0,0,1
53.0,46669.0,29.5,674.0,24447.0,0.595,0,0,1
41.0,34152.0,19.8,654.0,17665.0,0.133,0,0,0
39.0,54579.0,8.6,706.0,19330.0,0.135,0,1,0
28.0,56305.0,7.6,662.0,3358.0,0.357,1,0,0
38.0,72544.0,14.2,768.0,13837.0,0.158,1,0,0
38.0,75246.0,11.9,735.0,51407.0,0.139,0,0,0
23.0,57167.0,1.3,605.0,29306.0,0.02,0,0,1
32.0,90021.0,10.2,761.0,43535.0,0.329,0,0,1
34.0,46461.0,11.0,688.0,20641.0,0.193,1,0,0
43.0,28718.0,13.2,678.0,3093.0,0.364,0,0,0
43.0,68170.0,23.0,731.0,21184.0,0.292,1,0,1
32.0,58219.0,2.9,589.0,29945.0,0.309,1,0,1
43.0,68783.0,14.9,571.0,9916.0,0.255,4,0,0
36.0,31135.0,5.1,664.0,23063.0,0.272,2,0,1
21.0,123124.0,0.5,618.0,12865.0,0.211,0,0,0
33.0,75721.0,4.3,807.0,42392.0,0.22,1,0,0
50.0,48315.0,10.0,611.0,13332.0,0.191,2,0,0
21.0,36103.0,0.4,663.0,25191.0,0.451,0,0,0
39.0,89305.0,1.1,674.0,59845.0,0.26,0,1,0
55.0,33500.0,1.4,747.0,10047.0,0.074,1,0,0
30.0,152162.0,7.0,594.0,60345.0,0.326,2,0,0
38.0,41737.0,5.6,550.0,32110.0,0.22,2,0,1
24.0,119290.0,0.1,758.0,60352.0,0.296,0,0,0
56.0,50619.0,2.9,667.0,2759.0,0.273,2,1,0
37.0,112019.0,3.3,718.0,70900.0,0.449,2,0,1
39.0,39513.0,0.9,720.0,12683.0,0.262,0,0,0
53.0,55468.0,31.1,748.0,14249.0,0.382,1,0,0
45.0,79002.0,14.4,641.0,53256.0,0.371,1,0,1
28.0,74089.0,3.3,616.0,57467.0,0.163,1,0,0
31.0,90258.0,5.8,523.0,8713.0,0.319,3,0,0
43.0,44167.0,2.6,592.0,15139.0,0.224,1,1,1
31.0,57140.0,7.8,668.0,14844.0,0.179,0,0,0
21.0,96458.0,1.0,611.0,69770.0,0.18,0,1,1
37.0,40044.0,2.3,581.0,28061.0,0.382,3,0,1
22.0,71163.0,0.3,664.0,51653.0,0.564,1,0,1
56.0,49835.0,22.5,765.0,4086.0,0.219,3,0,0
40.0,60339.0,3.0,658.0,5285.0,0.322,0,1,0
28.0,57133.0,1.0,581.0,26484.0,0.331,3,0,1
30.0,38575.0,6.9,753.0,6757.0,0.247,0,0,0
21.0,48912.0,0.6,606.0,6578.0,0.441,1,0,0
26.0,58707.0,1.3,764.0,14399.0,0.52,0,0,0
49.0,52515.0,24.0,654.0,30567.0,0.24,0,0,0
63.0,111616.0,4.5,669.0,61806.0,0.473,1,0,1
46.0,86644.0,8.6,774.0,55357.0,0.245,1,0,0
37.0,62666.0,12.6,572.0,6083.0,0.203,0,0,0
33.0,39014.0,8.1,591.0,24376.0,0.286,2,0,1
27.0,37960.0,4.5,639.0,15866.0,0.387,2,0,0
61.0,133693.0,27.9,664.0,38069.0,0.29,1,0,0
36.0,34914.0,10.3,850.0,17726.0,0.374,0,0,0
61.0,57891.0,36.1,616.0,37609.0,0.323,1,1,0
53.0,64700.0,19.0,578.0,8276.0,0.435,3,0,0
21.0,47810.0,0.4,595.0,31338.0,0.353,1,0,1
31.0,35035.0,8.2,680.0,16714.0,0.453,2,0,1
31.0,38634.0,2.8,696.0,19898.0,0.214,1,0,0
37.0,43009.0,13.0,617.0,30502.0,0.28,1,0,1
37.0,39967.0,4.9,664.0,23281.0,0.3,2,0,1
70.0,99964.0,24.0,808.0,48747.0,0.215,2,1,0
26.0,54775.0,4.5,665.0,16543.0,0.199,0,0,0
41.0,43451.0,12.9,689.0,18802.0,0.338,0,1,0
45.0,57712.0,2.1,793.0,39096.0,0.367,0,0,0
38.0,74285.0,8.0,615.0,59184.0,0.311,1,0,1
39.0,47099.0,15.6,614.0,29066.0,0.406,1,0,0
27.0,82535.0,6.5,630.0,53039.0,0.19,1,1,0
39.0,31041.0,8.9,628.0,17835.0,0.261,2,0,1
44.0,93169.0,2.0,534.0,58251.0,0.182,2,0,0
42.0,54779.0,7.9,674.0,12730.0,0.314,0,0,0
44.0,53824.0,11.9,681.0,19801.0,0.349,0,1,0
54.0,40265.0,2.5,648.0,18804.0,0.434,1,1,0
48.0,31652.0,24.5,690.0,14626.0,0.182,0,0,0
39.0,25980.0,10.1,683.0,12937.0,0.337,0,0,0
25.0,39020.0,2.1,569.0,30442.0,0.444,2,0,1
31.0,71649.0,4.5,682.0,49542.0,0.2,1,0,0
36.0,35686.0,0.4,699.0,23941.0,0.176,2,0,0
41.0,27400.0,10.8,554.0,18434.0,0.153,2,0,1
33.0,36534.0,6.1,765.0,23565.0,0.362,2,0,0
28.0,46254.0,2.7,575.0,25875.0,0.227,2,0,1
25.0,47080.0,3.2,582.0,11413.0,0.348,1,1,0
21.0,51901.0,0.4,674.0,35906.0,0.278,3,1,0
35.0,87532.0,8.8,702.0,22741.0,0.48,0,0,0
22.0,96496.0,1.6,715.0,57286.0,0.379,0,0,0
27.0,135611.0,2.5,701.0,18069.0,0.22,1,0,0
34.0,26473.0,5.4,626.0,12190.0,0.27,1,0,0
23.0,37419.0,2.9,669.0,10818.0,0.379,1,0,0
42.0,75313.0,7.9,642.0,43557.0,0.193,1,0,0
46.0,44836.0,11.5,678.0,31003.0,0.418,1,0,1
32.0,81019.0,9.6,670.0,4994.0,0.275,0,1,0
33.0,60373.0,7.8,629.0,8195.0,0.381,0,0,1
44.0,111941.0,22.3,647.0,83300.0,0.28,0,1,0
30.0,87931.0,4.8,533.0,20176.0,0.248,3,0,1
29.0,88658.0,4.5,720.0,53026.0,0.231,0,0,0
51.0,45695.0,1.3,681.0,30132.0,0.473,0,0,0
48.0,52640.0,5.5,501.0,31869.0,0.27,4,1,1
45.0,47941.0,13.3,722.0,3551.0,0.608,0,0,0
48.0,27929.0,5.3,659.0,16801.0,0.315,0,0,0
21.0,106658.0,0.5,595.0,82253.0,0.215,1,0,0
53.0,76919.0,9.3,593.0,25121.0,0.141,3,1,0
42.0,47090.0,0.5,612.0,27439.0,0.423,3,1,0
49.0,98929.0,13.8,602.0,25460.0,0.281,1,0,0
42.0,41416.0,14.4,611.0,33054.0,0.382,2,0,1
39.0,24051.0,6.3,782.0,4961.0,0.532,1,0,0
35.0,86544.0,11.6,692.0,24161.0,0.367,2,0,0
42.0,30938.0,3.2,804.0,5443.0,0.334,0,0,0
35.0,50362.0,1.3,676.0,38596.0,0.423,1,1,0
48.0,60346.0,25.8,713.0,28880.0,0.38,0,1,0
21.0,65418.0,0.9,599.0,15389.0,0.174,3,0,1
32.0,80569.0,4.9,651.0,12156.0,0.433,2,0,1
60.0,71430.0,17.0,663.0,50437.0,0.295,1,0,1
31.0,70442.0,9.5,708.0,6832.0,0.454,0,0,0
35.0,38532.0,8.2,661.0,20516.0,0.351,0,0,1
28.0,62787.0,1.0,685.0,31870.0,0.419,1,0,0
42.0,27934.0,2.5,683.0,17566.0,0.278,1,1,0
30.0,111085.0,1.3,639.0,62361.0,0.148,0,0,0
36.0,29259.0,12.5,638.0,19819.0,0.356,4,1,1
47.0,47061.0,16.5,621.0,3695.0,0.398,0,1,0
30.0,30382.0,3.1,737.0,11324.0,0.244,1,1,0
47.0,39597.0,4.3,641.0,4384.0,0.28,2,0,0
47.0,55333.0,3.3,685.0,19583.0,0.079,0,0,0
50.0,43354.0,21.9,660.0,20403.0,0.284,1,0,0
40.0,92042.0,17.3,743.0,45591.0,0.175,0,0,0
70.0,60913.0,26.6,534.0,45293.0,0.352,3,0,0
50.0,44658.0,22.9,693.0,33104.0,0.333,1,0,0
42.0,51791.0,6.1,575.0,14623.0,0.302,4,1,1
28.0,95221.0,4.9,690.0,54685.0,0.432,0,0,0
37.0,82791.0,7.4,653.0,48394.0,0.324,2,0,1
54.0,32947.0,3.0,558.0,25298.0,0.319,5,0,1
57.0,40489.0,17.9,693.0,4573.0,0.332,0,0,0
54.0,68101.0,29.0,690.0,34926.0,0.242,2,0,0
47.0,64480.0,1.4,645.0,22919.0,0.399,1,0,0
24.0,34283.0,2.0,654.0,10645.0,0.208,0,0,1
43.0,77049.0,20.4,682.0,39535.0,0.342,0,0,0
24.0,36835.0,3.4,744.0,9564.0,0.422,1,0,0
22.0,98895.0,0.8,638.0,7605.0,0.197,2,1,0
41.0,69797.0,3.5,733.0,44205.0,0.166,1,0,0
44.0,33048.0,20.2,667.0,3804.0,0.196,0,0,0
48.0,43347.0,4.3,753.0,12837.0,0.482,0,0,0
43.0,43010.0,6.5,647.0,21341.0,0.239,3,0,0
44.0,59103.0,3.0,615.0,30604.0,0.18,1,0,0
27.0,50176.0,3.3,585.0,27582.0,0.337,1,0,0
37.0,32847.0,10.6,663.0,26142.0,0.028,1,0,0
21.0,29368.0,1.2,605.0,10309.0,0.205,3,0,1
21.0,70414.0,0.5,759.0,10782.0,0.441,0,0,0
46.0,62561.0,25.4,612.0,9601.0,0.204,1,0,0
30.0,57675.0,5.8,615.0,24955.0,0.274,1,1,0
48.0,62126.0,16.7,709.0,20986.0,0.329,0,0,0
50.0,41630.0,5.3,746.0,30593.0,0.329,0,1,0
31.0,59748.0,2.1,712.0,25883.0,0.247,1,0,0
44.0,172373.0,14.1,741.0,67047.0,0.355,0,0,0
31.0,93306.0,7.7,658.0,65013.0,0.445,0,0,1
21.0,48306.0,0.2,655.0,31258.0,0.194,0,0,1
39.0,43459.0,9.4,806.0,25441.0,0.252,1,0,0
33.0,15182.0,4.6,781.0,6764.0,0.289,0,0,0
33.0,88965.0,5.8,713.0,20107.0,0.37,1,0,0
60.0,78359.0,8.8,742.0,37268.0,0.303,1,0,0
21.0,43061.0,0.2,720.0,5892.0,0.287,0,0,0
42.0,28878.0,7.1,579.0,13070.0,0.145,0,0,1
27.0,32703.0,6.1,660.0,22519.0,0.187,1,0,0
48.0,67176.0,22.5,776.0,29306.0,0.319,0,0,0
41.0,52833.0,2.2,712.0,5355.0,0.249,1,0,0
42.0,75080.0,1.9,657.0,5517.0,0.266,2,0,0
28.0,57182.0,3.7,767.0,39762.0,0.294,0,1,0
30.0,84976.0,2.7,687.0,18543.0,0.534,0,1,0
48.0,64952.0,23.2,725.0,28856.0,0.25,1,1,0
57.0,79861.0,18.2,695.0,50520.0,0.439,1,0,0
43.0,21477.0,19.9,708.0,5152.0,0.431,0,0,0
28.0,31560.0,0.9,703.0,19033.0,0.38,1,0,0
42.0,46683.0,21.1,762.0,4970.0,0.215,1,0,0
65.0,89402.0,34.3,777.0,54666.0,0.314,1,0,0
39.0,128197.0,14.0,635.0,12562.0,0.261,2,0,1
54.0,51082.0,32.0,701.0,13172.0,0.501,0,0,0
30.0,41768.0,4.6,751.0,10130.0,0.341,1,0,0
38.0,22819.0,2.6,652.0,16397.0,0.279,3,0,1
45.0,81121.0,12.3,575.0,36574.0,0.478,1,0,0
42.0,42938.0,18.2,606.0,29297.0,0.265,2,0,1
30.0,208218.0,8.2,605.0,101342.0,0.355,2,1,1
29.0,39433.0,4.4,630.0,25836.0,0.37,2,0,0
49.0,141841.0,21.1,618.0,65744.0,0.335,2,0,0
51.0,77023.0,7.7,736.0,29841.0,0.289,1,0,0
55.0,34626.0,8.0,645.0,18819.0,0.384,1,0,0
58.0,61056.0,22.2,759.0,16170.0,0.237,1,0,0
39.0,77824.0,8.2,585.0,57516.0,0.411,1,0,1
35.0,49698.0,2.3,636.0,36335.0,0.272,2,0,1
53.0,80192.0,25.0,680.0,8384.0,0.434,0,0,0
46.0,79401.0,13.8,724.0,58566.0,0.405,2,1,0
27.0,71929.0,3.7,742.0,13408.0,0.355,1,0,0
27.0,54594.0,1.3,623.0,30625.0,0.291,0,0,1
43.0,32415.0,5.6,732.0,21631.0,0.41,1,0,1
36.0,53132.0,11.1,548.0,12270.0,0.357,1,0,0
38.0,59535.0,15.1,729.0,8007.0,0.02,0,0,0
50.0,23644.0,5.3,569.0,14592.0,0.218,1,1,0
46.0,59352.0,21.4,702.0,22662.0,0.317,1,0,0
53.0,52656.0,25.7,752.0,21853.0,0.328,1,0,0
21.0,30687.0,0.8,723.0,19069.0,0.371,1,0,0
41.0,47346.0,12.1,551.0,11379.0,0.455,0,0,0
46.0,47799.0,9.0,633.0,5873.0,0.359,1,0,1
21.0,131089.0,0.9,711.0,100716.0,0.092,0,0,0
31.0,60727.0,5.2,711.0,34902.0,0.32,0,0,0
29.0,87668.0,1.9,680.0,47262.0,0.422,0,0,0
38.0,52160.0,7.3,510.0,15633.0,0.311,2,1,1
56.0,23667.0,16.4,752.0,18857.0,0.32,2,1,0
60.0,74432.0,20.3,767.0,16145.0,0.251,1,0,0
29.0,40901.0,8.1,676.0,7508.0,0.395,0,0,0
44.0,47291.0,9.8,681.0,13653.0,0.265,0,0,0
44.0,34243.0,6.9,699.0,20690.0,0.359,1,0,0
42.0,56831.0,21.4,773.0,12944.0,0.343,0,0,0
42.0,88825.0,5.4,680.0,25277.0,0.305,2,1,0
41.0,83685.0,0.2,647.0,37426.0,0.348,1,0,1
57.0,112294.0,31.1,702.0,60353.0,0.32,0,0,0
50.0,119691.0,28.8,674.0,19379.0,0.428,1,1,0
26.0,21904.0,4.3,662.0,11850.0,0.368,2,1,0
47.0,32143.0,10.9,542.0,10793.0,0.404,3,0,0
48.0,24377.0,15.1,704.0,7548.0,0.224,0,0,0
41.0,73091.0,17.9,751.0,7986.0,0.217,1,0,0
50.0,40264.0,27.0,745.0,31425.0,0.306,1,0,0
40.0,44133.0,2.1,728.0,25149.0,0.375,0,1,0
40.0,49892.0,17.5,665.0,6232.0,0.353,0,0,0
39.0,65333.0,11.9,676.0,21212.0,0.225,0,0,0
21.0,28189.0,0.0,743.0,3102.0,0.378,0,0,0
37.0,31213.0,1.9,722.0,14238.0,0.237,1,0,0
31.0,55032.0,0.5,764.0,31649.0,0.367,0,0,0
25.0,94327.0,4.7,615.0,8717.0,0.329,1,0,0
54.0,54375.0,14.4,620.0,40326.0,0.277,1,0,0
44.0,38516.0,16.9,645.0,12734.0,0.246,1,0,0
38.0,20919.0,0.0,594.0,4730.0,0.313,2,0,0
32.0,84440.0,9.3,572.0,12446.0,0.308,3,0,0
41.0,39495.0,10.2,698.0,6288.0,0.195,0,0,0
49.0,32818.0,26.7,701.0,22558.0,0.36,1,0,0
29.0,25417.0,4.6,680.0,10422.0,0.416,0,0,0
38.0,28782.0,14.2,692.0,18675.0,0.386,0,0,0
48.0,35687.0,17.3,566.0,7862.0,0.332,1,0,0
21.0,49395.0,0.5,627.0,14249.0,0.255,0,0,0
37.0,31925.0,16.5,648.0,11476.0,0.313,0,0,0
33.0,59794.0,6.6,667.0,23373.0,0.287,1,0,0
37.0,49226.0,14.7,565.0,6068.0,0.312,3,0,1
32.0,149490.0,0.5,595.0,12520.0,0.394,3,0,1
40.0,25542.0,12.8,636.0,20355.0,0.289,2,0,0
59.0,59145.0,35.7,752.0,32524.0,0.116,0,0,0
34.0,59480.0,13.0,685.0,5417.0,0.38,0,0,0
41.0,34591.0,10.3,737.0,21772.0,0.34,0,0,0
60.0,57409.0,18.9,661.0,18419.0,0.315,0,0,0
32.0,77762.0,9.7,665.0,50339.0,0.183,0,0,0
58.0,57441.0,12.7,701.0,43790.0,0.217,0,0,0
38.0,102549.0,16.9,656.0,7171.0,0.228,4,0,0
58.0,20643.0,9.4,621.0,15962.0,0.242,3,1,0
46.0,37650.0,2.0,557.0,6563.0,0.251,3,0,0
41.0,106816.0,16.5,626.0,29153.0,0.182,0,0,0
37.0,82909.0,7.0,722.0,43130.0,0.515,1,0,0
31.0,70145.0,4.0,750.0,41171.0,0.45,1,0,0
39.0,95802.0,6.0,609.0,17021.0,0.328,2,0,1
48.0,23217.0,27.3,552.0,3543.0,0.297,2,1,0
38.0,78678.0,10.2,730.0,20842.0,0.483,1,0,0
35.0,88792.0,14.4,672.0,26123.0,0.462,1,0,1
35.0,40891.0,5.2,568.0,11804.0,0.226,1,0,0
49.0,179556.0,12.0,448.0,32048.0,0.325,4,0,1
51.0,60081.0,6.7,596.0,46749.0,0.282,1,0,1
31.0,20503.0,4.6,630.0,13298.0,0.273,1,0,1
31.0,65294.0,0.7,580.0,51257.0,0.283,0,0,1
42.0,39781.0,0.0,708.0,5082.0,0.291,1,0,0
55.0,92905.0,15.8,611.0,9911.0,0.321,2,0,0
51.0,70380.0,22.8,672.0,31810.0,0.322,1,0,0
24.0,42025.0,1.8,827.0,21469.0,0.444,0,1,0
35.0,108141.0,7.8,672.0,56922.0,0.219,2,1,0
28.0,83939.0,3.5,654.0,10068.0,0.397,4,0,0
35.0,37893.0,7.9,657.0,25875.0,0.192,1,1,0
56.0,51363.0,27.6,721.0,21433.0,0.324,0,0,0
22.0,69404.0,1.9,699.0,22633.0,0.404,0,0,0
21.0,46685.0,0.8,590.0,19996.0,0.357,1,0,0
29.0,47316.0,1.9,632.0,3802.0,0.268,0,0,1
41.0,55916.0,9.7,618.0,11816.0,0.328,3,0,0
45.0,34046.0,20.6,651.0,27199.0,0.465,1,0,0
43.0,20138.0,21.5,799.0,9352.0,0.241,0,1,0
51.0,61249.0,16.8,712.0,6670.0,0.357,1,0,0
21.0,22473.0,0.5,655.0,6059.0,0.397,0,0,0
51.0,35180.0,23.8,759.0,6634.0,0.261,0,0,0
35.0,24782.0,14.4,680.0,18426.0,0.474,2,0,1
46.0,26194.0,11.1,551.0,17148.0,0.507,3,0,1
23.0,66633.0,0.6,777.0,30663.0,0.409,1,0,0
38.0,49764.0,15.1,657.0,38012.0,0.41,2,0,1
41.0,48962.0,14.6,509.0,16141.0,0.127,5,1,0
51.0,30422.0,4.5,550.0,21257.0,0.168,0,0,0
21.0,40944.0,0.3,739.0,16404.0,0.292,2,0,0
38.0,65153.0,10.1,554.0,44726.0,0.234,1,0,0
26.0,53726.0,4.4,757.0,38979.0,0.363,0,0,1
44.0,79642.0,18.4,675.0,31636.0,0.02,1,0,1
47.0,84913.0,4.1,712.0,15582.0,0.362,0,1,0
52.0,49099.0,7.0,646.0,9539.0,0.282,1,0,0
32.0,23899.0,9.0,701.0,6373.0,0.246,0,1,0
48.0,39128.0,3.3,684.0,8499.0,0.491,0,1,0
53.0,52635.0,16.4,666.0,17958.0,0.269,2,1,0
21.0,38780.0,0.5,586.0,16676.0,0.138,1,0,0
45.0,34218.0,8.4,689.0,3947.0,0.346,0,0,0
49.0,56754.0,22.7,544.0,41557.0,0.338,2,0,1
35.0,164181.0,0.8,726.0,8508.0,0.283,0,0,0
25.0,44152.0,3.6,676.0,6787.0,0.535,0,0,0
48.0,54931.0,18.3,702.0,3093.0,0.321,1,1,0
25.0,30475.0,2.4,478.0,24072.0,0.401,2,0,1
36.0,96242.0,14.0,588.0,34453.0,0.332,1,1,0
38.0,81530.0,3.6,626.0,16063.0,0.427,3,1,1
46.0,79037.0,20.7,718.0,10986.0,0.267,0,0,0
31.0,101417.0,2.1,595.0,33245.0,0.194,3,1,0
30.0,45378.0,10.4,844.0,35482.0,0.377,0,0,0
39.0,48002.0,0.6,642.0,22155.0,0.33,0,0,0
49.0,118721.0,16.1,597.0,37476.0,0.38,3,0,0
63.0,73117.0,7.3,651.0,23646.0,0.238,0,0,0
21.0,20261.0,0.6,594.0,2796.0,0.348,0,0,0
41.0,67492.0,3.2,579.0,29545.0,0.141,1,0,0
26.0,42333.0,1.2,731.0,15585.0,0.252,0,0,0
49.0,82394.0,1.8,697.0,49159.0,0.23,3,0,0
28.0,66090.0,0.1,696.0,12819.0,0.35,2,0,0
31.0,25131.0,7.6,753.0,3845.0,0.252,0,0,0
32.0,62073.0,5.2,697.0,30173.0,0.163,0,0,1
37.0,60468.0,0.8,586.0,36674.0,0.243,2,0,1
42.0,64773.0,20.2,720.0,27407.0,0.36,0,1,0
43.0,71259.0,15.5,589.0,45786.0,0.313,1,0,0
38.0,107826.0,4.7,629.0,73409.0,0.225,2,0,0
23.0,66260.0,1.5,658.0,48865.0,0.384,0,0,1
46.0,55570.0,12.7,656.0,18540.0,0.457,2,0,1
37.0,92196.0,9.9,540.0,67143.0,0.391,2,0,1
51.0,150892.0,26.4,605.0,87788.0,0.069,3,1,0
30.0,83023.0,6.0,661.0,43063.0,0.324,2,0,0
21.0,60348.0,1.0,618.0,28082.0,0.286,2,1,0
38.0,66818.0,12.8,745.0,4329.0,0.096,1,1,0
52.0,61717.0,31.9,767.0,29022.0,0.171,1,1,0
40.0,55460.0,10.9,587.0,35175.0,0.38,1,0,1
36.0,145716.0,10.7,670.0,115302.0,0.319,1,1,0
28.0,39262.0,6.2,774.0,14717.0,0.308,1,0,0
57.0,92484.0,28.2,665.0,73305.0,0.235,0,0,0
27.0,51972.0,0.2,632.0,9267.0,0.408,1,0,1
30.0,28251.0,1.3,721.0,21715.0,0.177,1,1,0
44.0,50531.0,5.5,644.0,24874.0,0.211,2,0,0
21.0,43004.0,0.3,749.0,23520.0,0.268,0,0,0
52.0,71325.0,29.0,633.0,34254.0,0.147,0,0,0
45.0,57307.0,18.0,636.0,45108.0,0.212,3,0,0
48.0,34724.0,4.0,717.0,2890.0,0.406,1,0,0
44.0,106622.0,10.3,672.0,38154.0,0.216,0,1,0
36.0,89828.0,3.9,670.0,63456.0,0.378,0,0,0
26.0,112287.0,5.2,529.0,19686.0,0.363,6,0,1
36.0,61189.0,15.1,643.0,29199.0,0.283,0,0,0
27.0,54123.0,1.2,721.0,23959.0,0.158,0,0,0
43.0,75485.0,9.7,610.0,49486.0,0.306,1,0,1
47.0,42414.0,25.6,722.0,31331.0,0.089,1,0,0
54.0,58315.0,22.5,690.0,14236.0,0.247,2,0,0
42.0,50819.0,19.2,656.0,28960.0,0.324,2,0,1
48.0,28499.0,10.1,760.0,13131.0,0.387,0,1,0
35.0,58247.0,3.1,638.0,31866.0,0.285,3,0,0
33.0,45101.0,8.8,645.0,9033.0,0.239,0,0,1
43.0,49313.0,3.2,647.0,12550.0,0.231,1,0,0
34.0,64783.0,11.5,671.0,29954.0,0.253,2,0,0
41.0,97512.0,15.8,722.0,5091.0,0.362,0,0,0
26.0,37539.0,1.9,558.0,22048.0,0.335,2,0,1
28.0,47270.0,4.1,723.0,8092.0,0.298,2,1,0
45.0,38980.0,20.0,675.0,29176.0,0.363,2,0,1
48.0,37855.0,25.9,712.0,26326.0,0.3,1,0,0
27.0,42089.0,2.5,829.0,21781.0,0.167,1,0,0
45.0,50347.0,20.0,634.0,36164.0,0.189,2,0,0
32.0,71591.0,2.4,575.0,56588.0,0.36,1,0,1
38.0,63531.0,16.4,682.0,40102.0,0.163,1,0,1
54.0,34184.0,23.0,696.0,17775.0,0.262,0,0,0
47.0,98465.0,4.1,723.0,38102.0,0.289,1,0,0
47.0,84126.0,19.8,632.0,55538.0,0.197,0,0,0
59.0,36664.0,28.2,616.0,21204.0,0.133,1,1,0
30.0,95410.0,7.6,556.0,38591.0,0.183,1,0,0
27.0,63717.0,2.5,566.0,27081.0,0.119,4,0,1
30.0,51261.0,7.4,635.0,11365.0,0.361,0,0,1
35.0,64616.0,12.6,658.0,41448.0,0.34,1,0,0
21.0,54366.0,0.3,805.0,38532.0,0.224,1,1,0
36.0,70289.0,3.3,543.0,4383.0,0.163,2,0,1
32.0,59837.0,10.7,689.0,8014.0,0.417,1,0,0
47.0,47252.0,16.5,617.0,37491.0,0.344,1,0,0
42.0,22103.0,10.1,681.0,4058.0,0.238,1,0,1
31.0,69725.0,10.0,626.0,42002.0,0.419,0,0,0
44.0,46488.0,3.3,734.0,19089.0,0.314,0,0,0
46.0,78055.0,21.0,743.0,34423.0,0.332,1,0,0
30.0,68312.0,4.7,654.0,8968.0,0.196,0,0,0
33.0,47035.0,0.5,761.0,7214.0,0.148,0,1,0
21.0,87154.0,1.0,714.0,42133.0,0.143,2,0,0
26.0,60311.0,4.7,760.0,20097.0,0.508,1,0,0
30.0,59203.0,2.1,658.0,38369.0,0.217,2,0,1
39.0,51686.0,17.4,735.0,40262.0,0.307,0,0,0
28.0,117323.0,7.1,610.0,77344.0,0.346,1,0,1
32.0,39899.0,9.9,604.0,14142.0,0.298,0,1,0
25.0,47567.0,0.6,813.0,19580.0,0.285,1,1,0
40.0,31517.0,3.7,586.0,5280.0,0.282,1,0,0
43.0,76276.0,17.1,638.0,43612.0,0.348,1,0,1
42.0,42325.0,20.5,537.0,16317.0,0.196,0,0,1
38.0,44515.0,3.9,603.0,30850.0,0.256,3,0,1
21.0,43585.0,0.5,591.0,23493.0,0.07,2,0,0
31.0,56574.0,1.7,614.0,10065.0,0.114,1,0,0
34.0,31327.0,6.5,684.0,11223.0,0.17,0,0,0
34.0,20043.0,8.7,702.0,11178.0,0.385,0,0,0
39.0,67579.0,0.3,590.0,46862.0,0.273,2,0,0
54.0,21247.0,21.7,616.0,6653.0,0.37,0,0,0
47.0,80777.0,17.2,744.0,44599.0,0.338,0,1,0
27.0,110905.0,3.2,781.0,19984.0,0.326,0,0,0
45.0,51082.0,22.8,759.0,37215.0,0.206,0,0,0
45.0,98702.0,3.4,546.0,47513.0,0.307,3,0,1
29.0,54403.0,0.5,743.0,34081.0,0.325,1,0,0
47.0,112955.0,13.6,797.0,39268.0,0.52,2,0,0
36.0,44792.0,8.7,546.0,33836.0,0.265,1,0,1
22.0,18975.0,0.7,736.0,11197.0,0.373,1,0,0
43.0,53057.0,22.1,687.0,8767.0,0.288,0,1,0
40.0,118619.0,5.2,640.0,54878.0,0.23,3,0,1
35.0,69970.0,4.2,670.0,17759.0,0.387,0,0,0
38.0,43617.0,14.3,698.0,29442.0,0.489,1,0,1
30.0,63774.0,9.3,746.0,40631.0,0.326,0,0,0
45.0,85144.0,13.2,744.0,35838.0,0.232,1,0,0
38.0,52921.0,0.3,555.0,14630.0,0.347,3,0,1
40.0,179327.0,7.0,618.0,123648.0,0.328,0,0,0
42.0,43576.0,4.9,669.0,29974.0,0.522,0,0,1
25.0,86355.0,2.7,771.0,37040.0,0.374,3,0,1
28.0,77494.0,5.6,472.0,45562.0,0.207,3,0,1
21.0,40142.0,0.4,617.0,10602.0,0.427,1,0,0
44.0,45437.0,13.0,560.0,14160.0,0.378,2,1,0
25.0,86963.0,3.5,566.0,65921.0,0.394,3,1,1
39.0,58703.0,4.8,731.0,35351.0,0.344,0,0,1
42.0,64037.0,4.3,625.0,6666.0,0.401,1,0,0
45.0,26342.0,19.8,507.0,10360.0,0.344,4,0,1
25.0,73887.0,0.2,649.0,25625.0,0.275,2,1,0
37.0,62591.0,2.6,804.0,13973.0,0.313,1,0,0
56.0,53441.0,0.4,534.0,42550.0,0.288,4,0,1
57.0,64698.0,20.5,708.0,9824.0,0.334,1,0,0
49.0,45750.0,17.3,778.0,13071.0,0.308,0,0,0
42.0,42139.0,11.5,662.0,28930.0,0.269,1,1,0
27.0,49328.0,2.9,796.0,7360.0,0.282,1,0,0
46.0,44632.0,13.7,621.0,14822.0,0.3,0,0,0
36.0,146727.0,3.2,763.0,77126.0,0.122,0,0,0
44.0,82903.0,20.0,755.0,25092.0,0.402,0,0,0
31.0,35571.0,10.8,663.0,12685.0,0.335,2,0,0
36.0,137506.0,8.7,560.0,63608.0,0.239,3,0,1
40.0,45266.0,7.4,594.0,34606.0,0.359,1,0,1
41.0,55734.0,16.4,504.0,39191.0,0.249,2,0,1
43.0,82366.0,4.5,704.0,11035.0,0.249,0,0,0
32.0,22665.0,3.7,695.0,10813.0,0.337,0,0,1
23.0,49436.0,3.0,667.0,26694.0,0.443,1,1,1
56.0,42493.0,6.7,655.0,12507.0,0.328,0,0,0
65.0,60317.0,5.1,758.0,14968.0,0.222,0,0,0
43.0,64965.0,12.5,687.0,32372.0,0.265,0,0,0
23.0,53121.0,2.0,622.0,19189.0,0.385,2,0,1
29.0,52023.0,5.7,673.0,37915.0,0.34,0,0,1
44.0,88823.0,3.9,805.0,15337.0,0.396,0,0,0
53.0,62992.0,23.6,715.0,5091.0,0.339,1,1,0
25.0,56035.0,1.1,633.0,40609.0,0.377,2,0,1
37.0,58784.0,15.8,665.0,42448.0,0.501,2,0,0
40.0,125648.0,4.6,695.0,45557.0,0.165,2,1,0
48.0,59444.0,0.5,631.0,36583.0,0.541,1,0,1
34.0,43634.0,8.1,628.0,29858.0,0.394,1,0,1
21.0,23296.0,0.2,659.0,5618.0,0.562,1,0,0
45.0,28849.0,15.6,774.0,15602.0,0.202,1,0,0
50.0,44575.0,7.0,719.0,26873.0,0.338,0,0,0
37.0,52382.0,7.3,635.0,16664.0,0.316,0,0,1
42.0,42833.0,4.0,723.0,32531.0,0.388,1,0,0
33.0,64415.0,5.5,663.0,49945.0,0.347,1,0,1
29.0,42585.0,1.2,685.0,17675.0,0.336,1,1,0
49.0,36445.0,9.9,683.0,3900.0,0.378,1,0,0
42.0,72459.0,4.4,514.0,53564.0,0.289,2,0,1
43.0,101856.0,19.1,456.0,45044.0,0.248,4,0,1
55.0,33418.0,25.2,688.0,5150.0,0.345,0,0,0
26.0,61375.0,1.1,601.0,36768.0,0.248,2,0,1
32.0,23338.0,1.0,546.0,13194.0,0.287,0,1,1
40.0,28326.0,0.5,603.0,4388.0,0.156,0,1,0
32.0,42199.0,2.7,726.0,10809.0,0.306,0,0,0
47.0,91656.0,12.8,691.0,63994.0,0.207,0,1,0
36.0,38742.0,6.4,717.0,30110.0,0.297,1,0,1
27.0,38095.0,6.9,695.0,13483.0,0.191,0,0,0
39.0,55900.0,14.8,603.0,8438.0,0.298,4,1,0
40.0,55926.0,1.6,715.0,17560.0,0.39,0,0,0
48.0,38630.0,4.5,703.0,16638.0,0.24,1,0,0
42.0,134442.0,0.6,652.0,37014.0,0.207,1,0,0
43.0,48809.0,3.2,666.0,24818.0,0.378,2,0,0
42.0,57884.0,11.4,721.0,3238.0,0.391,0,0,0
36.0,45903.0,1.2,608.0,30404.0,0.342,1,0,0
30.0,67042.0,0.6,736.0,45823.0,0.253,0,1,0
41.0,95877.0,2.5,701.0,61134.0,0.237,0,0,0
34.0,116278.0,9.6,665.0,32276.0,0.267,1,1,0
57.0,39029.0,0.7,768.0,20462.0,0.294,1,0,1
53.0,90260.0,31.8,585.0,29236.0,0.127,2,1,0
45.0,70435.0,9.5,633.0,24086.0,0.202,1,0,0
42.0,85274.0,7.5,616.0,49615.0,0.425,1,1,0
37.0,52772.0,8.1,689.0,36025.0,0.321,1,1,1
24.0,50560.0,2.1,744.0,34039.0,0.423,0,0,0
36.0,83798.0,6.6,594.0,18713.0,0.402,1,0,0
39.0,84516.0,9.3,850.0,45936.0,0.269,1,0,0
41.0,111264.0,7.0,617.0,27850.0,0.27,1,0,0
43.0,60140.0,7.5,689.0,31353.0,0.397,1,0,0
48.0,52417.0,0.8,661.0,17057.0,0.376,2,0,0
30.0,18181.0,7.0,667.0,11681.0,0.399,0,0,0
30.0,26636.0,6.5,608.0,20060.0,0.299,4,0,1
54.0,46059.0,22.7,746.0,12320.0,0.314,1,0,0
46.0,33510.0,24.9,613.0,23511.0,0.274,1,0,1
34.0,79336.0,6.5,539.0,47998.0,0.295,3,1,0
37.0,30503.0,14.8,589.0,14474.0,0.231,0,0,0
37.0,43893.0,7.5,765.0,19476.0,0.293,1,0,0
38.0,44675.0,8.8,752.0,12933.0,0.284,0,0,0
43.0,94582.0,14.7,527.0,19149.0,0.254,2,1,0
66.0,41831.0,9.9,722.0,4708.0,0.379,0,0,0
40.0,67418.0,4.4,523.0,39395.0,0.159,1,1,0
45.0,60063.0,12.9,665.0,13024.0,0.334,0,0,0
21.0,82584.0,0.1,575.0,34812.0,0.208,2,0,0
33.0,80635.0,3.0,724.0,57844.0,0.215,1,0,0
52.0,54179.0,25.0,711.0,29979.0,0.224,1,0,0
42.0,25636.0,10.4,734.0,4536.0,0.347,1,0,0
21.0,49553.0,0.0,639.0,29774.0,0.074,0,0,0
45.0,54508.0,1.5,647.0,11508.0,0.317,1,0,0
59.0,62554.0,36.0,573.0,39718.0,0.305,1,0,0
21.0,39466.0,1.0,588.0,4274.0,0.203,5,0,0
55.0,91903.0,22.3,738.0,14363.0,0.318,1,0,0
21.0,55338.0,0.2,686.0,41539.0,0.179,0,1,1
48.0,36347.0,10.4,673.0,9458.0,0.296,1,0,0
38.0,44752.0,5.5,751.0,7294.0,0.175,0,0,0
21.0,130997.0,0.8,569.0,27664.0,0.505,1,0,0
43.0,74166.0,12.3,717.0,23794.0,0.386,1,0,1
51.0,88159.0,23.9,589.0,59790.0,0.325,3,1,0
42.0,34419.0,7.9,767.0,5658.0,0.204,0,0,0
44.0,40341.0,21.2,709.0,2494.0,0.272,0,0,0
33.0,40475.0,5.8,730.0,28282.0,0.277,4,0,1
21.0,59758.0,0.4,611.0,16418.0,0.324,1,1,0
46.0,50858.0,12.5,819.0,5477.0,0.34,1,0,0
57.0,44127.0,22.0,811.0,3125.0,0.322,1,0,0
50.0,46689.0,27.2,704.0,33834.0,0.334,1,0,0
21.0,38475.0,0.5,742.0,17020.0,0.283,1,0,1
21.0,50724.0,1.2,639.0,25762.0,0.334,2,0,1
29.0,90766.0,3.4,573.0,46476.0,0.236,0,0,0
21.0,27839.0,0.3,716.0,12295.0,0.194,0,0,0
38.0,64280.0,5.5,598.0,40300.0,0.485,0,0,0
42.0,102348.0,0.5,752.0,74669.0,0.342,1,1,0
22.0,50648.0,1.9,734.0,26884.0,0.481,0,1,0
47.0,43351.0,2.1,678.0,29605.0,0.273,0,0,1
45.0,83366.0,8.2,677.0,4770.0,0.541,0,0,0
32.0,35319.0,3.0,731.0,14486.0,0.308,0,0,1
36.0,54441.0,12.0,685.0,27386.0,0.415,2,0,0
21.0,34446.0,0.9,632.0,6921.0,0.303,3,0,1
34.0,23707.0,11.7,560.0,4036.0,0.316,4,0,1
38.0,51364.0,5.8,730.0,7817.0,0.288,0,0,0
40.0,31150.0,9.0,690.0,8212.0,0.251,1,0,0
42.0,54712.0,5.5,850.0,36523.0,0.398,0,0,1
41.0,90840.0,19.1,663.0,6426.0,0.299,3,0,0
35.0,126691.0,1.8,682.0,63576.0,0.383,0,0,1
41.0,57364.0,20.1,693.0,5800.0,0.39,2,0,1
49.0,87006.0,23.6,717.0,43059.0,0.441,1,0,0
37.0,65816.0,12.1,598.0,15740.0,0.342,4,0,0
41.0,46290.0,16.6,663.0,7777.0,0.149,2,0,1
36.0,23131.0,5.4,721.0,9238.0,0.268,0,0,0
31.0,114349.0,3.2,638.0,25538.0,0.297,2,0,1
44.0,34303.0,9.1,720.0,11447.0,0.301,0,0,0
32.0,102471.0,2.2,668.0,53776.0,0.432,2,0,0
42.0,70028.0,16.6,696.0,52673.0,0.414,2,0,1
38.0,35450.0,8.7,745.0,18199.0,0.286,1,0,0
35.0,63290.0,13.0,651.0,27234.0,0.543,2,0,1
34.0,143616.0,12.6,565.0,67176.0,0.265,2,0,1
32.0,109769.0,1.9,642.0,44354.0,0.273,2,0,1
21.0,43668.0,0.2,602.0,20616.0,0.191,0,0,0
42.0,39923.0,9.1,516.0,19068.0,0.144,0,0,1
41.0,57537.0,2.4,654.0,24116.0,0.182,1,0,0
47.0,51052.0,18.9,683.0,32739.0,0.401,1,0,0
32.0,94369.0,9.0,736.0,32374.0,0.374,2,1,0
59.0,76719.0,28.0,594.0,10082.0,0.212,0,1,0
34.0,25683.0,6.5,669.0,13671.0,0.31,0,0,0
28.0,67609.0,7.1,742.0,43748.0,0.381,0,1,0
27.0,50741.0,4.3,622.0,32221.0,0.097,3,0,1
21.0,55926.0,1.0,698.0,13372.0,0.477,0,1,0
55.0,61520.0,28.4,786.0,32929.0,0.405,0,0,0
53.0,94326.0,23.9,542.0,75361.0,0.381,0,0,0
45.0,85399.0,3.0,681.0,10967.0,0.42,1,0,0
28.0,39250.0,6.8,745.0,17351.0,0.096,0,0,0
58.0,53568.0,11.6,641.0,14948.0,0.278,0,0,0
34.0,44948.0,5.9,760.0,28920.0,0.426,0,0,0
35.0,25803.0,7.0,708.0,7574.0,0.299,0,0,0
54.0,52359.0,11.2,789.0,31425.0,0.374,0,1,0
45.0,126150.0,2.7,702.0,21489.0,0.445,0,0,0
62.0,25455.0,8.4,794.0,2551.0,0.37,1,0,0
41.0,54408.0,16.7,689.0,6968.0,0.274,3,0,0
34.0,53628.0,8.9,569.0,13151.0,0.358,0,0,0
31.0,62603.0,10.6,621.0,43017.0,0.133,2,0,1
21.0,35663.0,0.8,732.0,5807.0,0.349,2,0,0
35.0,28963.0,6.0,733.0,2173.0,0.375,0,0,1
51.0,29576.0,24.1,650.0,20410.0,0.315,1,1,0
45.0,100108.0,14.2,793.0,33152.0,0.416,0,0,0
38.0,35344.0,5.2,638.0,17373.0,0.328,1,0,1
27.0,43927.0,6.9,696.0,4957.0,0.315,1,0,0
40.0,141800.0,19.0,700.0,103586.0,0.483,3,0,1
49.0,39524.0,3.3,569.0,16930.0,0.204,2,0,1
43.0,64162.0,19.1,662.0,7518.0,0.439,2,0,0
40.0,88770.0,1.5,827.0,46636.0,0.431,0,0,0
29.0,86870.0,8.6,600.0,28161.0,0.385,0,0,1
48.0,30209.0,17.2,712.0,9517.0,0.26,1,0,0
21.0,39898.0,0.2,579.0,14210.0,0.334,0,1,0
42.0,63017.0,18.2,604.0,27166.0,0.22,3,0,0
66.0,131025.0,23.9,573.0,67412.0,0.244,1,0,0
21.0,39043.0,0.1,726.0,6239.0,0.313,0,1,0
35.0,44045.0,12.3,605.0,27122.0,0.212,1,0,0
38.0,66430.0,14.1,756.0,4674.0,0.277,0,1,0
33.0,72688.0,6.2,626.0,41751.0,0.19,1,0,0
49.0,74698.0,21.5,680.0,14004.0,0.365,3,0,0
43.0,37580.0,0.9,689.0,14473.0,0.463,0,0,0
40.0,43290.0,6.3,550.0,20396.0,0.52,3,1,0
47.0,60601.0,18.0,683.0,32454.0,0.197,0,0,0
38.0,97064.0,4.2,687.0,62439.0,0.214,0,0,0
70.0,49403.0,22.5,751.0,21596.0,0.295,0,1,0
40.0,54451.0,18.3,602.0,38665.0,0.382,2,0,0
40.0,34663.0,16.7,611.0,26562.0,0.291,3,0,1
21.0,127203.0,0.6,706.0,99477.0,0.408,1,0,1
32.0,58954.0,6.9,762.0,17077.0,0.365,0,1,0
51.0,89329.0,27.2,632.0,6622.0,0.135,5,0,0
23.0,55745.0,2.9,575.0,32714.0,0.317,5,0,1
21.0,57151.0,0.1,638.0,13655.0,0.187,1,0,0
38.0,28000.0,8.5,593.0,17521.0,0.255,1,0,1
53.0,20895.0,6.3,691.0,1123.0,0.27,0,1,0
38.0,96611.0,1.5,585.0,61144.0,0.385,2,0,1
34.0,56966.0,4.2,730.0,5845.0,0.308,1,0,0
21.0,60354.0,0.6,675.0,42822.0,0.265,0,0,1
43.0,31351.0,18.3,739.0,16882.0,0.521,1,0,1
45.0,36633.0,23.1,502.0,6275.0,0.222,1,1,0
21.0,88710.0,0.4,537.0,38222.0,0.34,2,0,1
50.0,120349.0,12.9,757.0,51618.0,0.378,1,1,0
46.0,41586.0,4.0,612.0,29496.0,0.328,2,0,1
50.0,74403.0,5.9,560.0,33426.0,0.221,1,1,0
44.0,59910.0,2.5,647.0,27730.0,0.216,1,0,0
45.0,52096.0,24.6,689.0,15069.0,0.373,1,0,1
44.0,126560.0,3.0,650.0,75477.0,0.416,0,0,0
48.0,44853.0,20.8,703.0,3935.0,0.306,1,0,0
21.0,96125.0,0.3,683.0,74590.0,0.179,1,1,1
21.0,65299.0,0.8,680.0,32956.0,0.312,0,1,0
30.0,54584.0,8.6,759.0,37349.0,0.463,0,0,0
37.0,101976.0,15.5,667.0,64837.0,0.21,1,0,0
42.0,62671.0,5.3,660.0,13387.0,0.279,1,0,0
42.0,52664.0,19.7,726.0,14051.0,0.317,0,0,0
50.0,102318.0,7.6,703.0,26450.0,0.42,0,0,0
51.0,96496.0,24.7,609.0,21146.0,0.258,1,1,0
28.0,94464.0,0.1,654.0,5850.0,0.359,3,0,1
41.0,15000.0,11.0,696.0,10053.0,0.45,0,0,0
29.0,67048.0,6.3,622.0,30399.0,0.163,0,0,0
36.0,60509.0,13.4,629.0,29854.0,0.18,2,0,1
42.0,54144.0,18.1,572.0,22674.0,0.302,1,0,0
21.0,72366.0,0.3,458.0,10368.0,0.409,1,0,1
65.0,61842.0,38.0,653.0,23319.0,0.344,2,1,0
44.0,74615.0,7.8,673.0,20163.0,0.418,1,1,0
31.0,48752.0,2.7,585.0,35055.0,0.141,1,0,1
59.0,107933.0,0.1,756.0,62160.0,0.346,0,0,0
34.0,78090.0,3.3,588.0,13431.0,0.026,2,1,0
39.0,70209.0,2.3,725.0,40471.0,0.444,1,1,0
33.0,68683.0,8.5,694.0,31682.0,0.43,0,0,0
56.0,92583.0,5.2,815.0,10301.0,0.278,1,0,0
37.0,87103.0,9.9,703.0,8899.0,0.08,0,0,0
40.0,52279.0,2.5,560.0,8395.0,0.29,2,1,0
51.0,85882.0,22.0,745.0,56499.0,0.423,1,0,0
44.0,59481.0,7.0,782.0,39999.0,0.352,0,1,0
37.0,130314.0,5.4,539.0,65957.0,0.496,1,0,1
50.0,90135.0,19.3,714.0,5563.0,0.281,1,1,0
66.0,41505.0,40.0,740.0,11947.0,0.514,0,0,0
41.0,156985.0,21.3,656.0,55052.0,0.109,1,0,0
39.0,21358.0,6.9,494.0,5623.0,0.235,3,1,0
40.0,73269.0,18.8,649.0,35598.0,0.181,1,0,0
52.0,40206.0,19.8,629.0,3886.0,0.385,3,0,0
31.0,128293.0,10.3,772.0,8336.0,0.19,0,1,0
35.0,61627.0,0.4,654.0,30253.0,0.412,1,0,0
21.0,38479.0,0.0,631.0,9558.0,0.38,0,0,0
25.0,48784.0,0.4,619.0,27558.0,0.329,1,0,1
32.0,39888.0,9.9,688.0,25257.0,0.3,1,0,1
37.0,47930.0,2.4,665.0,24362.0,0.206,0,0,0
57.0,47439.0,6.6,608.0,37584.0,0.371,3,0,1
44.0,39225.0,14.0,685.0,20875.0,0.26,1,0,0
28.0,62107.0,7.6,625.0,39100.0,0.387,1,0,1
30.0,65587.0,5.7,481.0,34811.0,0.46,3,0,1
53.0,35128.0,24.3,719.0,22976.0,0.279,0,0,0
50.0,26079.0,5.7,703.0,8944.0,0.442,1,1,0
38.0,63261.0,16.7,682.0,23771.0,0.329,0,0,0
33.0,69874.0,0.7,629.0,21059.0,0.37,1,0,0
50.0,76396.0,8.6,659.0,36850.0,0.178,0,0,0
27.0,70482.0,3.2,719.0,23328.0,0.242,0,0,0
42.0,111615.0,5.0,618.0,88276.0,0.24,3,1,0
63.0,86143.0,28.5,734.0,43266.0,0.445,0,1,0
40.0,183691.0,13.8,564.0,55434.0,0.275,4,1,0
29.0,221988.0,2.0,673.0,95705.0,0.373,1,0,0
43.0,24933.0,0.2,662.0,15844.0,0.303,1,0,0
33.0,20463.0,1.0,731.0,13395.0,0.274,0,0,0
23.0,54817.0,0.0,596.0,28934.0,0.163,3,0,0
46.0,69009.0,23.3,615.0,3571.0,0.119,1,0,0
50.0,53154.0,18.8,572.0,37285.0,0.276,3,0,1
35.0,75486.0,2.0,621.0,55282.0,0.282,0,0,0
34.0,48702.0,1.3,679.0,34274.0,0.222,0,0,0
27.0,40248.0,6.1,537.0,22271.0,0.325,2,1,0
36.0,43079.0,13.3,636.0,3030.0,0.507,0,1,0
32.0,50262.0,11.0,708.0,38354.0,0.459,0,0,1
27.0,80392.0,1.1,653.0,8108.0,0.308,1,0,0
59.0,44181.0,20.3,675.0,7162.0,0.312,1,0,1
43.0,48294.0,2.8,556.0,25157.0,0.37,1,1,1
44.0,71089.0,19.3,663.0,28177.0,0.331,1,0,1
48.0,50293.0,11.4,668.0,30984.0,0.37,0,0,0
46.0,90908.0,18.4,658.0,47714.0,0.334,3,0,1
33.0,36363.0,0.4,671.0,1932.0,0.315,0,0,0
41.0,32982.0,16.3,647.0,17550.0,0.241,1,0,1
35.0,63081.0,3.5,630.0,43757.0,0.341,2,0,1
43.0,65974.0,19.2,597.0,45463.0,0.079,1,0,0
42.0,37267.0,4.0,730.0,6263.0,0.331,0,0,0
34.0,100680.0,10.9,580.0,31263.0,0.098,3,0,0
23.0,130785.0,0.5,671.0,18264.0,0.331,0,1,0
40.0,41463.0,13.0,793.0,25442.0,0.207,0,0,0
36.0,107406.0,12.3,743.0,55923.0,0.433,0,1,1
21.0,18829.0,0.4,696.0,7782.0,0.314,0,1,0
44.0,89263.0,5.8,680.0,24531.0,0.305,1,0,0
49.0,37388.0,9.9,656.0,23940.0,0.345,1,0,0
66.0,85333.0,13.6,604.0,54918.0,0.218,2,0,1
34.0,35686.0,8.7,647.0,14930.0,0.417,0,0,0
32.0,53331.0,0.5,701.0,7643.0,0.374,0,0,0
26.0,38198.0,0.2,687.0,15242.0,0.25,0,0,0
40.0,49953.0,5.8,718.0,36069.0,0.199,0,0,0
40.0,125311.0,5.6,748.0,61160.0,0.263,4,0,0
29.0,52392.0,1.6,650.0,32248.0,0.289,0,0,0
36.0,142162.0,11.5,679.0,38526.0,0.192,3,0,0
21.0,46234.0,0.0,527.0,14211.0,0.254,2,0,0
48.0,107622.0,26.1,831.0,14835.0,0.241,1,0,0
30.0,26464.0,7.2,635.0,8127.0,0.28,1,1,0
38.0,48347.0,7.1,709.0,8568.0,0.281,1,0,0
22.0,43211.0,2.0,632.0,19628.0,0.349,1,0,1
32.0,109870.0,7.2,633.0,37944.0,0.303,0,0,0
35.0,59781.0,8.5,648.0,40461.0,0.34,0,0,1
38.0,21492.0,5.6,576.0,7244.0,0.325,1,0,1
43.0,30501.0,15.4,494.0,6383.0,0.281,2,1,0
54.0,34870.0,4.7,744.0,3946.0,0.368,0,1,0
46.0,83735.0,13.7,705.0,20049.0,0.026,1,0,0
49.0,79011.0,3.3,598.0,45275.0,0.264,2,0,1
54.0,48046.0,15.1,699.0,24968.0,0.243,1,0,0
44.0,42970.0,15.0,725.0,22128.0,0.312,1,0,0
38.0,75922.0,2.7,613.0,52662.0,0.237,1,0,1
49.0,33084.0,6.5,692.0,7927.0,0.355,0,1,1
50.0,67578.0,24.2,743.0,27240.0,0.373,1,0,0
45.0,65038.0,6.4,563.0,11456.0,0.162,2,0,1
22.0,48607.0,0.2,697.0,10407.0,0.322,0,0,0
29.0,65778.0,2.9,687.0,21588.0,0.172,0,0,0
35.0,57586.0,14.0,799.0,33418.0,0.348,3,1,0
47.0,68798.0,18.4,708.0,46458.0,0.253,0,1,0
38.0,30174.0,10.2,636.0,8461.0,0.22,2,0,0
51.0,72520.0,25.6,652.0,25260.0,0.129,0,1,0
52.0,87296.0,21.4,812.0,62482.0,0.291,0,1,0
51.0,63546.0,25.3,648.0,40363.0,0.184,1,0,0
51.0,72087.0,20.5,711.0,40928.0,0.152,0,0,0
27.0,52346.0,5.7,646.0,18601.0,0.319,1,0,0
43.0,82141.0,14.5,743.0,25118.0,0.397,0,0,0
31.0,56639.0,3.0,741.0,33563.0,0.339,1,1,1
21.0,32811.0,0.0,658.0,3937.0,0.157,3,0,1
35.0,79554.0,1.6,632.0,36404.0,0.286,1,1,1
53.0,26363.0,16.7,638.0,2520.0,0.368,2,0,0
43.0,62464.0,22.4,550.0,32325.0,0.286,1,0,0
60.0,46267.0,30.5,682.0,22037.0,0.333,0,0,1
40.0,44956.0,15.5,673.0,4264.0,0.256,1,0,0
65.0,59426.0,29.8,618.0,21684.0,0.262,0,0,0
40.0,39971.0,18.0,541.0,7768.0,0.234,3,0,0
38.0,69257.0,13.4,681.0,44920.0,0.361,2,0,0
24.0,56424.0,1.0,684.0,41469.0,0.368,0,0,0
50.0,41660.0,15.1,695.0,11915.0,0.244,1,1,0
32.0,100435.0,5.0,593.0,7230.0,0.375,4,0,1
31.0,60309.0,1.8,689.0,43618.0,0.157,1,0,0
52.0,73054.0,7.1,651.0,49924.0,0.283,1,1,1
51.0,104042.0,8.8,725.0,67382.0,0.165,0,0,0
50.0,103277.0,5.3,594.0,32768.0,0.187,2,0,0
34.0,71396.0,3.0,742.0,7838.0,0.163,0,0,0
37.0,47997.0,16.0,774.0,37493.0,0.234,0,0,0
37.0,28904.0,6.0,671.0,12141.0,0.362,0,0,0
47.0,60361.0,22.0,699.0,19162.0,0.292,1,0,0
55.0,90008.0,2.3,716.0,56967.0,0.242,2,0,1
42.0,64507.0,21.6,599.0,35674.0,0.283,1,0,0
60.0,15000.0,30.4,641.0,1221.0,0.094,1,0,0
48.0,81358.0,25.3,686.0,62548.0,0.357,0,0,0
35.0,83639.0,8.1,806.0,39063.0,0.075,0,0,0
47.0,48028.0,17.2,585.0,9182.0,0.229,1,0,0
57.0,85807.0,13.3,781.0,5318.0,0.292,0,0,0
60.0,72960.0,17.3,655.0,33867.0,0.345,1,1,0
51.0,40401.0,23.3,669.0,20020.0,0.324,2,1,0
38.0,97458.0,0.9,746.0,12155.0,0.295,1,0,0
36.0,31093.0,0.6,802.0,14262.0,0.446,1,1,1
44.0,53601.0,21.3,700.0,20036.0,0.501,1,1,0
56.0,51248.0,4.0,744.0,19383.0,0.301,0,0,0
43.0,37935.0,16.4,604.0,29645.0,0.29,1,1,1
43.0,63057.0,4.6,625.0,17146.0,0.284,1,1,0
39.0,99186.0,6.8,569.0,70732.0,0.239,0,0,0
34.0,96430.0,4.2,626.0,29738.0,0.338,3,0,1
36.0,76171.0,8.0,704.0,14063.0,0.427,0,0,0
39.0,25640.0,16.1,683.0,4210.0,0.051,1,0,0
57.0,30149.0,32.3,797.0,22777.0,0.283,0,0,0
35.0,59270.0,3.4,806.0,3999.0,0.449,0,0,0
39.0,54159.0,6.3,654.0,11610.0,0.339,0,0,0
28.0,43956.0,7.1,616.0,13422.0,0.341,2,0,0
46.0,129636.0,2.3,742.0,70340.0,0.14,0,0,0
53.0,57683.0,3.9,750.0,19142.0,0.37,0,0,0
56.0,70205.0,17.2,699.0,4585.0,0.401,0,0,0
40.0,85789.0,16.0,717.0,37551.0,0.32,1,0,0
44.0,56377.0,8.2,703.0,40217.0,0.234,0,1,0
36.0,176498.0,1.1,591.0,126184.0,0.344,2,0,1
44.0,36023.0,23.0,586.0,28592.0,0.196,1,0,1
41.0,41871.0,20.1,667.0,12846.0,0.183,0,0,0
39.0,35984.0,12.2,652.0,5104.0,0.38,1,0,0
40.0,111111.0,13.3,686.0,11350.0,0.41,0,0,0
43.0,78907.0,21.4,662.0,55260.0,0.226,0,0,0
35.0,43054.0,9.5,546.0,26313.0,0.183,4,0,1
35.0,37285.0,12.1,518.0,19414.0,0.212,4,1,1
57.0,102569.0,17.0,720.0,43343.0,0.32,1,0,0
68.0,64721.0,10.9,619.0,25436.0,0.184,0,1,0
25.0,103754.0,4.0,646.0,43625.0,0.428,3,1,0
24.0,53531.0,2.8,622.0,17284.0,0.254,2,0,0
27.0,69236.0,2.2,597.0,28110.0,0.337,1,0,0
37.0,62956.0,10.5,599.0,13079.0,0.226,5,0,1
48.0,41533.0,22.7,743.0,5745.0,0.358,1,1,0
45.0,51546.0,6.6,647.0,10746.0,0.367,2,0,1
40.0,32278.0,15.3,712.0,25120.0,0.132,0,0,0
44.0,68695.0,1.7,715.0,54476.0,0.232,0,1,0
30.0,77470.0,6.5,685.0,47538.0,0.284,0,0,0
35.0,85876.0,15.3,724.0,58215.0,0.247,2,0,0
38.0,74238.0,15.4,669.0,9478.0,0.387,2,0,0
21.0,51917.0,0.9,756.0,7386.0,0.24,0,0,0
25.0,110578.0,3.6,719.0,13213.0,0.371,1,0,0
26.0,82177.0,2.6,728.0,8004.0,0.348,0,0,0
46.0,102738.0,17.9,603.0,62722.0,0.289,2,1,0
41.0,105680.0,6.6,682.0,9754.0,0.376,0,0,0
45.0,51978.0,13.7,538.0,39596.0,0.146,2,0,1
21.0,65489.0,0.5,758.0,35399.0,0.294,0,0,0
22.0,77936.0,0.9,617.0,13885.0,0.223,5,0,0
45.0,32793.0,10.4,631.0,21747.0,0.289,0,0,0
21.0,33122.0,0.4,564.0,22118.0,0.253,4,0,1
51.0,30650.0,10.4,663.0,14495.0,0.306,0,0,0
21.0,52389.0,0.2,641.0,6194.0,0.301,1,0,0
47.0,47339.0,12.0,794.0,16596.0,0.314,0,0,0
28.0,28826.0,1.0,721.0,13300.0,0.318,0,0,0
50.0,58824.0,26.6,637.0,35756.0,0.357,1,0,0
70.0,52684.0,3.5,545.0,14429.0,0.174,2,0,0
21.0,93629.0,0.8,501.0,65996.0,0.351,4,1,1
46.0,136071.0,6.2,591.0,32392.0,0.149,4,0,1
21.0,67541.0,0.9,567.0,53942.0,0.021,3,0,1
43.0,40199.0,16.3,693.0,5479.0,0.497,0,0,0
36.0,73579.0,14.5,657.0,49645.0,0.206,0,0,0
39.0,55231.0,16.9,670.0,8238.0,0.255,1,0,0
28.0,49367.0,5.6,596.0,30582.0,0.114,1,0,1
47.0,37323.0,4.0,673.0,26004.0,0.255,0,0,0
22.0,44631.0,1.1,561.0,12706.0,0.321,1,0,1
52.0,50771.0,10.8,659.0,6397.0,0.324,0,0,0
33.0,78979.0,12.0,724.0,63177.0,0.179,0,1,0
23.0,69220.0,2.2,636.0,53873.0,0.256,2,0,1
56.0,125066.0,11.2,697.0,77243.0,0.337,0,1,0
37.0,74499.0,11.6,527.0,25320.0,0.324,3,0,1
59.0,66571.0,13.2,523.0,10039.0,0.313,5,1,1
51.0,47920.0,21.3,694.0,17421.0,0.376,0,1,0
29.0,34483.0,5.7,736.0,20354.0,0.289,1,1,0
37.0,42559.0,8.7,648.0,6991.0,0.439,0,0,0
39.0,40141.0,17.0,819.0,2513.0,0.271,2,0,0
55.0,17373.0,8.6,563.0,12648.0,0.369,1,1,0
43.0,34934.0,18.2,621.0,20087.0,0.373,1,0,0
40.0,113106.0,13.7,677.0,64514.0,0.136,1,0,0
36.0,64923.0,4.4,695.0,49367.0,0.344,0,0,0
37.0,46428.0,7.4,623.0,20453.0,0.236,2,0,0
52.0,65802.0,2.2,587.0,18988.0,0.199,2,0,0
38.0,22835.0,10.8,709.0,16717.0,0.258,1,0,0
34.0,62444.0,12.1,675.0,49291.0,0.316,0,0,0
32.0,97730.0,1.4,637.0,6386.0,0.144,0,0,0
32.0,52083.0,1.6,696.0,15521.0,0.303,1,1,0
23.0,24778.0,1.2,651.0,7974.0,0.278,2,1,0
30.0,45653.0,2.7,652.0,6091.0,0.404,2,1,0
54.0,97807.0,9.5,652.0,21144.0,0.237,2,0,0
36.0,61788.0,10.0,608.0,4223.0,0.419,4,0,1
46.0,29052.0,10.6,601.0,16627.0,0.339,2,0,0
21.0,159615.0,0.8,624.0,20779.0,0.297,4,1,0
44.0,31284.0,10.4,667.0,22391.0,0.427,1,0,0
36.0,49305.0,10.0,534.0,24060.0,0.492,4,1,1
33.0,34484.0,5.1,729.0,10936.0,0.279,1,0,0
40.0,34506.0,5.1,664.0,22659.0,0.226,2,1,0
33.0,44874.0,5.9,588.0,24142.0,0.343,3,0,1
21.0,73230.0,0.7,774.0,45019.0,0.158,0,0,0
48.0,98305.0,26.8,676.0,69632.0,0.17,0,1,0
41.0,46227.0,0.9,567.0,30313.0,0.431,5,0,1
35.0,34910.0,7.7,774.0,22145.0,0.357,1,0,0
27.0,68219.0,4.7,757.0,40753.0,0.214,0,0,0
22.0,69125.0,0.2,596.0,23027.0,0.614,2,0,1
40.0,61283.0,17.0,646.0,33024.0,0.162,4,0,0
56.0,62266.0,9.9,633.0,29531.0,0.362,2,1,1
40.0,52283.0,17.7,537.0,40393.0,0.22,2,0,1
23.0,57484.0,1.5,683.0,24471.0,0.478,1,0,0
40.0,50683.0,3.1,721.0,10966.0,0.247,0,0,0
37.0,89027.0,12.9,712.0,35014.0,0.272,1,0,1
48.0,149926.0,4.3,664.0,54121.0,0.119,1,0,0
45.0,59631.0,17.8,735.0,23935.0,0.508,1,1,0
21.0,54838.0,0.8,581.0,26639.0,0.238,1,0,1
44.0,61712.0,13.8,794.0,46964.0,0.348,0,0,0
27.0,40906.0,1.9,607.0,10669.0,0.3,2,1,0
22.0,77600.0,1.0,614.0,60284.0,0.245,1,1,1
36.0,67078.0,8.4,624.0,42574.0,0.077,3,0,1
43.0,45519.0,15.0,622.0,8521.0,0.277,1,0,1
21.0,82538.0,0.6,647.0,21487.0,0.273,0,0,0
46.0,55472.0,10.3,649.0,40605.0,0.332,0,0,0
46.0,35545.0,20.0,679.0,23140.0,0.515,0,0,0
39.0,64428.0,14.3,610.0,10149.0,0.364,0,0,0
28.0,61190.0,5.9,675.0,29887.0,0.386,1,0,1
27.0,84734.0,2.0,585.0,21840.0,0.269,0,0,0
49.0,79960.0,13.7,718.0,41764.0,0.169,0,0,0
21.0,52362.0,0.6,711.0,9435.0,0.272,0,0,0
50.0,44474.0,24.3,672.0,13962.0,0.227,1,0,0
36.0,55043.0,13.1,621.0,18792.0,0.295,0,0,0
37.0,64769.0,14.7,689.0,29358.0,0.251,1,0,0
21.0,68376.0,0.2,598.0,15691.0,0.132,3,1,0
36.0,62990.0,12.3,669.0,37530.0,0.427,1,0,1
45.0,52799.0,21.5,660.0,34686.0,0.286,2,0,1
23.0,86134.0,0.5,844.0,45650.0,0.267,0,1,0
43.0,40605.0,0.9,575.0,29533.0,0.19,1,0,1
39.0,167849.0,2.0,474.0,107905.0,0.252,3,0,1
31.0,77534.0,6.6,619.0,6436.0,0.214,0,0,1
47.0,33114.0,11.6,546.0,3760.0,0.181,6,0,1
21.0,59781.0,0.2,609.0,32579.0,0.316,2,1,0
42.0,77870.0,11.5,575.0,46053.0,0.253,2,1,0
56.0,46999.0,28.1,611.0,36468.0,0.375,0,0,0
54.0,28065.0,29.0,600.0,1473.0,0.264,1,1,1
42.0,34458.0,16.8,736.0,7847.0,0.311,0,0,0
35.0,70195.0,13.0,663.0,47298.0,0.309,0,0,0
31.0,24972.0,6.6,739.0,17946.0,0.338,1,0,1
35.0,28649.0,12.3,669.0,11412.0,0.216,0,0,1
44.0,70029.0,10.0,730.0,28909.0,0.39,1,0,1
29.0,49759.0,7.8,643.0,34344.0,0.182,5,0,0
46.0,40215.0,23.6,783.0,15884.0,0.304,0,1,0
61.0,44023.0,28.5,707.0,28200.0,0.18,0,0,0
37.0,28374.0,7.5,609.0,21608.0,0.288,0,1,1
23.0,68398.0,0.9,704.0,16852.0,0.389,0,0,1
23.0,38259.0,1.0,662.0,9787.0,0.356,0,0,1
47.0,43217.0,3.5,648.0,32584.0,0.406,1,0,1
37.0,64289.0,0.8,667.0,23673.0,0.27,1,0,0
48.0,49001.0,11.5,718.0,3028.0,0.391,1,1,1
32.0,40054.0,0.5,512.0,17098.0,0.231,3,0,1
47.0,22468.0,23.9,647.0,11516.0,0.254,1,0,1
36.0,64889.0,10.6,713.0,15155.0,0.313,1,0,0
30.0,56990.0,8.4,682.0,33941.0,0.385,0,1,0
34.0,43576.0,6.0,584.0,9792.0,0.245,3,0,1
25.0,34484.0,1.1,495.0,4819.0,0.37,5,0,1
60.0,55317.0,11.6,785.0,13111.0,0.323,0,1,0
37.0,68275.0,14.5,654.0,30753.0,0.334,0,0,1
45.0,57474.0,3.1,768.0,39763.0,0.215,0,0,0
32.0,114946.0,8.4,720.0,51381.0,0.262,0,0,0
26.0,75526.0,1.5,605.0,51867.0,0.291,2,0,1
35.0,52408.0,5.4,488.0,5143.0,0.334,8,0,1
50.0,76674.0,0.1,628.0,25259.0,0.219,0,0,0
32.0,56218.0,5.9,660.0,21159.0,0.171,0,0,1
28.0,56130.0,1.1,692.0,36557.0,0.087,0,0,0
40.0,98563.0,16.9,591.0,50069.0,0.375,4,0,0
43.0,36716.0,2.3,674.0,23453.0,0.394,0,0,1
56.0,55580.0,9.0,677.0,16892.0,0.099,1,0,0
42.0,93944.0,0.3,729.0,70508.0,0.308,2,1,1
45.0,63205.0,24.9,651.0,41730.0,0.262,0,0,0
46.0,46584.0,16.6,699.0,34315.0,0.422,1,0,1
25.0,25523.0,3.4,682.0,6307.0,0.279,0,0,0
27.0,19800.0,3.8,723.0,1088.0,0.355,0,0,0
26.0,139996.0,5.3,605.0,71624.0,0.257,2,0,1
23.0,63191.0,0.5,445.0,26505.0,0.231,4,0,1
47.0,42288.0,21.2,654.0,26820.0,0.377,2,0,1
41.0,64366.0,17.1,652.0,7925.0,0.408,1,0,0
39.0,35905.0,0.7,579.0,17830.0,0.173,1,0,1
21.0,47384.0,0.1,555.0,9438.0,0.414,2,1,0
61.0,36014.0,22.2,631.0,15700.0,0.203,2,1,0
28.0,29118.0,0.7,652.0,4913.0,0.067,4,1,0
61.0,21329.0,11.5,672.0,15661.0,0.301,0,0,1
22.0,26800.0,0.8,500.0,5024.0,0.351,4,0,1
29.0,87087.0,1.4,538.0,41916.0,0.148,5,0,1
21.0,35277.0,0.7,739.0,1912.0,0.102,1,0,0
42.0,69968.0,10.9,652.0,11708.0,0.251,4,1,0
26.0,84591.0,3.8,662.0,35909.0,0.237,0,0,0
26.0,55412.0,2.9,568.0,4473.0,0.437,4,0,0
23.0,48085.0,1.2,660.0,21979.0,0.301,1,0,1
47.0,58393.0,13.1,640.0,10992.0,0.373,2,0,0
46.0,45598.0,23.2,628.0,27126.0,0.321,1,1,1
58.0,94547.0,15.0,565.0,66298.0,0.457,1,0,1
30.0,127967.0,6.7,603.0,79200.0,0.211,0,1,0
40.0,105610.0,17.0,807.0,10301.0,0.291,1,0,0
24.0,20887.0,2.4,637.0,8820.0,0.143,1,1,0
34.0,45181.0,3.2,717.0,6026.0,0.381,0,0,0
32.0,55103.0,1.5,647.0,19660.0,0.411,1,0,0
43.0,67742.0,13.7,645.0,46042.0,0.387,0,0,0
49.0,25281.0,21.2,626.0,2044.0,0.288,2,1,0
49.0,25098.0,22.2,765.0,5992.0,0.151,1,0,0
29.0,99027.0,6.1,689.0,66341.0,0.291,0,0,0
49.0,42765.0,0.1,605.0,15158.0,0.232,2,0,0
38.0,28163.0,13.6,639.0,6379.0,0.392,1,0,0
34.0,33472.0,8.7,740.0,25507.0,0.257,1,0,1
30.0,65565.0,10.1,466.0,10936.0,0.255,4,1,1
32.0,37985.0,9.1,686.0,24366.0,0.517,1,0,0
57.0,61317.0,16.0,706.0,11255.0,0.38,0,0,0
41.0,35407.0,14.5,615.0,27344.0,0.408,0,0,0
40.0,25089.0,12.3,677.0,16046.0,0.249,1,1,0
35.0,104408.0,5.1,698.0,26866.0,0.19,1,0,0
65.0,65793.0,24.0,586.0,51826.0,0.407,0,0,1
52.0,47330.0,6.6,722.0,6430.0,0.449,1,0,0
30.0,43498.0,0.9,681.0,30218.0,0.171,0,0,0
35.0,106329.0,11.0,655.0,61094.0,0.248,3,0,0
36.0,71774.0,6.0,670.0,12949.0,0.209,0,0,0
40.0,92148.0,14.8,717.0,42368.0,0.348,0,0,0
30.0,42295.0,5.0,825.0,2493.0,0.409,0,1,0
43.0,56268.0,18.5,712.0,27000.0,0.263,1,0,0
54.0,65912.0,25.1,729.0,32076.0,0.263,0,0,0
24.0,42940.0,2.7,675.0,15304.0,0.104,1,0,0
26.0,52686.0,2.4,794.0,35210.0,0.205,0,0,0
33.0,42297.0,12.2,563.0,31640.0,0.451,1,0,0
33.0,65819.0,5.3,541.0,29640.0,0.349,3,1,0
60.0,30347.0,31.7,687.0,16857.0,0.393,0,1,0
49.0,71145.0,14.2,713.0,11340.0,0.263,0,0,0
48.0,63254.0,6.7,483.0,50513.0,0.273,3,0,1
35.0,50191.0,9.5,665.0,34805.0,0.302,2,0,0
35.0,67331.0,7.0,651.0,51291.0,0.332,1,0,1
22.0,46670.0,0.5,712.0,29568.0,0.438,1,0,0
47.0,40682.0,10.2,695.0,11887.0,0.233,1,0,0
43.0,70246.0,3.7,535.0,15192.0,0.286,5,0,1
52.0,71628.0,31.7,600.0,31035.0,0.221,3,0,0
36.0,43775.0,10.1,609.0,4901.0,0.103,1,0,0
36.0,42117.0,2.9,713.0,19537.0,0.392,0,0,0
40.0,50653.0,15.2,694.0,16586.0,0.475,0,0,0
48.0,42903.0,16.7,625.0,25568.0,0.377,2,0,1
22.0,109250.0,1.3,671.0,56730.0,0.323,1,0,0
46.0,63418.0,15.3,594.0,14896.0,0.485,2,0,1
38.0,55363.0,1.1,804.0,33222.0,0.346,0,0,0
26.0,36147.0,1.3,701.0,10242.0,0.38,1,1,0
21.0,76698.0,0.8,715.0,18135.0,0.314,0,0,0
36.0,41767.0,12.4,763.0,15200.0,0.329,1,0,0
54.0,41001.0,25.6,744.0,6904.0,0.287,1,0,0
56.0,77868.0,0.6,662.0,22883.0,0.383,1,0,0
42.0,65472.0,17.6,656.0,16033.0,0.191,0,0,0
60.0,17828.0,17.4,759.0,1182.0,0.342,1,0,0
38.0,51231.0,12.2,668.0,14122.0,0.215,0,0,0
48.0,58196.0,7.8,611.0,23286.0,0.351,2,0,0
33.0,47206.0,10.0,803.0,31737.0,0.539,0,0,0
32.0,59116.0,12.1,601.0,10958.0,0.37,0,0,0
31.0,24361.0,2.7,540.0,7200.0,0.417,5,0,1
21.0,15385.0,0.8,730.0,1108.0,0.39,1,0,0
52.0,35459.0,19.5,619.0,3770.0,0.067,3,0,0
31.0,62449.0,3.0,692.0,19802.0,0.287,0,1,0
29.0,15000.0,2.7,789.0,6374.0,0.345,1,0,0
25.0,37628.0,3.7,566.0,22998.0,0.091,1,0,0
36.0,23152.0,4.5,659.0,14410.0,0.272,1,0,0
57.0,49311.0,1.8,765.0,36268.0,0.292,1,0,0
61.0,132739.0,35.9,726.0,97012.0,0.177,1,1,0
21.0,49879.0,0.6,648.0,6291.0,0.203,1,0,0
34.0,52403.0,10.7,833.0,7024.0,0.434,0,0,0
27.0,80237.0,4.0,655.0,33908.0,0.02,5,0,0
49.0,55530.0,14.9,695.0,27327.0,0.327,0,0,0
41.0,49928.0,16.3,784.0,24885.0,0.416,0,0,0
31.0,83456.0,0.4,729.0,34610.0,0.297,0,0,1
39.0,68012.0,5.9,755.0,53451.0,0.441,0,0,0
33.0,62628.0,8.0,601.0,27038.0,0.257,0,0,1
56.0,51670.0,33.8,763.0,38829.0,0.209,0,0,0
44.0,47069.0,9.5,677.0,37238.0,0.299,1,1,0
45.0,83101.0,24.7,620.0,31829.0,0.262,0,1,0
21.0,47272.0,0.8,676.0,7106.0,0.243,1,0,0
37.0,95717.0,8.4,678.0,28183.0,0.282,1,0,0
61.0,34333.0,17.6,800.0,10949.0,0.221,0,0,0
53.0,104851.0,4.2,689.0,75099.0,0.216,0,0,1
21.0,68017.0,0.6,606.0,52459.0,0.188,3,0,1
35.0,35570.0,0.8,590.0,6304.0,0.342,0,0,0
25.0,69157.0,2.1,658.0,4499.0,0.2,0,0,0
57.0,41046.0,8.8,570.0,27624.0,0.176,1,0,0
41.0,55834.0,19.8,620.0,26185.0,0.193,0,1,0
30.0,44183.0,3.5,645.0,27101.0,0.321,2,0,1
38.0,51807.0,9.0,635.0,15477.0,0.367,0,0,0
21.0,84013.0,0.4,711.0,14189.0,0.375,0,0,0
26.0,69454.0,0.8,609.0,17259.0,0.321,0,0,0
38.0,33146.0,6.5,490.0,2862.0,0.354,3,0,1
47.0,34011.0,21.3,553.0,11543.0,0.295,1,0,0
21.0,62127.0,0.6,659.0,7730.0,0.346,0,0,0
34.0,64185.0,6.0,622.0,25535.0,0.344,2,1,1
49.0,40603.0,23.9,585.0,26368.0,0.227,1,0,0
22.0,112553.0,0.0,797.0,9648.0,0.192,0,0,0
41.0,79313.0,17.0,726.0,57307.0,0.435,1,0,0
39.0,41505.0,1.1,656.0,5909.0,0.313,0,0,0
57.0,39738.0,32.1,692.0,21538.0,0.405,0,0,0
35.0,49641.0,14.7,649.0,11437.0,0.19,2,1,0
36.0,47370.0,13.2,579.0,32387.0,0.259,3,0,1
47.0,96796.0,0.5,732.0,5591.0,0.162,1,0,0
23.0,85659.0,1.8,720.0,31354.0,0.365,1,0,0
36.0,55875.0,12.9,528.0,43103.0,0.239,2,0,1
33.0,74619.0,7.1,679.0,10049.0,0.245,0,1,0
36.0,79652.0,5.9,687.0,49423.0,0.496,1,1,0
47.0,56461.0,12.9,644.0,33592.0,0.367,0,0,0
44.0,65925.0,1.9,808.0,19077.0,0.365,1,0,0
30.0,71860.0,4.8,802.0,6851.0,0.18,0,0,0
40.0,68495.0,0.5,634.0,46222.0,0.114,2,1,0
54.0,38740.0,22.2,655.0,28228.0,0.397,2,0,1
29.0,40543.0,3.5,638.0,5914.0,0.076,3,0,0
40.0,48302.0,3.7,619.0,33129.0,0.25,0,0,0
36.0,40018.0,0.3,596.0,27009.0,0.219,3,0,1
37.0,28345.0,16.0,703.0,13684.0,0.207,3,1,0
21.0,74553.0,0.6,798.0,47539.0,0.256,0,0,0
54.0,64278.0,21.7,779.0,5117.0,0.194,1,1,0
29.0,30103.0,7.4,719.0,12707.0,0.178,1,0,1
49.0,49349.0,18.4,501.0,38258.0,0.326,2,0,1
31.0,50623.0,4.6,532.0,31964.0,0.407,3,0,1
31.0,59693.0,7.0,738.0,14989.0,0.126,0,0,0
51.0,33800.0,7.9,777.0,17497.0,0.32,0,0,0
49.0,29905.0,16.2,707.0,6263.0,0.354,0,1,0
40.0,69492.0,4.2,641.0,15052.0,0.345,3,0,1
46.0,27579.0,24.2,767.0,5295.0,0.278,0,0,0
35.0,49533.0,7.6,717.0,9534.0,0.24,0,0,0
38.0,47494.0,4.2,742.0,20160.0,0.376,1,0,0
31.0,52032.0,6.9,533.0,14691.0,0.334,2,1,1
48.0,61624.0,2.5,685.0,39037.0,0.111,2,0,0
30.0,112921.0,4.5,786.0,81369.0,0.278,0,0,0
54.0,26777.0,29.7,712.0,11131.0,0.306,0,0,0
35.0,81597.0,11.2,732.0,15788.0,0.191,0,0,0
38.0,17758.0,12.8,669.0,14180.0,0.276,0,1,1
46.0,102977.0,12.4,674.0,8781.0,0.349,1,0,0
38.0,21934.0,8.2,762.0,10139.0,0.217,0,0,0
35.0,164632.0,0.2,613.0,35352.0,0.323,1,0,0
38.0,46152.0,10.6,612.0,34764.0,0.201,1,0,0
48.0,98298.0,16.1,635.0,28872.0,0.176,2,1,0
31.0,89586.0,0.1,662.0,68850.0,0.362,0,0,0
37.0,45192.0,2.3,548.0,35231.0,0.417,2,0,1
38.0,46780.0,0.2,711.0,35423.0,0.182,0,0,0
48.0,37736.0,7.0,652.0,24322.0,0.395,1,0,1
37.0,78386.0,0.1,720.0,47495.0,0.299,0,0,0
58.0,45457.0,15.8,520.0,34756.0,0.079,3,0,1
36.0,38046.0,7.8,724.0,8285.0,0.157,0,1,0
35.0,70043.0,6.7,757.0,46048.0,0.361,1,0,1
36.0,36730.0,3.2,692.0,4963.0,0.138,1,0,1
24.0,47432.0,1.8,663.0,15245.0,0.238,0,1,0
27.0,57716.0,5.4,723.0,20280.0,0.292,0,0,0
32.0,41192.0,3.5,751.0,32809.0,0.345,0,0,0
50.0,44086.0,9.5,701.0,12817.0,0.318,1,0,0
38.0,109736.0,9.6,707.0,51142.0,0.457,0,0,0
33.0,50171.0,3.0,777.0,26345.0,0.218,0,0,0
51.0,46782.0,10.6,719.0,26122.0,0.31,0,0,0
55.0,50832.0,15.9,612.0,7122.0,0.345,0,0,0
52.0,67480.0,12.3,755.0,31672.0,0.371,0,0,0
29.0,34539.0,7.0,655.0,18169.0,0.405,2,0,1
33.0,66658.0,10.7,668.0,48495.0,0.257,1,0,0
58.0,61710.0,15.3,675.0,47392.0,0.365,1,1,0
41.0,24592.0,9.2,732.0,5565.0,0.207,1,0,0
35.0,123316.0,14.4,790.0,25636.0,0.292,0,0,0
46.0,106134.0,13.0,668.0,59733.0,0.35,1,0,0
49.0,38362.0,28.9,796.0,16001.0,0.398,1,0,0
32.0,33190.0,8.9,676.0,20169.0,0.357,0,0,0
40.0,60944.0,5.4,761.0,41829.0,0.309,0,0,0
48.0,28954.0,6.5,677.0,1680.0,0.292,0,0,1
25.0,101622.0,0.8,626.0,72055.0,0.355,0,0,1
38.0,44546.0,14.6,802.0,11095.0,0.519,1,1,0
26.0,114108.0,1.8,620.0,88667.0,0.385,3,0,1
27.0,37953.0,4.9,617.0,14145.0,0.338,1,0,0
32.0,52292.0,6.4,575.0,36047.0,0.163,1,0,1
43.0,97279.0,19.2,758.0,19451.0,0.216,1,1,0
34.0,47554.0,10.9,771.0,21108.0,0.268,0,0,0
31.0,62164.0,0.7,686.0,6059.0,0.391,0,0,0
39.0,89930.0,6.3,594.0,54060.0,0.206,2,0,0
25.0,42825.0,2.8,661.0,32400.0,0.364,2,1,0
43.0,31173.0,18.3,648.0,21271.0,0.312,0,1,0
50.0,28529.0,21.7,599.0,15984.0,0.335,0,0,0
37.0,71513.0,9.4,630.0,9955.0,0.278,0,0,0
36.0,65515.0,12.7,702.0,51624.0,0.24,0,0,1
42.0,88684.0,9.6,622.0,27312.0,0.203,0,1,0
21.0,48619.0,0.1,680.0,25505.0,0.361,1,0,1
44.0,28890.0,20.8,546.0,7359.0,0.292,2,1,1
70.0,19079.0,26.3,791.0,12792.0,0.192,1,0,0
37.0,199920.0,13.5,639.0,66736.0,0.322,0,1,0
37.0,69717.0,6.5,724.0,23914.0,0.642,1,1,1
46.0,58492.0,15.4,681.0,3121.0,0.28,0,0,0
56.0,62347.0,12.0,694.0,30020.0,0.465,2,0,0
49.0,28882.0,11.8,587.0,6875.0,0.041,1,0,0
21.0,38461.0,0.1,607.0,28514.0,0.273,1,0,1
44.0,120522.0,17.9,617.0,76816.0,0.395,1,0,0
66.0,73965.0,13.0,668.0,56513.0,0.302,2,1,1
45.0,39006.0,7.5,757.0,13352.0,0.236,0,0,0
25.0,31667.0,1.9,691.0,17299.0,0.297,1,0,1
41.0,43609.0,9.1,602.0,16958.0,0.399,1,1,0
24.0,47722.0,2.3,667.0,34933.0,0.514,2,1,1
52.0,138303.0,21.5,665.0,40550.0,0.407,3,0,0
27.0,50532.0,5.1,638.0,14977.0,0.25,0,1,0
39.0,32202.0,8.0,663.0,10448.0,0.277,0,0,0
29.0,53569.0,4.1,716.0,22678.0,0.277,0,0,1
32.0,61947.0,1.7,610.0,44341.0,0.213,0,0,1
54.0,30910.0,17.9,645.0,6355.0,0.284,1,0,1
39.0,65911.0,16.8,737.0,35492.0,0.273,1,0,0
32.0,94760.0,5.5,696.0,26482.0,0.18,1,0,0
25.0,58541.0,5.1,752.0,6556.0,0.384,1,0,0
21.0,38423.0,0.2,761.0,29403.0,0.342,0,0,0
24.0,43352.0,3.1,566.0,27716.0,0.236,1,0,1
39.0,26072.0,13.6,687.0,19919.0,0.315,2,0,0
49.0,51785.0,19.6,634.0,18135.0,0.204,1,0,1
32.0,63256.0,7.8,580.0,39075.0,0.245,1,0,0
55.0,36739.0,0.8,605.0,19779.0,0.369,2,0,0
30.0,131657.0,7.5,643.0,67706.0,0.347,1,0,0
35.0,78560.0,7.7,643.0,6301.0,0.249,1,0,0
26.0,24547.0,3.2,619.0,2548.0,0.331,1,0,0
49.0,24775.0,1.5,660.0,4867.0,0.293,0,1,0
61.0,35323.0,7.7,835.0,21626.0,0.2,0,0,0
21.0,111639.0,0.9,540.0,72426.0,0.283,1,0,1
34.0,82125.0,4.5,742.0,43971.0,0.343,0,0,0
52.0,114206.0,12.6,665.0,22162.0,0.331,0,0,0
22.0,55253.0,0.4,630.0,34987.0,0.131,3,0,0
44.0,50052.0,15.3,526.0,6762.0,0.317,3,0,0
51.0,31373.0,23.3,725.0,22605.0,0.303,0,1,0
39.0,64373.0,17.4,568.0,21795.0,0.11,3,0,1
44.0,50353.0,13.5,725.0,29976.0,0.219,0,0,0
57.0,49488.0,10.3,787.0,8765.0,0.349,0,0,0
59.0,113915.0,2.8,572.0,32547.0,0.438,3,0,1
37.0,51960.0,4.6,744.0,21899.0,0.136,0,1,0
32.0,100111.0,7.5,666.0,42273.0,0.398,0,1,0
28.0,26915.0,7.7,517.0,3308.0,0.112,5,0,1
49.0,184377.0,2.3,577.0,85042.0,0.44,2,1,1
23.0,46496.0,1.1,673.0,4944.0,0.276,0,0,0
35.0,75608.0,10.2,693.0,56159.0,0.229,1,0,1
39.0,81220.0,11.0,555.0,29753.0,0.335,3,1,1
32.0,43971.0,8.1,666.0,16678.0,0.204,0,0,0
41.0,79511.0,9.8,723.0,38384.0,0.352,0,0,0
66.0,81393.0,12.3,736.0,51787.0,0.288,0,0,0
37.0,39902.0,8.0,635.0,4076.0,0.02,0,0,0
33.0,40115.0,5.0,693.0,23156.0,0.219,1,1,0
49.0,56133.0,20.7,745.0,41140.0,0.319,1,0,1
41.0,52215.0,3.5,721.0,19810.0,0.407,0,0,0
54.0,102950.0,16.8,731.0,6172.0,0.333,0,0,0
40.0,75455.0,19.0,677.0,17772.0,0.405,0,1,0
35.0,53284.0,8.1,657.0,40271.0,0.211,0,0,0
21.0,72245.0,0.2,679.0,10007.0,0.373,2,0,0
21.0,21897.0,0.9,607.0,1318.0,0.374,3,1,0
21.0,41698.0,0.2,738.0,31352.0,0.137,1,0,0
42.0,62605.0,16.7,561.0,43653.0,0.41,3,0,1
23.0,90853.0,0.3,625.0,35914.0,0.333,2,0,0
52.0,60173.0,27.1,671.0,3252.0,0.272,2,0,0
38.0,106011.0,3.3,695.0,51715.0,0.27,0,0,0
35.0,81280.0,6.0,709.0,53854.0,0.196,2,0,1
29.0,44150.0,8.4,768.0,11680.0,0.363,0,0,0
45.0,51641.0,14.4,673.0,9272.0,0.33,0,0,0
29.0,66097.0,2.4,611.0,48151.0,0.358,2,0,1
27.0,44945.0,0.0,650.0,28133.0,0.308,1,0,1
51.0,109554.0,0.2,638.0,42294.0,0.321,1,0,1
42.0,33395.0,6.0,699.0,24337.0,0.27,0,0,1
35.0,63407.0,8.1,589.0,32092.0,0.408,2,0,1
45.0,76576.0,12.1,654.0,58050.0,0.361,1,0,0
38.0,47764.0,16.7,782.0,6084.0,0.317,2,1,0
42.0,43158.0,17.0,681.0,16284.0,0.287,2,0,0
29.0,53149.0,8.3,590.0,29732.0,0.123,2,0,0
61.0,79260.0,20.9,647.0,28210.0,0.102,0,1,0
32.0,43921.0,5.2,506.0,13718.0,0.263,5,0,1
55.0,33999.0,19.9,666.0,19432.0,0.427,1,0,0
36.0,92305.0,5.9,778.0,46546.0,0.23,3,0,0
47.0,65826.0,5.7,580.0,17240.0,0.233,0,0,1
46.0,86563.0,21.8,569.0,33154.0,0.203,0,0,1
51.0,77404.0,20.8,625.0,44908.0,0.171,0,0,1
29.0,146684.0,2.9,726.0,76302.0,0.209,0,0,0
50.0,90837.0,13.3,786.0,35406.0,0.328,0,1,0
58.0,39706.0,8.6,696.0,9728.0,0.251,2,1,0
35.0,67962.0,8.5,574.0,9239.0,0.246,6,0,1
38.0,42797.0,6.6,662.0,29107.0,0.237,1,1,0
32.0,44834.0,10.7,791.0,29825.0,0.324,1,0,1
34.0,29128.0,7.5,642.0,14855.0,0.339,2,0,0
57.0,48356.0,15.2,677.0,23138.0,0.113,0,1,0
27.0,70288.0,5.2,679.0,10701.0,0.224,1,0,0
28.0,53390.0,6.9,555.0,20558.0,0.291,4,0,1
56.0,33536.0,29.2,744.0,13847.0,0.344,0,0,0
45.0,27715.0,12.3,726.0,10977.0,0.313,1,1,0
61.0,142261.0,14.7,528.0,32943.0,0.382,3,0,1
33.0,63666.0,8.6,571.0,9095.0,0.159,5,0,0
39.0,37959.0,15.8,600.0,28413.0,0.342,1,0,0
31.0,67703.0,10.5,718.0,31635.0,0.505,0,0,0
40.0,147299.0,9.0,612.0,102657.0,0.305,2,0,0
21.0,72715.0,0.7,688.0,40283.0,0.309,1,1,0
46.0,15692.0,7.5,651.0,10439.0,0.352,2,1,0
42.0,181429.0,1.9,666.0,38463.0,0.245,1,0,1
37.0,23931.0,4.4,697.0,3100.0,0.205,0,0,0
34.0,50130.0,0.2,679.0,25587.0,0.306,1,1,0
28.0,33026.0,4.2,661.0,15258.0,0.135,3,0,0
46.0,39422.0,9.7,688.0,4823.0,0.34,0,0,0
25.0,62509.0,3.5,677.0,31784.0,0.356,0,0,0
44.0,21658.0,14.5,653.0,4038.0,0.14,0,1,0
61.0,52811.0,6.9,633.0,6925.0,0.316,0,0,0
54.0,92170.0,23.1,803.0,72715.0,0.278,0,1,0
21.0,37633.0,0.3,629.0,17566.0,0.448,1,0,1
32.0,29421.0,0.1,756.0,8748.0,0.431,0,0,0
43.0,51658.0,22.0,623.0,6382.0,0.384,0,0,0
37.0,47232.0,0.5,717.0,34836.0,0.421,0,0,0
23.0,42076.0,0.9,785.0,31849.0,0.263,0,0,0
42.0,32220.0,14.2,643.0,7820.0,0.326,0,0,0
38.0,69475.0,6.6,617.0,26141.0,0.275,2,1,0
59.0,71895.0,14.9,637.0,38403.0,0.2,0,0,0
35.0,34049.0,11.0,664.0,4541.0,0.308,1,0,0
51.0,36237.0,18.6,692.0,16405.0,0.292,1,0,0
24.0,58484.0,2.1,658.0,12515.0,0.28,1,0,0
27.0,35627.0,5.9,634.0,7800.0,0.294,2,0,0
46.0,59605.0,2.8,798.0,29939.0,0.306,0,0,0
50.0,106480.0,14.1,653.0,30086.0,0.389,0,1,0
27.0,53539.0,1.8,617.0,24776.0,0.242,4,0,1
38.0,31855.0,0.7,718.0,7860.0,0.172,0,0,0
23.0,65613.0,2.7,721.0,27280.0,0.368,1,1,0
36.0,50774.0,11.7,765.0,38039.0,0.386,0,0,0
47.0,51406.0,5.9,798.0,21259.0,0.336,0,0,0
33.0,68117.0,5.3,687.0,29019.0,0.186,0,0,0
35.0,75061.0,3.4,642.0,31498.0,0.287,1,0,0
26.0,55886.0,3.8,529.0,38697.0,0.329,0,0,1
31.0,53518.0,3.8,596.0,30040.0,0.193,0,1,1
57.0,139202.0,34.3,692.0,10157.0,0.224,1,0,0
39.0,94404.0,3.9,579.0,13072.0,0.285,2,0,0
27.0,80032.0,2.4,550.0,38689.0,0.418,3,0,0
35.0,58345.0,13.5,671.0,36182.0,0.323,0,0,0
21.0,34979.0,0.9,715.0,4819.0,0.243,1,0,0
27.0,91346.0,2.0,644.0,39013.0,0.28,2,0,0
53.0,58690.0,15.9,731.0,31215.0,0.233,1,0,0
36.0,42419.0,14.5,710.0,14872.0,0.259,0,0,0
59.0,49300.0,26.0,753.0,28107.0,0.372,0,0,0
37.0,35607.0,10.8,818.0,10930.0,0.108,0,1,0
38.0,88511.0,11.6,849.0,45784.0,0.431,0,0,1
45.0,74791.0,23.1,723.0,46691.0,0.519,0,0,1
21.0,59684.0,0.5,628.0,45770.0,0.316,5,1,1
40.0,53951.0,3.7,666.0,28549.0,0.217,0,0,0
37.0,40489.0,8.3,774.0,12701.0,0.416,1,0,0
54.0,21090.0,25.0,610.0,12463.0,0.328,3,0,1
49.0,29123.0,14.1,768.0,19028.0,0.247,0,0,0
26.0,39375.0,1.7,649.0,14214.0,0.203,2,0,0
52.0,36800.0,21.1,686.0,11847.0,0.259,0,0,0
35.0,62649.0,6.8,607.0,10296.0,0.319,5,0,0
28.0,79242.0,7.8,571.0,44191.0,0.39,3,0,1
40.0,51911.0,7.1,644.0,19916.0,0.328,1,0,0
36.0,103684.0,11.3,757.0,15520.0,0.345,0,1,0
55.0,38669.0,19.4,621.0,18217.0,0.267,0,0,0
42.0,51746.0,1.7,774.0,41004.0,0.385,1,0,0
40.0,53752.0,9.5,625.0,4757.0,0.279,0,0,0
48.0,89911.0,0.8,586.0,39259.0,0.484,2,0,1
50.0,57684.0,23.7,690.0,43371.0,0.235,1,0,0
47.0,58407.0,19.6,717.0,44935.0,0.339,2,0,0
54.0,26119.0,1.7,674.0,8000.0,0.519,3,0,1
45.0,36685.0,12.3,677.0,6556.0,0.404,0,0,0
40.0,90063.0,19.1,782.0,32922.0,0.375,1,0,0
52.0,21616.0,9.0,671.0,6245.0,0.33,1,0,0
37.0,100653.0,15.4,635.0,41463.0,0.305,0,0,0
38.0,68867.0,2.8,582.0,34225.0,0.283,2,0,0
57.0,39289.0,0.2,749.0,24602.0,0.244,0,0,0
56.0,37823.0,19.0,640.0,19880.0,0.146,2,0,0
38.0,129090.0,4.3,639.0,92821.0,0.364,0,0,1
33.0,103800.0,11.4,739.0,62465.0,0.146,1,1,0
54.0,52122.0,23.0,815.0,22881.0,0.365,1,0,0
47.0,58434.0,18.4,687.0,8150.0,0.269,1,1,0
41.0,41122.0,14.5,658.0,26845.0,0.204,1,0,0
34.0,58439.0,9.8,665.0,34223.0,0.441,1,0,0
42.0,40613.0,16.2,636.0,12270.0,0.155,1,1,0
38.0,53090.0,11.9,641.0,11890.0,0.233,1,0,0
31.0,124211.0,8.9,640.0,67516.0,0.243,4,0,0
39.0,52684.0,10.8,729.0,5962.0,0.315,1,0,0
41.0,34320.0,7.3,657.0,21980.0,0.239,1,0,0
34.0,29739.0,6.5,758.0,6547.0,0.446,0,0,0
48.0,58238.0,12.3,658.0,28834.0,0.163,2,0,0
52.0,39053.0,10.7,640.0,10844.0,0.709,2,1,0
49.0,61455.0,11.9,755.0,25069.0,0.194,1,0,0
35.0,26537.0,5.8,664.0,17262.0,0.596,0,0,0
46.0,75034.0,2.9,653.0,19904.0,0.409,1,0,1
39.0,34133.0,15.7,670.0,2554.0,0.289,1,0,0
24.0,56158.0,3.3,764.0,6068.0,0.323,0,0,0
45.0,47233.0,8.6,686.0,5000.0,0.262,0,1,0
40.0,119177.0,18.5,757.0,46987.0,0.335,1,0,0
67.0,59412.0,40.0,664.0,6682.0,0.226,0,0,0
54.0,131999.0,29.2,751.0,47454.0,0.371,2,0,0
46.0,70786.0,0.8,677.0,40588.0,0.318,0,0,0
41.0,104456.0,7.7,726.0,74153.0,0.201,0,0,1
40.0,50068.0,9.1,732.0,10818.0,0.343,1,0,0
27.0,64252.0,5.0,597.0,45458.0,0.337,6,0,1
21.0,95176.0,0.6,665.0,74576.0,0.228,0,1,0
28.0,82646.0,5.7,730.0,42916.0,0.257,0,0,0
37.0,69845.0,13.4,745.0,42111.0,0.351,1,0,0
21.0,47454.0,0.9,748.0,19564.0,0.409,1,0,0
32.0,51207.0,6.6,671.0,5435.0,0.286,1,0,0
35.0,91770.0,13.8,775.0,70658.0,0.393,1,0,0
36.0,100785.0,12.7,620.0,76491.0,0.417,2,0,1
31.0,42121.0,3.6,557.0,12303.0,0.43,1,0,0
34.0,39356.0,11.6,646.0,7745.0,0.342,2,0,0
57.0,36616.0,4.3,746.0,3629.0,0.21,0,1,0
45.0,79894.0,4.0,586.0,33824.0,0.389,2,1,0
32.0,36200.0,11.7,563.0,26918.0,0.281,4,0,1
37.0,79460.0,7.4,543.0,6413.0,0.351,4,0,0
38.0,70309.0,8.1,716.0,35763.0,0.237,1,0,1
30.0,43036.0,9.1,563.0,29121.0,0.24,0,0,0
30.0,111171.0,3.5,700.0,37217.0,0.23,0,0,0
49.0,28483.0,6.9,640.0,14497.0,0.168,1,0,0
33.0,116062.0,1.0,607.0,44435.0,0.241,0,0,0
26.0,63487.0,3.1,592.0,6288.0,0.197,2,0,0
38.0,21634.0,3.5,676.0,9267.0,0.357,4,0,1
39.0,112582.0,1.3,608.0,13149.0,0.194,0,0,0
21.0,85185.0,0.8,660.0,48021.0,0.233,0,0,0
38.0,45360.0,5.8,691.0,12818.0,0.3,0,1,0
48.0,35631.0,16.0,711.0,23227.0,0.481,0,0,0
43.0,27147.0,2.4,727.0,13309.0,0.231,0,0,0
63.0,163087.0,21.5,682.0,122523.0,0.162,0,0,1
52.0,36300.0,20.1,597.0,21900.0,0.169,1,0,1
54.0,31147.0,15.3,700.0,18490.0,0.214,0,0,0
69.0,62047.0,16.5,714.0,17278.0,0.234,1,0,0
46.0,26319.0,8.2,651.0,10039.0,0.53,1,0,0
40.0,35362.0,2.2,641.0,21542.0,0.397,1,0,1
49.0,86062.0,3.3,835.0,50906.0,0.268,0,0,0
32.0,67777.0,5.9,572.0,38580.0,0.485,2,0,1
39.0,46223.0,2.7,696.0,2587.0,0.239,1,0,0
31.0,55455.0,2.4,734.0,3493.0,0.259,0,0,0
42.0,45070.0,3.7,638.0,4534.0,0.253,1,0,0
31.0,53487.0,8.7,653.0,3941.0,0.403,3,0,1
30.0,39037.0,4.7,634.0,24579.0,0.293,0,0,0
43.0,42361.0,12.5,666.0,19493.0,0.451,1,0,1
36.0,41785.0,9.6,728.0,17912.0,0.343,2,0,0
21.0,39674.0,0.4,646.0,4531.0,0.391,0,0,0
22.0,87979.0,0.6,850.0,55512.0,0.118,1,0,0
25.0,77780.0,2.1,629.0,9305.0,0.13,1,0,0
28.0,36153.0,4.4,759.0,7822.0,0.133,0,0,0
43.0,32132.0,8.1,702.0,21342.0,0.257,0,1,0
40.0,51242.0,2.8,669.0,29179.0,0.146,0,0,0
50.0,145069.0,27.2,777.0,17330.0,0.424,1,0,0
46.0,34635.0,19.2,558.0,3651.0,0.28,3,0,1
50.0,51151.0,2.0,691.0,18152.0,0.362,0,0,1
45.0,57240.0,22.4,621.0,28766.0,0.251,1,0,0
40.0,52376.0,3.5,631.0,12312.0,0.382,2,1,0
50.0,44752.0,2.9,628.0,21878.0,0.103,2,0,0
48.0,92492.0,4.9,595.0,29556.0,0.295,0,0,0
42.0,67481.0,20.7,555.0,33165.0,0.35,4,0,1
52.0,80475.0,7.1,691.0,47813.0,0.359,1,1,0
21.0,71705.0,0.8,656.0,48929.0,0.268,0,0,0
35.0,82237.0,9.5,644.0,16191.0,0.129,0,0,1
35.0,112204.0,7.6,717.0,12773.0,0.401,2,0,0
51.0,100113.0,11.2,697.0,13894.0,0.261,0,0,0
55.0,156569.0,3.3,643.0,27248.0,0.269,2,0,0
22.0,95120.0,1.5,850.0,27895.0,0.522,1,0,0
54.0,40694.0,13.2,738.0,2909.0,0.31,0,0,0
25.0,80530.0,2.7,833.0,54309.0,0.248,0,0,0
25.0,75719.0,0.3,631.0,52003.0,0.242,1,0,1
35.0,130512.0,12.0,683.0,76332.0,0.365,0,0,1
34.0,35592.0,10.0,578.0,11295.0,0.218,5,0,0
21.0,70698.0,0.5,637.0,41009.0,0.351,1,1,1
45.0,40482.0,12.5,625.0,19470.0,0.41,1,0,0
45.0,69268.0,8.6,850.0,37873.0,0.291,0,1,0
50.0,49934.0,10.1,617.0,5788.0,0.399,1,0,0
33.0,68244.0,0.9,644.0,48183.0,0.293,3,0,1
38.0,29157.0,12.1,564.0,9083.0,0.231,2,0,1
38.0,78593.0,0.8,698.0,19799.0,0.134,1,0,0
57.0,60344.0,0.1,597.0,20705.0,0.328,1,0,0
21.0,58899.0,0.0,724.0,13869.0,0.33,0,0,0
27.0,132282.0,1.5,536.0,105247.0,0.398,2,0,1
38.0,46303.0,10.3,657.0,24757.0,0.388,0,0,1
26.0,64158.0,4.1,533.0,46342.0,0.507,1,0,1
35.0,57539.0,6.4,629.0,43917.0,0.242,2,0,1
37.0,60127.0,6.8,643.0,29217.0,0.336,3,0,0
31.0,149477.0,6.2,621.0,97218.0,0.231,5,0,1
39.0,56602.0,11.2,631.0,41261.0,0.393,1,0,1
45.0,42609.0,21.0,739.0,6924.0,0.207,0,1,0
35.0,127643.0,12.6,819.0,32149.0,0.391,0,0,0
33.0,47888.0,10.7,689.0,16819.0,0.226,1,1,0
36.0,26709.0,13.7,607.0,13812.0,0.377,4,0,1
38.0,39407.0,15.8,672.0,24678.0,0.421,1,0,0
21.0,31386.0,0.6,635.0,9691.0,0.145,3,0,0
43.0,24468.0,13.7,729.0,16687.0,0.165,0,0,0
33.0,46711.0,9.5,685.0,25260.0,0.323,1,1,0
52.0,53289.0,6.3,553.0,17533.0,0.313,1,0,1
45.0,93557.0,8.8,741.0,52442.0,0.271,0,0,0
51.0,73008.0,28.2,742.0,50304.0,0.252,0,0,0
27.0,71526.0,3.6,766.0,21598.0,0.214,0,0,0
34.0,36796.0,0.7,624.0,12519.0,0.333,0,0,0
24.0,81904.0,1.8,682.0,46593.0,0.204,1,1,0
30.0,102862.0,1.6,578.0,38302.0,0.337,1,0,0
52.0,65686.0,11.3,662.0,12037.0,0.243,1,0,0
54.0,66518.0,18.7,697.0,45939.0,0.258,1,0,0
25.0,31132.0,2.7,617.0,6262.0,0.422,0,0,0
33.0,88396.0,6.4,687.0,20752.0,0.395,1,0,0
37.0,122573.0,0.3,672.0,85907.0,0.2,1,1,1
44.0,63603.0,10.9,634.0,33803.0,0.213,2,0,0
21.0,42093.0,0.0,758.0,15730.0,0.378,2,0,0
21.0,51133.0,0.4,644.0,17199.0,0.157,1,0,0
43.0,45520.0,15.1,677.0,8532.0,0.445,1,0,0
21.0,46765.0,0.1,557.0,4720.0,0.314,3,0,0
33.0,73621.0,12.0,702.0,53895.0,0.242,0,0,0
40.0,62370.0,12.5,633.0,5211.0,0.301,2,0,1
43.0,86410.0,4.9,729.0,8318.0,0.436,1,0,0
36.0,64990.0,6.5,571.0,39909.0,0.087,4,0,0
34.0,37281.0,1.4,691.0,26854.0,0.403,0,1,0
47.0,43905.0,0.6,508.0,25565.0,0.419,0,0,1
41.0,42694.0,19.4,713.0,9886.0,0.268,1,0,0
31.0,50573.0,7.3,651.0,12794.0,0.293,2,0,0
38.0,123341.0,14.4,695.0,95100.0,0.314,0,0,0
42.0,132560.0,13.8,625.0,76230.0,0.373,4,0,1
57.0,80142.0,33.5,610.0,53764.0,0.227,0,0,0
47.0,58019.0,23.9,642.0,22324.0,0.299,1,1,0
51.0,29802.0,1.8,674.0,18847.0,0.29,0,1,0
31.0,60724.0,2.1,701.0,47703.0,0.368,0,0,0
32.0,38545.0,4.8,684.0,12240.0,0.568,2,1,1
35.0,114556.0,5.3,597.0,33266.0,0.227,2,1,1
36.0,26698.0,8.6,793.0,2195.0,0.308,0,0,0
27.0,65389.0,1.8,684.0,39414.0,0.224,0,1,0
52.0,37111.0,25.5,629.0,8554.0,0.251,1,0,0
48.0,54765.0,0.2,690.0,13167.0,0.192,0,0,0
35.0,74222.0,11.6,684.0,38893.0,0.147,1,0,0
45.0,87114.0,9.9,653.0,52628.0,0.418,2,0,0
40.0,53518.0,0.1,640.0,19031.0,0.336,2,0,1
46.0,77469.0,22.0,740.0,58753.0,0.309,0,0,0
23.0,40822.0,1.4,782.0,6992.0,0.213,0,0,0
36.0,61426.0,11.9,523.0,27366.0,0.293,3,1,0
37.0,86343.0,15.3,754.0,44294.0,0.184,1,1,0
45.0,63865.0,0.9,662.0,32765.0,0.297,1,0,1
31.0,43342.0,2.9,678.0,23519.0,0.333,0,1,0
21.0,48510.0,0.1,755.0,25488.0,0.246,0,1,0
26.0,86867.0,0.6,474.0,55923.0,0.224,4,0,1
37.0,33650.0,16.4,725.0,22228.0,0.251,0,0,0
39.0,35959.0,15.1,757.0,28159.0,0.381,1,0,1
57.0,72100.0,13.3,618.0,54419.0,0.32,1,1,0
44.0,45138.0,16.8,571.0,19858.0,0.139,0,0,0
39.0,28601.0,17.4,783.0,16573.0,0.372,2,0,0
38.0,101008.0,3.9,539.0,35537.0,0.354,2,1,0
50.0,33532.0,0.4,690.0,18040.0,0.319,0,0,0
32.0,50279.0,9.5,736.0,2795.0,0.465,0,1,0
36.0,41619.0,11.9,694.0,13555.0,0.302,2,0,0
26.0,48104.0,1.0,700.0,35400.0,0.343,0,1,1
54.0,36939.0,16.5,650.0,20547.0,0.347,1,1,0
42.0,75850.0,3.6,694.0,4776.0,0.388,0,0,0
30.0,57812.0,6.2,613.0,25554.0,0.278,1,0,0
37.0,85625.0,10.8,625.0,27778.0,0.236,1,1,0
44.0,41813.0,6.5,666.0,27454.0,0.397,1,0,1
35.0,143623.0,11.9,558.0,19552.0,0.392,5,0,0
32.0,23342.0,5.7,703.0,11742.0,0.427,0,0,0
31.0,26951.0,7.6,490.0,15741.0,0.342,3,0,1
42.0,121052.0,13.9,692.0,60113.0,0.135,0,1,0
34.0,68078.0,6.3,695.0,17416.0,0.316,0,0,1
33.0,64133.0,3.8,606.0,41359.0,0.303,2,0,0
23.0,66780.0,0.7,574.0,43086.0,0.423,2,0,1
39.0,71121.0,14.1,638.0,22808.0,0.406,0,0,1
36.0,62943.0,10.3,710.0,15736.0,0.361,0,1,0
34.0,35612.0,4.1,686.0,19512.0,0.093,1,0,0
40.0,79481.0,19.5,592.0,25900.0,0.218,1,0,0
46.0,74042.0,21.3,678.0,22880.0,0.264,1,0,0
46.0,104598.0,3.3,680.0,40576.0,0.266,1,0,0
44.0,121661.0,3.9,677.0,47882.0,0.317,3,1,0
35.0,63819.0,8.4,595.0,42900.0,0.448,0,0,0
32.0,31656.0,1.2,672.0,24205.0,0.378,0,1,0
27.0,122116.0,6.3,727.0,71450.0,0.208,1,0,0
31.0,34784.0,7.3,701.0,4041.0,0.217,0,0,0
38.0,64034.0,1.2,689.0,19424.0,0.208,0,1,0
29.0,48999.0,4.1,777.0,9418.0,0.288,0,0,0
39.0,45311.0,4.2,674.0,24806.0,0.381,0,0,1
27.0,77577.0,3.6,603.0,38680.0,0.396,1,0,0
21.0,61396.0,0.2,601.0,48309.0,0.262,2,1,1
47.0,69289.0,22.5,684.0,26730.0,0.297,1,1,0
33.0,38102.0,9.2,564.0,4919.0,0.467,3,0,1
29.0,50856.0,8.0,642.0,25367.0,0.152,0,1,1
26.0,38902.0,1.2,693.0,12651.0,0.364,0,0,0
43.0,50287.0,8.7,746.0,9227.0,0.353,0,0,0
53.0,52138.0,26.7,565.0,17114.0,0.27,5,0,0
34.0,126125.0,5.1,669.0,28837.0,0.298,0,0,0
36.0,48941.0,5.9,658.0,9686.0,0.342,1,0,0
50.0,21133.0,29.4,677.0,8722.0,0.271,0,0,0
21.0,103041.0,0.8,670.0,67750.0,0.236,1,0,0
60.0,67323.0,34.1,675.0,48085.0,0.229,3,0,0
65.0,51851.0,18.3,767.0,12716.0,0.486,0,0,0
21.0,45177.0,0.6,747.0,17452.0,0.256,1,0,0
37.0,35917.0,7.6,814.0,24502.0,0.32,0,0,0
30.0,131559.0,4.5,662.0,104130.0,0.379,2,0,1
35.0,56298.0,1.9,632.0,38702.0,0.279,0,0,0
33.0,25162.0,11.3,598.0,10581.0,0.304,0,0,1
47.0,63740.0,10.5,629.0,44784.0,0.35,0,0,1
37.0,94643.0,9.8,715.0,54890.0,0.215,0,0,0
28.0,59011.0,6.8,724.0,7975.0,0.146,2,0,0
36.0,36657.0,12.5,714.0,4146.0,0.227,0,1,0
44.0,35211.0,4.7,616.0,26485.0,0.473,5,0,1
25.0,36399.0,3.1,615.0,27056.0,0.242,3,0,1
21.0,109080.0,0.5,797.0,42953.0,0.313,1,1,0
60.0,53255.0,10.4,607.0,29097.0,0.167,2,0,0
31.0,25840.0,0.4,759.0,7199.0,0.434,1,1,0
36.0,65378.0,10.4,694.0,37661.0,0.27,2,0,1
34.0,58604.0,10.6,614.0,22541.0,0.255,2,1,0
44.0,44940.0,22.6,588.0,13993.0,0.287,2,0,0
58.0,34749.0,13.3,618.0,13220.0,0.551,1,0,0
44.0,34076.0,9.7,694.0,13346.0,0.344,0,1,0
21.0,89686.0,0.2,596.0,67899.0,0.284,1,1,0
23.0,61480.0,2.7,770.0,43881.0,0.02,0,0,0
34.0,68219.0,11.6,651.0,13359.0,0.435,0,0,0
35.0,61404.0,14.4,716.0,15894.0,0.231,1,0,0
21.0,63739.0,0.5,704.0,17498.0,0.215,0,0,0
47.0,44547.0,5.7,776.0,2614.0,0.224,1,0,0
26.0,50135.0,3.5,631.0,22451.0,0.447,2,0,0
54.0,92902.0,12.8,674.0,38277.0,0.296,4,0,0
58.0,103949.0,13.2,569.0,14912.0,0.148,2,0,0
35.0,31734.0,1.3,668.0,25155.0,0.28,0,0,0
43.0,50080.0,1.7,741.0,31098.0,0.217,1,0,0
24.0,80239.0,1.7,676.0,15030.0,0.336,0,0,0
45.0,128287.0,23.0,833.0,74278.0,0.261,0,0,0
33.0,122635.0,9.1,701.0,37462.0,0.143,3,1,0
26.0,38446.0,4.6,624.0,20170.0,0.292,0,0,1
35.0,97622.0,3.5,694.0,39329.0,0.294,2,1,1
33.0,56471.0,9.5,562.0,8705.0,0.175,2,1,0
34.0,87999.0,5.9,607.0,34765.0,0.104,1,0,0
48.0,78418.0,1.7,576.0,60481.0,0.328,2,0,0
29.0,31142.0,3.7,663.0,19031.0,0.272,0,0,0
57.0,70444.0,4.9,658.0,36627.0,0.278,0,1,0
23.0,86479.0,2.9,746.0,59034.0,0.375,1,0,0
56.0,54503.0,30.1,668.0,36601.0,0.106,0,0,0
27.0,49229.0,2.0,591.0,35256.0,0.306,3,0,1
38.0,27115.0,11.0,775.0,3570.0,0.366,2,0,0
33.0,74811.0,4.6,456.0,11004.0,0.282,7,1,1
34.0,60417.0,2.2,664.0,39221.0,0.158,1,1,0
47.0,36319.0,17.4,684.0,28929.0,0.234,0,0,0
54.0,47499.0,26.2,672.0,22415.0,0.255,0,0,0
51.0,58960.0,24.1,707.0,45588.0,0.142,0,0,0
34.0,42775.0,2.0,669.0,23403.0,0.337,0,0,0
40.0,55066.0,10.3,700.0,6277.0,0.3,0,0,0
29.0,25025.0,0.2,618.0,18636.0,0.236,3,1,1
27.0,100945.0,0.6,558.0,68583.0,0.399,1,0,1
25.0,55395.0,0.4,657.0,25032.0,0.248,0,0,0
33.0,33536.0,0.8,589.0,20388.0,0.448,2,0,1
41.0,18183.0,6.9,612.0,5703.0,0.273,1,1,1
21.0,87396.0,0.4,741.0,44732.0,0.205,0,0,1
37.0,70702.0,12.2,775.0,25448.0,0.208,0,1,0
55.0,60470.0,11.4,746.0,26930.0,0.309,0,1,0
50.0,81124.0,4.3,729.0,42786.0,0.193,0,0,0
32.0,81023.0,10.9,670.0,7325.0,0.314,1,0,0
23.0,60029.0,2.3,732.0,7325.0,0.26,2,0,0
43.0,49055.0,2.9,686.0,5485.0,0.258,0,1,0
21.0,45587.0,0.4,797.0,22620.0,0.296,1,0,0
50.0,66470.0,5.1,598.0,23908.0,0.4,1,0,0
36.0,103131.0,15.0,715.0,43835.0,0.246,2,0,1
58.0,52511.0,13.6,578.0,22328.0,0.318,2,1,1
21.0,106884.0,0.1,708.0,8588.0,0.344,1,1,0
48.0,65056.0,20.4,550.0,42094.0,0.179,5,0,1
37.0,65277.0,12.0,581.0,37568.0,0.352,1,0,1
34.0,162330.0,3.5,572.0,91867.0,0.382,5,0,1
23.0,115704.0,0.9,678.0,8757.0,0.397,0,0,0
45.0,117062.0,10.2,690.0,63072.0,0.189,1,0,0
45.0,38413.0,6.8,835.0,16339.0,0.196,1,0,0
58.0,147498.0,10.9,659.0,91512.0,0.295,4,0,0
49.0,53002.0,23.3,726.0,6501.0,0.289,1,0,0
31.0,49648.0,8.6,676.0,30287.0,0.302,0,0,0
27.0,20815.0,4.8,711.0,16054.0,0.264,0,1,0
23.0,63699.0,2.0,671.0,43840.0,0.319,2,0,0
54.0,33778.0,17.9,746.0,24342.0,0.045,1,0,0
29.0,66092.0,3.3,588.0,7062.0,0.366,1,0,0
54.0,32610.0,24.7,501.0,14584.0,0.447,3,0,0
44.0,123507.0,2.8,691.0,29024.0,0.245,1,0,0
42.0,70495.0,3.1,535.0,32336.0,0.32,3,0,0
35.0,153435.0,1.8,753.0,88983.0,0.468,0,1,0
45.0,34708.0,18.5,631.0,21176.0,0.303,2,1,0
38.0,110439.0,10.5,593.0,87655.0,0.331,2,0,0
34.0,24437.0,6.3,850.0,18773.0,0.484,1,0,0
46.0,60399.0,12.2,665.0,14216.0,0.504,1,0,0
36.0,41393.0,13.6,652.0,30494.0,0.194,2,0,0
29.0,44959.0,1.1,713.0,32056.0,0.259,1,0,0
45.0,43594.0,9.4,722.0,25833.0,0.389,0,1,0
37.0,36442.0,13.1,746.0,8864.0,0.35,0,1,0
43.0,31202.0,15.4,574.0,5965.0,0.371,1,0,0
33.0,45071.0,5.7,700.0,16979.0,0.038,0,0,0
25.0,57948.0,1.1,640.0,4595.0,0.105,0,0,0
57.0,92851.0,35.1,613.0,24414.0,0.478,0,0,0
55.0,62818.0,14.3,671.0,6598.0,0.377,0,0,0
48.0,92970.0,24.3,545.0,41221.0,0.335,2,0,1
34.0,28280.0,10.7,730.0,14491.0,0.176,1,1,0
35.0,45263.0,12.7,646.0,6042.0,0.259,0,0,0
53.0,75738.0,0.6,627.0,53430.0,0.357,2,0,1
34.0,64185.0,6.7,654.0,7869.0,0.162,1,0,0
31.0,37330.0,2.9,650.0,12959.0,0.229,2,0,0
59.0,83736.0,10.6,745.0,35649.0,0.338,0,0,0
37.0,43305.0,4.7,586.0,21072.0,0.359,3,0,1
57.0,38765.0,14.6,641.0,11216.0,0.248,0,0,0
23.0,68474.0,1.1,645.0,40045.0,0.398,3,0,1
44.0,55153.0,15.0,593.0,16878.0,0.395,2,0,1
61.0,43468.0,12.2,677.0,10411.0,0.121,1,1,0
38.0,42809.0,5.0,612.0,16690.0,0.464,2,0,0
35.0,33985.0,5.4,564.0,4591.0,0.417,2,1,0
25.0,46028.0,3.5,699.0,35654.0,0.321,0,0,1
50.0,90228.0,0.0,768.0,41737.0,0.286,0,1,0
30.0,61398.0,7.1,667.0,9703.0,0.379,1,1,0
37.0,84665.0,5.7,656.0,54782.0,0.353,1,0,1
24.0,69378.0,2.5,653.0,40953.0,0.273,1,0,1
55.0,41755.0,26.7,637.0,15570.0,0.461,1,0,0
51.0,26186.0,15.7,750.0,20629.0,0.09,0,1,1
38.0,36243.0,11.4,672.0,15420.0,0.234,0,0,0
25.0,40661.0,4.9,510.0,8521.0,0.345,4,1,1
55.0,39270.0,1.0,744.0,25268.0,0.295,0,0,0
34.0,85524.0,4.9,729.0,63848.0,0.37,0,0,0
26.0,85123.0,5.4,705.0,21007.0,0.161,1,0,0
21.0,148811.0,0.8,468.0,8191.0,0.275,2,0,0
31.0,39004.0,6.7,663.0,19773.0,0.415,0,1,0
22.0,112864.0,0.5,723.0,67672.0,0.151,0,0,0
31.0,112551.0,3.7,688.0,27647.0,0.276,3,0,0
46.0,49542.0,22.5,686.0,38283.0,0.247,1,0,0
34.0,68063.0,9.7,728.0,11961.0,0.336,0,0,0
42.0,96126.0,6.3,673.0,62565.0,0.339,1,0,0
30.0,53561.0,1.3,745.0,37880.0,0.31,0,0,0
39.0,51726.0,14.6,679.0,9216.0,0.271,1,0,0
59.0,41473.0,22.5,677.0,17668.0,0.306,1,0,0
34.0,19017.0,13.6,729.0,1351.0,0.284,1,0,0
42.0,56772.0,9.0,637.0,30170.0,0.297,1,0,0
21.0,39961.0,0.3,583.0,18376.0,0.446,4,0,1
55.0,33900.0,10.1,665.0,21483.0,0.18,0,0,0
33.0,66508.0,6.1,704.0,28330.0,0.334,2,0,0
50.0,28624.0,9.5,730.0,9028.0,0.206,0,1,0
37.0,79049.0,1.2,726.0,12055.0,0.495,0,0,0
45.0,68371.0,7.7,659.0,6038.0,0.309,1,0,0
45.0,45936.0,5.6,651.0,20516.0,0.173,1,0,0
33.0,53455.0,10.6,624.0,39512.0,0.277,2,0,1
50.0,32193.0,7.1,681.0,20104.0,0.154,0,0,0
30.0,77091.0,4.4,547.0,26584.0,0.237,1,0,0
47.0,59838.0,17.9,671.0,47140.0,0.362,1,1,1
34.0,61878.0,2.0,850.0,11633.0,0.436,1,0,0
42.0,68936.0,11.6,561.0,55027.0,0.408,3,0,1
33.0,41192.0,10.9,676.0,9169.0,0.29,0,0,0
39.0,27764.0,10.8,692.0,4891.0,0.357,0,0,0
26.0,84616.0,3.0,697.0,58702.0,0.381,0,0,0
41.0,74983.0,17.4,601.0,30116.0,0.525,1,1,1
38.0,43225.0,17.5,705.0,31074.0,0.24,0,0,0
32.0,66117.0,9.9,628.0,40400.0,0.451,1,0,1
37.0,96875.0,7.1,564.0,16231.0,0.191,3,0,0
39.0,91813.0,11.9,733.0,12986.0,0.418,0,0,0
31.0,42661.0,5.9,709.0,16428.0,0.238,0,0,0
37.0,28146.0,5.0,595.0,13261.0,0.232,2,0,0
27.0,30404.0,3.0,623.0,11171.0,0.272,0,0,0
64.0,47801.0,36.3,638.0,9990.0,0.222,3,0,0
50.0,106205.0,8.9,549.0,22637.0,0.343,0,0,0
41.0,39628.0,18.7,723.0,17136.0,0.423,0,0,0
51.0,42055.0,30.6,731.0,2554.0,0.089,1,0,0
21.0,41668.0,0.3,637.0,15801.0,0.283,1,0,0
21.0,43296.0,0.1,658.0,3244.0,0.191,1,1,0
34.0,54723.0,13.0,675.0,38571.0,0.391,0,0,0
23.0,30917.0,0.5,677.0,15925.0,0.442,0,1,0
35.0,89595.0,11.9,572.0,15244.0,0.283,4,0,1
40.0,51530.0,0.8,695.0,32280.0,0.23,1,0,1
48.0,167829.0,6.6,581.0,70398.0,0.138,2,1,0
25.0,32435.0,1.4,708.0,14045.0,0.495,0,1,0
42.0,112480.0,6.7,589.0,27231.0,0.432,2,0,1
38.0,102867.0,16.7,577.0,35522.0,0.102,2,0,1
42.0,45699.0,3.8,660.0,32383.0,0.366,0,0,1
32.0,46042.0,2.1,658.0,7385.0,0.189,2,1,0
53.0,36334.0,23.0,679.0,18813.0,0.249,0,0,0
37.0,36522.0,16.1,606.0,7767.0,0.175,1,0,0
58.0,54985.0,14.6,681.0,21092.0,0.1,2,0,0
29.0,55515.0,7.2,684.0,24969.0,0.295,0,0,0
46.0,26743.0,0.8,742.0,3780.0,0.49,0,0,0
37.0,154379.0,14.3,680.0,16809.0,0.207,2,0,0
34.0,48938.0,10.4,623.0,20213.0,0.389,1,0,0
45.0,56648.0,22.4,577.0,20224.0,0.405,1,0,0
35.0,41493.0,9.4,558.0,30736.0,0.372,2,0,1
21.0,48773.0,0.9,683.0,27971.0,0.5,0,0,1
21.0,46819.0,0.4,716.0,33832.0,0.396,1,0,0
52.0,54928.0,23.4,609.0,40988.0,0.48,3,0,1
52.0,54640.0,22.9,689.0,3513.0,0.185,1,0,0
59.0,79006.0,10.4,653.0,56086.0,0.375,2,0,0
38.0,60921.0,16.4,718.0,46840.0,0.451,0,0,0
24.0,75510.0,2.9,722.0,29410.0,0.223,1,0,0
33.0,54758.0,11.6,507.0,28857.0,0.02,4,1,0
38.0,61032.0,6.6,736.0,18888.0,0.173,0,0,0
27.0,49341.0,5.8,681.0,6118.0,0.228,1,0,0
56.0,86378.0,11.4,628.0,21331.0,0.356,0,1,0
63.0,63594.0,40.0,645.0,7021.0,0.243,2,1,1
43.0,51224.0,0.6,663.0,21263.0,0.3,0,0,1
38.0,50540.0,11.1,630.0,27301.0,0.24,2,0,0
24.0,52362.0,0.4,595.0,2823.0,0.287,0,0,0
55.0,55759.0,25.2,623.0,12359.0,0.293,1,1,0
39.0,53623.0,6.9,591.0,5648.0,0.237,0,0,0
35.0,42771.0,12.9,761.0,33118.0,0.382,1,0,0
43.0,77598.0,20.3,674.0,50620.0,0.438,2,0,1
32.0,79835.0,4.3,820.0,5847.0,0.185,1,0,0
40.0,122740.0,15.9,694.0,81069.0,0.322,2,0,0
22.0,41917.0,1.5,702.0,28103.0,0.157,0,0,0
50.0,74235.0,12.8,592.0,48544.0,0.125,3,0,1
37.0,23295.0,5.8,648.0,16512.0,0.404,3,0,1
51.0,79870.0,6.5,668.0,32053.0,0.501,0,0,0
36.0,28556.0,1.0,616.0,6555.0,0.267,2,0,1
37.0,35318.0,8.5,632.0,24823.0,0.483,1,1,1
25.0,63869.0,2.5,691.0,43175.0,0.235,0,0,0
46.0,41582.0,11.7,697.0,10646.0,0.277,0,0,0
28.0,39098.0,8.0,570.0,18984.0,0.467,1,1,1
33.0,44220.0,0.2,680.0,20682.0,0.209,0,0,0
38.0,76376.0,15.3,706.0,31745.0,0.392,1,0,0
39.0,36145.0,15.5,626.0,18306.0,0.265,2,0,0
21.0,53676.0,0.8,612.0,6064.0,0.228,1,0,0
35.0,46383.0,8.1,695.0,18135.0,0.249,0,0,0
47.0,79542.0,5.1,482.0,20673.0,0.083,0,0,0
34.0,80552.0,11.9,666.0,4171.0,0.426,2,0,0
36.0,24082.0,11.6,780.0,10581.0,0.323,0,0,0
40.0,88026.0,16.5,486.0,28479.0,0.285,3,0,0
37.0,41783.0,3.9,720.0,15603.0,0.231,0,1,0
27.0,61170.0,3.7,700.0,8167.0,0.331,1,0,0
38.0,36047.0,7.3,563.0,15472.0,0.388,0,0,0
49.0,64997.0,18.5,706.0,16418.0,0.273,3,1,0
26.0,173372.0,4.8,733.0,8744.0,0.396,0,0,0
34.0,58239.0,2.4,579.0,36982.0,0.328,1,0,1
23.0,44719.0,0.5,611.0,23293.0,0.291,2,0,1
48.0,49544.0,1.2,662.0,22093.0,0.391,3,0,0
37.0,28397.0,2.7,730.0,14668.0,0.249,2,0,0
29.0,105569.0,2.1,623.0,30905.0,0.175,0,0,0
39.0,63316.0,1.4,658.0,9008.0,0.295,1,0,0
25.0,34306.0,1.7,614.0,10899.0,0.304,0,0,0
27.0,34813.0,4.5,664.0,22338.0,0.278,0,0,0
22.0,55380.0,1.5,734.0,28033.0,0.419,0,0,0
26.0,83658.0,2.2,668.0,53828.0,0.35,1,1,0
53.0,32766.0,2.8,636.0,23811.0,0.288,1,1,1
30.0,90773.0,7.5,661.0,21535.0,0.299,0,0,1
43.0,52778.0,9.0,608.0,38835.0,0.308,1,0,0
29.0,36188.0,2.2,591.0,19793.0,0.353,1,0,1
46.0,44562.0,12.4,750.0,20970.0,0.305,0,1,0
27.0,120806.0,6.5,778.0,51633.0,0.285,1,0,0
38.0,29448.0,6.9,538.0,11825.0,0.167,2,0,0
39.0,39566.0,17.8,710.0,4171.0,0.229,0,0,0
64.0,84436.0,11.0,726.0,7682.0,0.328,0,1,0
45.0,60627.0,2.6,576.0,18081.0,0.319,1,1,0
31.0,38524.0,1.8,628.0,7807.0,0.151,4,0,0
46.0,84901.0,19.8,629.0,9760.0,0.244,1,1,0
62.0,86736.0,22.3,804.0,5926.0,0.207,1,0,0
21.0,63845.0,0.6,776.0,50041.0,0.436,2,1,0
29.0,41752.0,8.5,600.0,8729.0,0.325,1,1,0
35.0,44750.0,7.8,562.0,35286.0,0.343,1,0,1
33.0,62517.0,1.6,715.0,28656.0,0.293,0,0,0
34.0,30477.0,10.3,703.0,5909.0,0.237,0,0,0
24.0,99967.0,0.8,747.0,15892.0,0.255,2,0,0
53.0,118206.0,19.4,596.0,23712.0,0.349,2,0,0
22.0,49459.0,2.0,712.0,15967.0,0.274,1,0,0
36.0,64559.0,7.5,613.0,13153.0,0.35,1,0,0
50.0,93779.0,9.3,708.0,62927.0,0.314,0,0,0
38.0,132600.0,10.2,662.0,43131.0,0.33,3,0,0
27.0,110827.0,0.9,794.0,49341.0,0.335,0,1,0
23.0,25187.0,1.0,692.0,10728.0,0.247,0,0,0
35.0,47719.0,7.8,642.0,25990.0,0.269,1,0,0
30.0,68899.0,2.5,671.0,54985.0,0.391,4,0,0
40.0,44033.0,0.8,653.0,16850.0,0.483,0,0,0
23.0,122680.0,1.5,580.0,35821.0,0.392,3,0,1
47.0,114497.0,10.8,800.0,89372.0,0.021,0,0,0
39.0,38098.0,7.5,776.0,30411.0,0.224,1,0,1
40.0,51124.0,20.0,658.0,32499.0,0.311,0,0,0
54.0,39253.0,3.8,711.0,25446.0,0.19,0,0,0
33.0,50377.0,2.0,805.0,17909.0,0.185,1,0,0
30.0,49694.0,8.8,751.0,22570.0,0.258,0,0,0
32.0,84500.0,1.6,639.0,26521.0,0.335,2,1,0
36.0,36875.0,14.6,661.0,18959.0,0.362,1,0,0
37.0,16942.0,11.4,545.0,11339.0,0.263,1,0,1
29.0,26717.0,4.7,717.0,8831.0,0.256,0,0,0
21.0,34626.0,0.3,747.0,15630.0,0.216,2,0,0
32.0,40947.0,4.3,750.0,25847.0,0.351,0,0,0
42.0,59833.0,18.1,718.0,12364.0,0.344,1,0,0
39.0,33833.0,1.1,685.0,17179.0,0.391,0,0,1
51.0,31891.0,24.0,602.0,20150.0,0.313,1,0,1
60.0,36201.0,32.7,699.0,3226.0,0.169,0,1,0
46.0,33291.0,18.6,625.0,7999.0,0.265,1,0,0
53.0,42855.0,1.8,698.0,2955.0,0.386,0,0,0
46.0,42037.0,19.6,616.0,2304.0,0.126,1,0,0
57.0,74994.0,26.6,710.0,30614.0,0.292,0,1,0
58.0,35235.0,0.5,753.0,20278.0,0.329,1,0,1
48.0,46825.0,25.4,699.0,15793.0,0.5,0,0,0
46.0,43038.0,3.4,685.0,22199.0,0.24,1,0,0
36.0,79149.0,15.1,731.0,15324.0,0.288,1,0,0
38.0,51311.0,1.2,785.0,34754.0,0.469,0,0,0
34.0,88248.0,3.4,654.0,28411.0,0.241,0,0,0
45.0,32746.0,17.1,705.0,19006.0,0.407,0,0,0
30.0,53792.0,1.4,766.0,7932.0,0.339,2,0,0
36.0,42444.0,2.9,708.0,28165.0,0.278,0,1,0
21.0,31678.0,0.0,520.0,13892.0,0.345,4,0,1
57.0,53354.0,30.5,625.0,41494.0,0.285,0,1,0
36.0,119959.0,0.6,713.0,42469.0,0.526,1,0,1
43.0,37469.0,14.6,639.0,26407.0,0.093,1,0,1
54.0,51934.0,19.8,771.0,18648.0,0.272,0,0,0
41.0,30473.0,10.9,796.0,3989.0,0.275,1,0,0
54.0,28522.0,12.7,625.0,16136.0,0.287,1,0,1
24.0,38593.0,1.3,588.0,7226.0,0.408,1,0,0
64.0,44918.0,40.0,655.0,29192.0,0.255,0,1,0
50.0,45825.0,23.5,642.0,13800.0,0.349,1,0,1
40.0,49681.0,18.7,777.0,30669.0,0.323,0,0,0
54.0,26195.0,24.7,600.0,10768.0,0.384,2,0,0
25.0,41499.0,4.3,714.0,18789.0,0.286,0,1,0
35.0,68932.0,14.3,764.0,41426.0,0.332,0,1,0
54.0,29848.0,15.4,725.0,16380.0,0.288,0,0,0
21.0,46877.0,0.9,691.0,25696.0,0.201,1,1,0
44.0,62747.0,1.0,649.0,34148.0,0.46,0,0,0
44.0,38680.0,2.6,791.0,18913.0,0.224,1,0,0
60.0,64137.0,19.4,653.0,42034.0,0.252,3,0,1
21.0,27739.0,0.5,727.0,7629.0,0.214,0,1,0
56.0,82034.0,15.6,657.0,15273.0,0.34,0,0,0
32.0,64841.0,6.4,534.0,38994.0,0.252,1,0,0
33.0,56395.0,7.0,645.0,25653.0,0.452,1,0,0
25.0,91241.0,4.0,651.0,66191.0,0.353,0,0,0
26.0,47424.0,2.1,651.0,36697.0,0.272,0,1,0
42.0,41650.0,7.1,617.0,29169.0,0.209,3,1,0
26.0,102001.0,4.0,706.0,46989.0,0.289,0,0,1
46.0,125924.0,17.0,720.0,77518.0,0.352,0,1,0
31.0,40257.0,8.9,643.0,12107.0,0.295,1,0,0
25.0,52256.0,1.4,639.0,3191.0,0.286,1,0,0
32.0,88023.0,0.1,586.0,55926.0,0.198,2,0,1
42.0,53100.0,20.5,688.0,33778.0,0.524,1,0,0
35.0,71873.0,0.7,757.0,4027.0,0.28,0,0,0
38.0,78141.0,12.5,763.0,54519.0,0.163,1,0,0
46.0,42704.0,8.3,622.0,30366.0,0.192,0,0,0
50.0,66421.0,12.7,806.0,19294.0,0.266,0,0,0
35.0,54847.0,12.2,641.0,3452.0,0.494,1,0,0
27.0,31809.0,2.7,590.0,22489.0,0.283,2,0,1
39.0,35233.0,2.7,566.0,3625.0,0.263,0,0,0
43.0,41007.0,17.5,593.0,9192.0,0.384,3,1,0
22.0,83527.0,0.0,683.0,38166.0,0.392,1,1,0
28.0,84770.0,2.3,643.0,56152.0,0.366,3,0,0
30.0,77076.0,5.4,618.0,49048.0,0.32,3,0,0
36.0,67046.0,6.9,604.0,37605.0,0.19,2,0,0
30.0,66228.0,6.0,587.0,44473.0,0.225,0,0,0
46.0,62317.0,9.8,603.0,35151.0,0.141,1,0,0
21.0,66072.0,0.4,731.0,34904.0,0.278,0,0,0
21.0,68118.0,0.3,786.0,11973.0,0.258,0,0,0
34.0,29234.0,12.7,797.0,11107.0,0.247,0,0,0
36.0,38541.0,0.3,708.0,14975.0,0.328,1,0,0
22.0,34616.0,1.9,626.0,2211.0,0.234,4,1,0
31.0,90518.0,4.1,615.0,32056.0,0.266,1,0,0
34.0,115778.0,5.0,715.0,25508.0,0.251,1,0,0
34.0,20723.0,9.9,648.0,2430.0,0.297,2,0,1
40.0,111219.0,7.6,693.0,51132.0,0.336,1,0,0
31.0,57189.0,6.6,798.0,13025.0,0.166,0,0,0
54.0,86752.0,31.0,691.0,16724.0,0.345,2,0,0
43.0,69078.0,19.8,829.0,44217.0,0.326,0,0,0
29.0,105163.0,4.7,583.0,69152.0,0.342,3,0,1
39.0,60444.0,13.6,698.0,32981.0,0.313,0,0,0
39.0,29778.0,7.6,686.0,5725.0,0.336,0,1,0
51.0,52446.0,24.3,603.0,27509.0,0.258,1,0,0
31.0,69365.0,1.9,717.0,40578.0,0.344,0,0,1
46.0,49906.0,1.2,768.0,11228.0,0.414,1,0,0
38.0,73944.0,10.0,819.0,11070.0,0.25,0,0,0
54.0,53398.0,7.4,692.0,20032.0,0.254,1,0,0
52.0,42071.0,23.5,539.0,15492.0,0.363,1,0,1
40.0,33739.0,2.0,694.0,5566.0,0.245,1,1,0
35.0,46109.0,0.1,712.0,8935.0,0.228,2,0,0
44.0,60304.0,15.9,652.0,25612.0,0.342,3,1,0
36.0,22774.0,8.0,679.0,10147.0,0.257,0,0,0
56.0,38718.0,34.7,644.0,17554.0,0.422,1,1,0
39.0,22395.0,4.7,653.0,17614.0,0.253,6,0,1
34.0,41665.0,1.7,732.0,3321.0,0.218,0,0,0
33.0,94266.0,0.3,757.0,60304.0,0.3,0,0,1
25.0,32252.0,2.1,572.0,10122.0,0.344,1,1,0
44.0,75471.0,2.4,625.0,46391.0,0.332,4,1,1
29.0,198206.0,7.0,552.0,119236.0,0.354,5,0,0
50.0,105787.0,2.2,790.0,54468.0,0.245,0,1,0
24.0,58406.0,3.5,723.0,30568.0,0.414,2,0,0
39.0,80934.0,10.5,525.0,44327.0,0.134,4,0,1
51.0,29695.0,21.3,666.0,18135.0,0.222,1,0,0
21.0,27094.0,0.1,640.0,4029.0,0.304,1,0,0
60.0,55715.0,3.6,609.0,17864.0,0.23,3,0,0
33.0,65806.0,4.7,735.0,44847.0,0.269,1,1,0
40.0,90000.0,10.2,736.0,41482.0,0.202,0,1,0
44.0,42580.0,14.0,686.0,6502.0,0.279,0,0,0
46.0,60001.0,8.6,619.0,46275.0,0.346,2,0,1
41.0,59082.0,5.7,619.0,46727.0,0.246,3,0,1
49.0,51842.0,28.4,677.0,22526.0,0.212,0,0,0
44.0,53235.0,6.5,631.0,23950.0,0.254,1,0,0
57.0,37439.0,5.2,662.0,10072.0,0.41,0,0,0
44.0,62377.0,8.5,703.0,27266.0,0.41,0,0,0
60.0,60046.0,12.0,559.0,46631.0,0.252,1,0,0
48.0,45120.0,11.8,613.0,10871.0,0.351,1,0,0
21.0,74212.0,0.6,658.0,20665.0,0.298,0,1,0
67.0,87344.0,28.2,784.0,63161.0,0.428,0,0,0
32.0,74601.0,8.2,723.0,25237.0,0.319,2,0,0
54.0,34406.0,5.4,662.0,26816.0,0.28,1,0,0
38.0,57522.0,0.8,689.0,17958.0,0.46,0,0,1
50.0,36496.0,23.5,665.0,1952.0,0.208,0,1,0
30.0,57442.0,2.3,737.0,43960.0,0.332,0,0,0
45.0,36560.0,7.9,694.0,8326.0,0.437,0,0,0
35.0,97715.0,6.9,753.0,55755.0,0.367,0,0,0
55.0,78244.0,25.3,578.0,6693.0,0.224,2,0,0
43.0,92405.0,3.7,605.0,56477.0,0.218,1,0,1
48.0,88288.0,25.5,692.0,18987.0,0.159,0,1,0
21.0,48694.0,0.3,695.0,31661.0,0.448,0,0,1
37.0,45413.0,16.8,836.0,35193.0,0.187,2,0,0
43.0,120435.0,6.4,537.0,10107.0,0.371,3,0,0
40.0,51061.0,14.8,665.0,16646.0,0.157,1,0,0
49.0,29897.0,10.8,660.0,17545.0,0.556,1,0,0
34.0,86547.0,11.7,682.0,69007.0,0.165,0,0,0
39.0,58676.0,8.6,786.0,18910.0,0.304,0,0,0
51.0,108311.0,27.0,735.0,86241.0,0.421,1,0,1
21.0,61355.0,0.8,548.0,44445.0,0.23,1,0,1
44.0,54507.0,14.3,775.0,32131.0,0.356,0,0,0
34.0,109299.0,3.6,767.0,36771.0,0.272,0,1,0
28.0,27523.0,2.1,679.0,12459.0,0.339,1,0,0
42.0,42263.0,21.5,558.0,24946.0,0.408,1,0,0
52.0,36893.0,29.2,664.0,20819.0,0.257,3,0,0
49.0,20482.0,4.1,695.0,5454.0,0.45,0,0,1
37.0,81472.0,3.4,731.0,38122.0,0.335,0,0,0
48.0,42798.0,3.0,538.0,28943.0,0.495,2,0,1
48.0,82661.0,5.5,609.0,33586.0,0.217,2,0,0
37.0,65524.0,4.9,739.0,31103.0,0.236,0,0,0
30.0,72280.0,8.7,769.0,21370.0,0.277,0,0,0
31.0,44809.0,1.0,691.0,7621.0,0.179,0,0,0
47.0,38995.0,24.0,752.0,3879.0,0.393,0,0,0
38.0,57267.0,17.0,700.0,20304.0,0.292,0,0,0
26.0,83176.0,1.8,728.0,43570.0,0.185,0,1,0
21.0,53767.0,0.5,670.0,33336.0,0.218,0,0,1
47.0,40103.0,14.4,701.0,4533.0,0.213,1,1,0
32.0,32065.0,2.5,576.0,9263.0,0.392,3,0,0
42.0,60292.0,15.8,718.0,39548.0,0.346,1,1,1
52.0,42863.0,18.3,582.0,5752.0,0.287,1,0,0
24.0,53253.0,0.4,711.0,42334.0,0.263,1,1,0
38.0,49397.0,15.7,637.0,25909.0,0.276,0,1,0
36.0,45030.0,4.9,688.0,33999.0,0.478,1,0,0
42.0,62774.0,3.5,595.0,37521.0,0.277,3,0,0
52.0,70588.0,31.1,640.0,54558.0,0.386,1,0,1
23.0,133181.0,0.3,686.0,73116.0,0.267,0,0,0
44.0,77356.0,1.4,714.0,19421.0,0.468,1,0,0
49.0,112673.0,7.0,740.0,73260.0,0.178,1,1,0
36.0,38052.0,5.1,582.0,8354.0,0.381,2,0,0
36.0,26760.0,7.2,558.0,12678.0,0.224,3,0,1
43.0,54644.0,15.5,599.0,18021.0,0.521,1,1,0
42.0,80919.0,8.0,589.0,52543.0,0.37,3,0,0
44.0,75404.0,13.7,777.0,46721.0,0.13,0,0,0
44.0,94865.0,0.1,754.0,66208.0,0.207,0,0,0
27.0,17565.0,2.8,592.0,4131.0,0.369,1,0,0
49.0,96657.0,27.3,793.0,77149.0,0.366,0,0,0
51.0,63962.0,23.9,762.0,41833.0,0.358,1,0,0
40.0,27454.0,14.9,553.0,9335.0,0.316,1,0,0
22.0,76166.0,0.5,588.0,11101.0,0.268,2,0,1
37.0,59359.0,8.2,548.0,18524.0,0.409,5,0,1
40.0,65293.0,17.0,662.0,8464.0,0.214,0,1,0
25.0,86223.0,4.8,664.0,44105.0,0.305,3,0,1
34.0,66750.0,10.0,666.0,8991.0,0.238,0,0,0
22.0,28348.0,1.1,519.0,10571.0,0.23,4,0,1
45.0,51572.0,1.8,561.0,28399.0,0.254,2,0,1
40.0,26560.0,2.4,679.0,10353.0,0.226,1,0,0
21.0,73656.0,0.0,704.0,52387.0,0.355,2,0,0
42.0,103174.0,7.9,523.0,23807.0,0.152,4,0,1
37.0,31459.0,0.4,571.0,13934.0,0.343,2,0,0
44.0,40657.0,10.3,737.0,29878.0,0.237,1,0,0
34.0,36976.0,8.2,578.0,11644.0,0.303,0,0,0
29.0,44839.0,5.5,662.0,18139.0,0.283,1,0,1
30.0,66216.0,5.3,570.0,49638.0,0.25,2,1,1
32.0,45058.0,2.7,720.0,19126.0,0.421,1,1,0
38.0,73771.0,9.5,524.0,51506.0,0.263,3,1,0
40.0,88833.0,19.2,648.0,67099.0,0.37,1,0,1
36.0,90299.0,7.1,729.0,21859.0,0.372,0,0,1
33.0,33253.0,11.7,709.0,21261.0,0.273,1,1,0
34.0,102617.0,5.4,630.0,55445.0,0.174,0,1,0
66.0,106385.0,28.4,625.0,84048.0,0.212,0,1,0
30.0,110613.0,4.6,646.0,54110.0,0.428,0,0,0
32.0,51230.0,8.2,574.0,33022.0,0.349,1,0,1
70.0,39213.0,40.0,673.0,12127.0,0.314,0,0,0
43.0,35319.0,10.0,659.0,17829.0,0.243,2,0,0
23.0,33500.0,2.1,632.0,21237.0,0.473,0,1,0
47.0,55290.0,24.1,742.0,42860.0,0.213,0,0,0
28.0,80549.0,6.3,588.0,19242.0,0.314,1,0,0
48.0,99016.0,0.7,541.0,10810.0,0.35,4,0,1
36.0,44205.0,0.0,623.0,34578.0,0.169,1,0,1
33.0,54051.0,11.6,674.0,27132.0,0.224,0,0,0
56.0,52481.0,26.0,666.0,3303.0,0.254,0,1,0
44.0,41325.0,23.2,661.0,18182.0,0.386,2,0,0
49.0,76586.0,8.4,585.0,57596.0,0.256,1,0,1
43.0,64755.0,18.0,600.0,51048.0,0.156,1,0,0
33.0,58625.0,10.5,631.0,17252.0,0.147,0,0,0
45.0,64623.0,21.2,631.0,41128.0,0.223,1,0,0
51.0,72551.0,21.7,748.0,28587.0,0.151,1,0,0
39.0,72225.0,2.7,680.0,25171.0,0.377,2,0,0
58.0,37713.0,25.8,636.0,23331.0,0.381,1,0,0
47.0,82326.0,16.5,745.0,20785.0,0.301,0,0,0
40.0,61698.0,6.8,695.0,22815.0,0.274,1,0,0
41.0,45230.0,4.3,567.0,10624.0,0.374,3,1,0
40.0,61114.0,17.3,442.0,9594.0,0.37,1,0,1
24.0,64222.0,0.6,567.0,21481.0,0.201,2,0,0
37.0,89491.0,7.2,705.0,68856.0,0.215,0,1,0
40.0,34349.0,12.7,729.0,12508.0,0.371,0,0,0
33.0,99841.0,13.0,550.0,56152.0,0.327,2,0,1
42.0,55576.0,14.6,713.0,14661.0,0.361,0,0,0
38.0,43797.0,5.6,706.0,30615.0,0.211,1,0,0
47.0,43198.0,1.6,758.0,22406.0,0.225,1,0,0
45.0,35048.0,8.0,731.0,26736.0,0.346,0,1,0
40.0,25126.0,5.8,758.0,7399.0,0.232,0,0,0
23.0,74602.0,2.4,695.0,33834.0,0.148,0,0,0
58.0,134120.0,14.2,699.0,25923.0,0.233,0,0,0
36.0,26560.0,1.6,637.0,4035.0,0.279,0,0,0
37.0,35861.0,14.9,725.0,17537.0,0.47,0,0,0
34.0,77134.0,0.3,567.0,50335.0,0.216,2,0,0
33.0,53882.0,0.0,650.0,10768.0,0.294,0,0,0
55.0,80064.0,16.6,706.0,46212.0,0.504,0,0,0
53.0,52539.0,2.3,760.0,29089.0,0.191,1,0,0
43.0,42353.0,4.1,629.0,17446.0,0.366,1,0,0
37.0,49685.0,16.6,736.0,31062.0,0.229,0,1,0
45.0,18829.0,20.9,657.0,9328.0,0.34,1,0,0
39.0,32877.0,14.4,736.0,24982.0,0.533,1,1,0
36.0,84273.0,10.7,609.0,52483.0,0.379,1,0,0
42.0,94037.0,1.0,711.0,67231.0,0.315,0,1,0
33.0,103556.0,11.0,659.0,33244.0,0.205,1,0,0
41.0,67069.0,9.8,582.0,44148.0,0.282,1,1,0
40.0,19928.0,2.0,650.0,15823.0,0.243,3,0,0
45.0,41330.0,7.4,756.0,7133.0,0.155,0,0,0
31.0,99826.0,5.6,591.0,43263.0,0.087,1,0,0
46.0,114172.0,0.4,556.0,79550.0,0.217,3,1,0
28.0,101547.0,2.0,689.0,35285.0,0.297,0,0,0
32.0,49453.0,3.9,545.0,21323.0,0.412,2,0,0
32.0,30550.0,5.6,772.0,18658.0,0.226,0,0,0
26.0,54004.0,0.0,768.0,36103.0,0.319,2,0,0
49.0,55368.0,16.5,741.0,11054.0,0.13,1,0,0
27.0,111256.0,1.5,660.0,38198.0,0.22,2,0,0
30.0,60937.0,6.2,780.0,21077.0,0.055,1,0,0
52.0,55414.0,7.6,758.0,9122.0,0.523,0,1,0
32.0,56849.0,4.7,625.0,6729.0,0.32,3,0,1
36.0,65843.0,9.9,766.0,40067.0,0.317,1,0,0
27.0,72910.0,4.5,598.0,50235.0,0.354,3,0,1
47.0,39698.0,0.8,647.0,30327.0,0.553,3,0,1
47.0,34172.0,14.6,542.0,26217.0,0.256,3,0,1
46.0,101909.0,21.3,681.0,81121.0,0.202,3,0,0
44.0,26281.0,4.9,642.0,2950.0,0.5,0,1,1
39.0,114930.0,10.0,633.0,39949.0,0.177,2,0,1
32.0,23278.0,5.5,651.0,2598.0,0.43,1,1,0
29.0,42279.0,7.7,623.0,23609.0,0.293,1,0,0
52.0,85172.0,14.1,670.0,66374.0,0.343,0,0,1
46.0,55008.0,24.9,762.0,4264.0,0.156,0,0,0
30.0,30414.0,6.8,589.0,13527.0,0.559,2,0,1
38.0,66635.0,10.4,726.0,29982.0,0.262,1,0,0
35.0,56684.0,4.3,677.0,9775.0,0.23,1,0,0
26.0,49905.0,3.3,688.0,33691.0,0.355,1,0,0
40.0,41536.0,2.6,659.0,14373.0,0.236,1,0,0
33.0,54150.0,5.6,613.0,19784.0,0.342,3,0,0
28.0,42329.0,2.1,692.0,32655.0,0.174,0,0,0
22.0,164494.0,1.2,697.0,38745.0,0.315,0,0,1
21.0,49369.0,0.8,604.0,16741.0,0.24,1,0,0
34.0,46486.0,12.9,573.0,29175.0,0.222,4,1,1
37.0,43103.0,3.8,668.0,17672.0,0.206,1,0,0
28.0,122359.0,7.4,717.0,61493.0,0.389,1,1,0
45.0,26305.0,21.3,741.0,10742.0,0.265,0,0,0
37.0,64656.0,14.9,752.0,16972.0,0.282,1,0,0
44.0,49385.0,18.0,695.0,8497.0,0.343,2,0,0
36.0,28986.0,4.3,644.0,19931.0,0.414,3,0,0
29.0,38044.0,8.2,664.0,9755.0,0.208,0,0,0
39.0,63432.0,11.5,579.0,50620.0,0.322,3,0,1
24.0,37276.0,3.0,614.0,2145.0,0.209,0,1,0
44.0,61814.0,4.9,659.0,43979.0,0.279,1,0,0
28.0,119755.0,1.2,642.0,91077.0,0.407,1,1,1
48.0,59389.0,7.8,670.0,5584.0,0.065,0,0,0
34.0,28596.0,7.3,567.0,14889.0,0.208,1,0,0
50.0,37573.0,12.4,586.0,23934.0,0.277,2,0,1
26.0,48371.0,5.0,717.0,24743.0,0.338,0,0,0
31.0,46938.0,0.1,602.0,33330.0,0.422,2,0,1
42.0,58894.0,1.8,614.0,8796.0,0.13,2,0,0
51.0,63303.0,10.0,672.0,48210.0,0.442,0,0,0
56.0,119830.0,6.1,598.0,55467.0,0.352,1,1,0
38.0,54908.0,7.5,741.0,16927.0,0.276,3,0,0
58.0,32748.0,27.4,586.0,14537.0,0.153,1,0,0
35.0,92439.0,14.7,667.0,28146.0,0.243,0,0,0
50.0,97095.0,6.1,611.0,38021.0,0.403,2,0,1
28.0,61065.0,2.0,672.0,10219.0,0.303,1,0,0
43.0,49228.0,17.4,634.0,33646.0,0.282,1,0,1
21.0,72783.0,0.3,658.0,24907.0,0.203,6,0,0
26.0,50016.0,4.0,747.0,20019.0,0.373,1,1,0
43.0,21808.0,13.5,619.0,15967.0,0.285,3,0,1
24.0,70874.0,3.0,613.0,51755.0,0.276,1,0,1
43.0,82175.0,0.8,638.0,52679.0,0.29,3,0,0
48.0,105196.0,27.4,777.0,7628.0,0.235,0,0,1
32.0,39587.0,12.0,660.0,28890.0,0.218,1,0,0
27.0,60892.0,0.2,746.0,11664.0,0.148,0,1,0
33.0,61488.0,6.4,651.0,23287.0,0.238,1,0,0
27.0,57154.0,3.0,745.0,41565.0,0.12,0,0,0
37.0,57917.0,4.3,691.0,7024.0,0.349,0,1,0
39.0,55927.0,18.7,708.0,8379.0,0.233,0,0,0
35.0,60499.0,2.6,561.0,29163.0,0.261,3,0,1
56.0,76757.0,9.6,554.0,30763.0,0.296,3,1,1
30.0,95246.0,0.1,735.0,32599.0,0.22,0,0,0
53.0,39134.0,19.3,744.0,25721.0,0.182,0,0,0
27.0,50897.0,5.6,832.0,36697.0,0.322,0,0,0
39.0,45475.0,11.7,562.0,36088.0,0.489,0,0,1
51.0,42639.0,20.2,704.0,6064.0,0.391,0,1,0
50.0,26579.0,2.0,589.0,14809.0,0.428,2,0,1
33.0,55603.0,9.6,613.0,39117.0,0.17,0,1,0
44.0,68240.0,9.9,630.0,15722.0,0.281,1,0,1
43.0,51292.0,10.7,692.0,21031.0,0.28,0,1,0
32.0,54779.0,7.1,617.0,3033.0,0.443,2,0,0
45.0,66396.0,24.2,674.0,10023.0,0.392,0,0,0
58.0,103787.0,28.8,733.0,14963.0,0.284,0,0,0
43.0,45533.0,15.9,747.0,26440.0,0.071,0,0,0
44.0,32463.0,10.5,714.0,16773.0,0.184,0,0,0
45.0,52807.0,0.9,692.0,4173.0,0.363,0,0,0
22.0,128372.0,1.0,651.0,63772.0,0.268,0,0,0
43.0,32620.0,15.2,628.0,3298.0,0.289,0,0,0
27.0,73692.0,4.8,700.0,14860.0,0.361,2,0,0
32.0,92610.0,7.0,590.0,67237.0,0.413,3,1,1
62.0,18970.0,12.5,675.0,7312.0,0.222,0,0,0
35.0,66151.0,3.4,586.0,42072.0,0.359,4,0,0
30.0,72159.0,0.9,658.0,20618.0,0.461,2,1,0
51.0,48766.0,21.6,597.0,6490.0,0.443,1,0,1
28.0,41118.0,7.4,636.0,29446.0,0.247,1,0,1
33.0,42163.0,6.9,616.0,7289.0,0.329,0,0,0
52.0,47441.0,21.4,615.0,14812.0,0.375,1,0,0
38.0,48009.0,12.8,660.0,27650.0,0.302,2,1,0
21.0,44101.0,0.2,490.0,21779.0,0.275,2,0,1
44.0,47102.0,4.6,536.0,35138.0,0.127,3,1,1
34.0,93990.0,2.8,718.0,74323.0,0.213,0,0,1
55.0,31844.0,32.6,687.0,5094.0,0.23,1,1,0
31.0,25035.0,0.2,609.0,5506.0,0.174,4,0,0
50.0,94669.0,16.0,736.0,50115.0,0.311,3,0,0
58.0,50447.0,14.2,622.0,8074.0,0.387,4,0,0
29.0,46184.0,5.7,622.0,21090.0,0.258,2,0,0
36.0,52315.0,3.5,607.0,17244.0,0.08,1,0,0
42.0,60431.0,21.4,804.0,43275.0,0.288,1,0,0
29.0,43446.0,2.8,678.0,32088.0,0.327,0,1,0
41.0,69062.0,19.4,683.0,16860.0,0.321,0,0,0
36.0,35670.0,9.1,697.0,4343.0,0.228,0,0,0
35.0,48015.0,6.3,533.0,38091.0,0.18,2,1,1
39.0,20302.0,13.6,625.0,3297.0,0.389,1,1,0
39.0,93209.0,10.4,697.0,16785.0,0.335,0,1,0
40.0,50810.0,2.7,661.0,12150.0,0.232,0,0,0
31.0,74357.0,8.0,818.0,22727.0,0.15,0,0,0
32.0,68155.0,6.9,626.0,10962.0,0.322,2,0,0
37.0,70439.0,9.4,731.0,20545.0,0.21,0,0,0
38.0,54808.0,12.9,723.0,3646.0,0.338,2,0,0
33.0,65499.0,8.6,674.0,42623.0,0.316,0,0,0
42.0,35686.0,7.9,687.0,8838.0,0.508,1,1,0
21.0,32470.0,0.3,640.0,21538.0,0.292,1,0,1
30.0,52554.0,2.5,523.0,28126.0,0.5,4,0,1
35.0,40505.0,8.6,689.0,16624.0,0.308,0,0,0
29.0,104459.0,2.6,691.0,81396.0,0.233,1,0,1
56.0,65115.0,4.3,703.0,22139.0,0.194,1,0,0
38.0,39842.0,14.3,672.0,7323.0,0.212,0,0,0
40.0,48674.0,4.2,730.0,23513.0,0.343,1,1,0
33.0,58392.0,2.1,600.0,9057.0,0.313,2,0,1
38.0,53342.0,15.1,770.0,13742.0,0.116,1,0,0
25.0,62154.0,3.3,592.0,45423.0,0.402,0,0,1
36.0,56726.0,12.4,659.0,40793.0,0.448,0,0,0
28.0,29416.0,2.7,709.0,11746.0,0.115,1,0,0
35.0,20893.0,9.2,629.0,8539.0,0.401,2,0,1
21.0,46489.0,0.9,713.0,22086.0,0.468,0,0,0
26.0,70778.0,1.6,637.0,8008.0,0.12,1,0,0
54.0,46724.0,2.4,669.0,11208.0,0.253,3,0,0
47.0,95946.0,4.6,650.0,46533.0,0.215,0,0,0
53.0,53852.0,29.2,634.0,15664.0,0.397,0,1,0
53.0,101298.0,9.4,822.0,21277.0,0.259,1,0,0
45.0,92360.0,12.5,607.0,49460.0,0.255,2,1,0
33.0,88271.0,7.0,503.0,41913.0,0.342,5,0,1
27.0,32001.0,6.3,607.0,9450.0,0.456,5,0,0
51.0,55426.0,9.2,674.0,41738.0,0.294,1,0,1
39.0,95353.0,9.8,638.0,60384.0,0.253,1,0,0
65.0,62171.0,40.0,751.0,30906.0,0.272,0,0,0
34.0,70583.0,2.8,730.0,14618.0,0.366,0,0,0
60.0,29453.0,23.7,650.0,15789.0,0.167,1,0,0
36.0,130424.0,1.0,543.0,73794.0,0.298,1,0,1
53.0,38521.0,8.6,574.0,18719.0,0.206,2,0,0
57.0,22417.0,2.5,659.0,11847.0,0.18,2,0,0
27.0,46961.0,2.2,552.0,8062.0,0.106,4,0,1
33.0,18283.0,2.6,636.0,5508.0,0.249,2,0,0
27.0,33752.0,5.3,762.0,24236.0,0.408,2,0,1
24.0,173932.0,2.1,685.0,26583.0,0.102,1,0,0
45.0,46354.0,10.3,668.0,22819.0,0.354,0,0,0
36.0,28929.0,11.0,593.0,20922.0,0.235,0,0,0
39.0,55630.0,17.6,682.0,3372.0,0.194,1,0,1
44.0,36720.0,7.3,646.0,28471.0,0.334,2,0,1
21.0,81155.0,0.1,677.0,57824.0,0.431,0,0,1
52.0,36857.0,3.5,713.0,21609.0,0.45,1,0,1
34.0,62126.0,12.1,729.0,36148.0,0.328,0,0,0
44.0,32824.0,20.2,679.0,23003.0,0.293,0,1,0
45.0,177132.0,11.8,702.0,31573.0,0.339,1,0,0
53.0,68990.0,4.9,627.0,39666.0,0.548,1,0,1
37.0,51514.0,8.9,744.0,15845.0,0.271,0,1,0
21.0,48207.0,0.7,598.0,34069.0,0.413,2,0,1
39.0,42872.0,6.2,649.0,19292.0,0.241,1,0,1
40.0,39053.0,1.7,747.0,24383.0,0.217,1,1,0
27.0,38573.0,2.1,627.0,6761.0,0.477,2,0,0
40.0,117048.0,13.6,573.0,27100.0,0.3,5,0,1
34.0,42891.0,13.7,638.0,29107.0,0.322,1,0,1
23.0,21096.0,0.6,758.0,7308.0,0.355,0,0,0
45.0,32546.0,23.2,513.0,14511.0,0.211,2,0,1
32.0,83497.0,5.4,670.0,49610.0,0.256,1,0,0
34.0,49096.0,9.0,620.0,8703.0,0.236,0,0,0
33.0,51780.0,11.2,654.0,14337.0,0.333,2,0,0
52.0,93107.0,17.6,644.0,27395.0,0.337,4,0,1
38.0,38769.0,1.1,728.0,28592.0,0.24,0,0,0
39.0,73107.0,5.0,666.0,11199.0,0.503,0,0,0
33.0,40723.0,10.6,736.0,13377.0,0.297,0,0,0
43.0,71270.0,12.8,756.0,54841.0,0.31,0,0,0
53.0,46123.0,10.8,667.0,31187.0,0.434,0,0,1
45.0,49335.0,14.7,642.0,27275.0,0.213,0,0,0
46.0,79551.0,6.9,690.0,36728.0,0.248,1,0,0
45.0,77011.0,5.9,703.0,52294.0,0.329,0,0,0
23.0,51054.0,2.3,580.0,38791.0,0.152,2,0,1
28.0,44483.0,3.3,678.0,33053.0,0.276,1,0,0
36.0,112950.0,4.3,644.0,59790.0,0.505,3,1,1
30.0,71703.0,4.1,633.0,42728.0,0.483,2,0,1
26.0,46123.0,5.8,615.0,29126.0,0.39,1,0,1
21.0,40995.0,0.2,616.0,26934.0,0.418,1,0,1
23.0,87229.0,0.6,748.0,52320.0,0.349,0,0,0
35.0,57932.0,5.4,637.0,10715.0,0.257,2,0,0
37.0,51097.0,1.0,741.0,31664.0,0.464,0,0,0
29.0,57921.0,0.7,670.0,19854.0,0.205,2,0,1
39.0,64029.0,0.2,581.0,12796.0,0.397,2,0,0
33.0,53615.0,1.9,674.0,6804.0,0.249,0,0,0
50.0,94537.0,19.2,586.0,21766.0,0.255,0,0,0
36.0,96935.0,3.2,704.0,41761.0,0.354,0,1,0
46.0,69873.0,9.7,650.0,16431.0,0.503,1,1,0
40.0,102100.0,14.3,727.0,56097.0,0.443,0,0,0
23.0,55211.0,0.1,760.0,42694.0,0.334,1,1,0
37.0,75037.0,3.6,540.0,6231.0,0.306,2,0,1
24.0,86430.0,4.4,630.0,12791.0,0.378,0,0,0
37.0,86999.0,10.0,580.0,20485.0,0.437,3,0,0
30.0,83057.0,6.5,814.0,54259.0,0.124,1,0,0
42.0,73066.0,11.5,635.0,18519.0,0.287,3,0,0
23.0,132693.0,3.1,570.0,25696.0,0.195,4,0,0
38.0,43141.0,2.6,818.0,7103.0,0.278,0,0,0
44.0,51289.0,1.6,610.0,8331.0,0.174,2,0,0
48.0,49939.0,22.8,558.0,29457.0,0.119,3,0,1
30.0,46605.0,0.0,579.0,27082.0,0.168,1,0,1
38.0,22475.0,10.2,675.0,6368.0,0.245,1,0,0
40.0,102107.0,0.0,663.0,39524.0,0.359,0,0,0
55.0,34661.0,12.2,608.0,18063.0,0.219,2,0,0
22.0,59368.0,1.1,627.0,46384.0,0.213,0,0,0
28.0,29006.0,4.4,666.0,17617.0,0.34,0,0,0
69.0,72723.0,27.3,766.0,47435.0,0.329,0,0,0
35.0,38625.0,2.4,685.0,30255.0,0.47,0,1,0
21.0,32988.0,0.3,621.0,11078.0,0.393,1,1,0
32.0,60027.0,8.2,648.0,6112.0,0.197,1,0,0
21.0,40125.0,0.0,714.0,24483.0,0.233,2,0,1
41.0,42477.0,12.3,784.0,5982.0,0.375,0,0,0
47.0,59420.0,13.9,590.0,22517.0,0.211,1,1,0
28.0,78833.0,2.7,739.0,47598.0,0.268,0,0,0
33.0,38056.0,4.3,640.0,17839.0,0.129,2,0,0
48.0,35209.0,22.5,558.0,11456.0,0.169,2,0,1
21.0,55584.0,0.4,533.0,24222.0,0.426,2,1,1
23.0,70105.0,0.3,754.0,16399.0,0.317,1,0,0
35.0,106226.0,14.9,769.0,11218.0,0.237,0,1,0
30.0,33962.0,1.3,621.0,12205.0,0.251,2,0,1
35.0,47667.0,11.8,651.0,4468.0,0.472,2,0,0
24.0,93358.0,0.1,535.0,73262.0,0.234,1,1,1
40.0,133650.0,7.4,717.0,51552.0,0.347,2,0,0
36.0,35179.0,8.4,662.0,25039.0,0.387,0,0,1
44.0,39443.0,0.7,552.0,30129.0,0.444,3,0,1
40.0,65289.0,14.8,682.0,25269.0,0.215,0,1,0
40.0,42408.0,5.3,565.0,15490.0,0.16,2,1,0
22.0,39083.0,1.1,700.0,28142.0,0.19,0,1,0
43.0,61396.0,18.6,593.0,4667.0,0.373,4,0,1
34.0,110451.0,8.5,688.0,45882.0,0.499,2,1,1
36.0,30510.0,7.4,618.0,7672.0,0.377,1,0,0
50.0,107941.0,9.9,499.0,66337.0,0.234,3,0,1
30.0,42465.0,0.5,730.0,28772.0,0.419,0,0,0
53.0,64260.0,30.0,749.0,33094.0,0.253,0,0,0
54.0,112530.0,20.1,634.0,39971.0,0.217,0,0,0
46.0,63671.0,16.6,688.0,29687.0,0.267,1,0,0
27.0,48109.0,3.2,692.0,23121.0,0.242,1,0,0
21.0,75983.0,0.4,693.0,39994.0,0.23,0,1,0
50.0,50877.0,1.4,781.0,37733.0,0.422,1,0,1
39.0,69543.0,3.2,691.0,16471.0,0.248,0,0,0
30.0,50160.0,4.2,637.0,10091.0,0.141,1,1,0
51.0,81033.0,7.5,694.0,15612.0,0.359,0,1,0
29.0,29369.0,0.4,630.0,16826.0,0.205,1,0,1
33.0,34857.0,7.3,589.0,25399.0,0.208,1,0,1
44.0,29175.0,11.0,751.0,8609.0,0.37,0,0,0
26.0,53621.0,2.4,699.0,19599.0,0.227,1,0,0
37.0,27634.0,13.2,536.0,21448.0,0.255,2,0,1
50.0,40286.0,18.0,621.0,6404.0,0.304,3,1,0
40.0,33413.0,0.0,713.0,23712.0,0.271,0,0,0
52.0,107038.0,24.2,563.0,82362.0,0.257,3,0,1
50.0,35217.0,14.7,615.0,22878.0,0.066,4,1,1
38.0,30827.0,9.3,850.0,9319.0,0.283,0,1,0
21.0,61503.0,0.9,637.0,33223.0,0.461,0,0,1
26.0,117496.0,0.6,736.0,31555.0,0.363,0,0,0
46.0,52201.0,15.8,773.0,7341.0,0.262,0,1,0
21.0,54050.0,0.3,597.0,7055.0,0.347,2,1,0
34.0,98315.0,0.5,679.0,5605.0,0.363,0,1,0
42.0,81658.0,9.5,809.0,64001.0,0.216,2,0,0
54.0,66604.0,9.7,697.0,36054.0,0.426,2,0,1
32.0,42321.0,0.0,826.0,12312.0,0.316,0,0,0
31.0,67526.0,5.4,618.0,32703.0,0.269,0,0,0
37.0,29814.0,5.4,789.0,15334.0,0.459,1,0,0
42.0,41541.0,9.5,666.0,7776.0,0.093,0,1,0
36.0,104741.0,0.2,637.0,27929.0,0.182,0,0,0
50.0,98813.0,11.9,711.0,45499.0,0.364,0,0,0
29.0,66967.0,4.3,654.0,45527.0,0.367,0,0,1
39.0,23084.0,9.0,659.0,3398.0,0.465,0,0,0
43.0,31933.0,16.4,702.0,22153.0,0.074,0,0,0
34.0,40511.0,13.5,540.0,20528.0,0.386,2,0,1
47.0,50910.0,0.8,604.0,21242.0,0.175,1,0,0
40.0,31332.0,7.8,714.0,4949.0,0.342,1,0,0
47.0,49229.0,22.9,741.0,22765.0,0.293,1,0,0
40.0,121829.0,12.6,691.0,38403.0,0.385,0,1,0
42.0,65872.0,21.8,690.0,12629.0,0.276,1,0,0
31.0,60692.0,7.9,692.0,43090.0,0.401,0,0,1
31.0,34794.0,8.0,731.0,13758.0,0.217,0,0,0
51.0,26306.0,2.4,561.0,2889.0,0.292,3,0,1
45.0,31647.0,6.9,628.0,8754.0,0.319,3,0,0
27.0,25832.0,3.9,657.0,4808.0,0.468,0,0,0
40.0,56889.0,10.4,679.0,42919.0,0.383,1,0,0
21.0,65371.0,0.8,513.0,15185.0,0.32,2,0,1
32.0,35622.0,11.6,578.0,15310.0,0.364,2,0,1
49.0,58786.0,5.9,662.0,35809.0,0.409,2,1,0
37.0,106525.0,7.1,734.0,17990.0,0.337,0,0,1
39.0,132727.0,16.7,639.0,50186.0,0.197,3,0,1
21.0,77790.0,0.8,614.0,42004.0,0.363,3,1,1
34.0,50839.0,11.2,703.0,36170.0,0.297,1,0,0
42.0,76668.0,13.5,644.0,41445.0,0.265,2,0,0
43.0,101053.0,23.0,733.0,11122.0,0.221,1,0,0
49.0,22289.0,10.2,650.0,6490.0,0.358,1,0,0
36.0,107154.0,1.8,583.0,33560.0,0.351,1,0,0
36.0,43046.0,2.1,761.0,14688.0,0.204,0,0,0
23.0,43233.0,1.5,747.0,32693.0,0.189,0,0,0
36.0,46881.0,12.7,599.0,3599.0,0.489,3,0,0
24.0,63521.0,1.9,689.0,17572.0,0.386,2,0,1
21.0,33357.0,0.6,637.0,13988.0,0.309,0,0,1
26.0,48384.0,2.2,704.0,5554.0,0.361,0,0,0
55.0,69666.0,24.7,611.0,28748.0,0.253,4,0,0
35.0,60685.0,2.3,722.0,7910.0,0.283,1,0,0
40.0,65281.0,10.6,749.0,44282.0,0.302,1,0,1
32.0,47539.0,2.3,595.0,12007.0,0.396,0,0,0
21.0,75151.0,0.5,665.0,33236.0,0.159,0,0,0
48.0,88475.0,12.2,751.0,45453.0,0.198,0,0,0
21.0,86119.0,0.6,590.0,24053.0,0.178,1,0,0
32.0,66670.0,6.1,616.0,20900.0,0.385,1,0,0
37.0,83918.0,17.0,715.0,36327.0,0.29,0,1,0
41.0,81395.0,18.5,658.0,53238.0,0.208,2,0,0
30.0,183417.0,2.9,551.0,71444.0,0.278,2,1,1
21.0,95151.0,0.1,638.0,39789.0,0.237,1,0,1
29.0,52847.0,0.6,783.0,26260.0,0.157,0,0,0
30.0,36491.0,1.9,805.0,13462.0,0.426,2,0,0
29.0,48902.0,2.1,616.0,29075.0,0.285,3,0,1
49.0,47372.0,25.5,609.0,2543.0,0.428,0,0,0
25.0,69233.0,4.3,630.0,28542.0,0.155,0,0,0
41.0,40134.0,4.9,789.0,29790.0,0.35,0,1,0
40.0,94049.0,15.0,726.0,48146.0,0.156,1,0,0
49.0,29430.0,23.9,774.0,12208.0,0.545,1,0,0
37.0,26382.0,6.2,733.0,16595.0,0.127,0,0,0
47.0,51756.0,23.3,579.0,17843.0,0.48,2,0,0
36.0,37644.0,15.9,602.0,15074.0,0.298,1,0,0
43.0,31222.0,22.0,622.0,6131.0,0.282,1,0,0
21.0,41291.0,1.1,624.0,5911.0,0.359,3,0,1
21.0,39043.0,0.4,613.0,2700.0,0.206,0,1,0
42.0,55251.0,5.0,623.0,33075.0,0.379,0,0,0
43.0,41601.0,22.6,716.0,16688.0,0.386,0,0,0
43.0,43152.0,6.4,673.0,32559.0,0.301,2,0,1
32.0,54880.0,5.4,748.0,10022.0,0.325,0,0,0
54.0,86812.0,9.1,682.0,20226.0,0.493,0,1,1
33.0,106609.0,6.4,616.0,56401.0,0.365,1,1,0
43.0,58782.0,2.5,674.0,5346.0,0.222,1,0,0
45.0,60875.0,19.9,564.0,26028.0,0.375,4,0,1
57.0,50648.0,18.6,507.0,7227.0,0.246,5,0,1
35.0,68299.0,6.1,708.0,11682.0,0.227,0,0,0
31.0,65558.0,3.9,733.0,28457.0,0.351,0,0,0
22.0,99880.0,0.9,665.0,47623.0,0.199,0,1,0
55.0,23510.0,27.4,646.0,4914.0,0.305,3,0,1
43.0,49492.0,20.4,576.0,12543.0,0.367,5,0,1
43.0,64070.0,19.3,751.0,16855.0,0.491,0,0,0
70.0,54353.0,22.3,706.0,8499.0,0.364,0,1,0
42.0,36043.0,18.0,689.0,27908.0,0.153,0,0,0
24.0,30650.0,1.9,661.0,17444.0,0.169,0,0,0
36.0,79058.0,10.1,632.0,10525.0,0.473,3,0,0
27.0,39123.0,4.9,585.0,12436.0,0.237,5,0,1
34.0,24969.0,5.5,680.0,4481.0,0.148,1,0,0
34.0,80866.0,6.6,626.0,18259.0,0.2,1,0,0
32.0,67618.0,8.0,634.0,51025.0,0.379,2,0,0
23.0,52206.0,0.8,781.0,7965.0,0.311,1,0,0
56.0,36444.0,26.5,670.0,25870.0,0.365,2,0,0
41.0,52263.0,7.5,492.0,35611.0,0.297,2,0,1
36.0,95045.0,9.1,627.0,57764.0,0.19,1,1,0
46.0,26595.0,22.1,601.0,11237.0,0.121,2,1,0
43.0,27209.0,0.5,651.0,6633.0,0.217,2,0,0
41.0,41465.0,5.1,563.0,27915.0,0.312,2,0,1
46.0,54345.0,14.3,698.0,36713.0,0.182,0,0,0
39.0,43992.0,2.1,640.0,19532.0,0.398,1,0,0
45.0,73450.0,5.2,629.0,6295.0,0.2,1,0,0
46.0,89775.0,19.7,680.0,17481.0,0.135,1,1,0
40.0,62351.0,0.5,655.0,5740.0,0.3,1,0,0
36.0,70777.0,9.5,655.0,13085.0,0.376,2,0,0
55.0,62164.0,1.2,645.0,26812.0,0.449,0,0,0
33.0,55236.0,1.5,659.0,38148.0,0.139,3,0,1
42.0,30730.0,8.7,688.0,16592.0,0.442,1,0,0
43.0,34631.0,21.8,686.0,17339.0,0.319,0,0,0
31.0,29947.0,6.2,742.0,18296.0,0.238,0,0,0
29.0,51445.0,2.8,623.0,27262.0,0.368,3,0,0
34.0,61060.0,5.8,680.0,23360.0,0.436,0,0,1
33.0,28650.0,7.2,835.0,18953.0,0.132,0,0,0
22.0,56826.0,1.2,658.0,16061.0,0.257,1,0,0
31.0,37095.0,2.9,661.0,27676.0,0.246,1,0,0
41.0,33994.0,4.1,574.0,4662.0,0.363,4,0,0
52.0,41510.0,15.8,618.0,21928.0,0.446,1,0,0
44.0,33219.0,15.5,660.0,14131.0,0.307,1,1,0
21.0,72264.0,0.8,698.0,26689.0,0.271,1,0,0
45.0,50995.0,14.9,713.0,18985.0,0.345,0,0,0
32.0,79375.0,8.2,687.0,6481.0,0.277,0,0,0
43.0,45049.0,11.1,722.0,27644.0,0.083,0,0,0
38.0,45822.0,10.1,595.0,14400.0,0.352,1,1,1
36.0,127786.0,10.1,699.0,52070.0,0.399,0,1,0
37.0,26495.0,4.0,663.0,18168.0,0.407,1,0,1
38.0,98037.0,16.6,677.0,47336.0,0.184,0,1,0
53.0,115801.0,11.3,640.0,79738.0,0.361,0,0,1
38.0,77630.0,10.8,599.0,11863.0,0.453,2,0,0
50.0,47400.0,16.8,583.0,12389.0,0.553,3,0,1
48.0,104526.0,24.2,695.0,23095.0,0.348,2,0,0
45.0,47586.0,2.9,696.0,34012.0,0.398,0,0,0
21.0,40034.0,0.9,651.0,25468.0,0.201,1,0,0
50.0,46183.0,4.1,661.0,31200.0,0.188,3,1,0
33.0,42553.0,1.9,611.0,20277.0,0.399,0,0,0
46.0,35922.0,22.3,706.0,7743.0,0.096,0,0,0
27.0,90635.0,1.9,665.0,30159.0,0.316,1,1,0
25.0,38833.0,3.0,636.0,17969.0,0.443,2,0,1
60.0,54271.0,18.4,730.0,3486.0,0.371,1,1,0
27.0,28721.0,7.0,709.0,15215.0,0.371,0,0,0
51.0,55768.0,23.9,564.0,38544.0,0.295,1,0,1
39.0,32693.0,6.5,667.0,9619.0,0.259,2,0,0
33.0,32334.0,10.9,598.0,18102.0,0.515,1,0,1
38.0,52361.0,4.0,672.0,21608.0,0.423,1,0,0
24.0,88497.0,2.3,441.0,4689.0,0.385,5,1,1
38.0,67055.0,13.4,681.0,17635.0,0.303,1,0,0
26.0,69161.0,4.3,712.0,30839.0,0.242,0,0,0
34.0,51877.0,9.0,657.0,30798.0,0.408,0,0,0
48.0,47290.0,23.4,590.0,16624.0,0.269,4,1,0
41.0,78519.0,11.6,803.0,14894.0,0.308,0,0,0
22.0,42687.0,1.6,742.0,4089.0,0.362,0,0,0
47.0,80064.0,4.0,625.0,46919.0,0.321,0,0,1
38.0,95920.0,6.4,645.0,31057.0,0.455,4,0,0
32.0,37664.0,9.4,526.0,20163.0,0.168,2,1,0
46.0,40239.0,8.1,697.0,8704.0,0.307,0,0,1
36.0,43025.0,7.2,568.0,26504.0,0.514,4,0,1
25.0,28423.0,4.0,709.0,8763.0,0.39,0,0,0
58.0,44527.0,20.6,742.0,3975.0,0.28,0,0,0
38.0,98789.0,3.3,657.0,42744.0,0.38,0,0,0
37.0,34358.0,3.0,587.0,20566.0,0.295,3,0,1
34.0,99850.0,4.1,749.0,74825.0,0.447,3,1,0
51.0,45254.0,9.4,665.0,35214.0,0.382,1,0,0
32.0,142401.0,1.7,667.0,55866.0,0.213,0,1,0
21.0,40468.0,0.8,595.0,20594.0,0.324,2,0,0
31.0,51549.0,3.0,675.0,24121.0,0.342,2,0,1
53.0,36516.0,26.1,659.0,16438.0,0.347,0,1,0
47.0,40361.0,26.4,580.0,5485.0,0.332,3,0,0
35.0,100435.0,5.0,756.0,55556.0,0.356,0,0,0
53.0,68093.0,32.1,799.0,52701.0,0.342,0,0,0
46.0,87383.0,5.0,734.0,12679.0,0.228,0,0,0
35.0,30427.0,9.8,726.0,8638.0,0.254,0,1,0
36.0,73848.0,16.0,792.0,7960.0,0.275,1,0,0
42.0,35523.0,17.5,595.0,12507.0,0.31,2,0,0
29.0,30131.0,2.0,587.0,12391.0,0.275,2,0,1
38.0,61239.0,4.6,633.0,19505.0,0.41,3,0,1
41.0,60957.0,5.6,684.0,24836.0,0.204,1,1,0
21.0,56336.0,0.9,640.0,36744.0,0.127,0,0,0
36.0,75962.0,3.9,591.0,15986.0,0.497,0,1,1
35.0,81487.0,7.5,664.0,50398.0,0.218,2,0,0
49.0,106560.0,10.3,659.0,68728.0,0.41,1,0,0
21.0,32191.0,0.4,719.0,15640.0,0.361,0,1,0
34.0,108120.0,5.6,666.0,30975.0,0.222,1,1,0
33.0,128300.0,4.4,529.0,96530.0,0.287,1,1,1
49.0,46643.0,17.1,696.0,15062.0,0.272,2,0,0
38.0,25959.0,7.5,774.0,2270.0,0.336,0,0,0
58.0,29511.0,16.7,670.0,4488.0,0.223,0,0,0
45.0,44679.0,12.8,735.0,32110.0,0.282,1,0,0
33.0,136142.0,4.8,627.0,22121.0,0.296,1,0,0
41.0,55424.0,15.6,707.0,21369.0,0.41,1,0,0
34.0,41662.0,7.1,611.0,23705.0,0.259,2,0,0
47.0,40403.0,14.0,650.0,19403.0,0.202,0,0,0
23.0,30329.0,0.7,644.0,16379.0,0.246,1,0,0
29.0,81524.0,0.3,694.0,25404.0,0.337,0,0,0
43.0,52768.0,18.6,612.0,28847.0,0.123,0,1,0
51.0,141494.0,26.9,571.0,8039.0,0.42,2,0,0
21.0,72968.0,0.2,693.0,18055.0,0.302,2,0,0
53.0,79902.0,11.9,696.0,11402.0,0.343,2,0,0
36.0,49323.0,5.9,671.0,19307.0,0.322,0,0,0
21.0,33662.0,0.7,726.0,5365.0,0.233,0,0,0
21.0,37122.0,0.2,646.0,17096.0,0.192,1,0,0
21.0,29701.0,1.2,680.0,5509.0,0.23,0,0,0
38.0,82848.0,1.1,636.0,29883.0,0.149,0,1,0
37.0,46253.0,16.8,650.0,4887.0,0.335,1,0,0
45.0,84433.0,1.7,685.0,32083.0,0.284,1,0,0
32.0,58469.0,3.8,821.0,38355.0,0.147,0,1,0
26.0,48210.0,1.5,713.0,13869.0,0.238,4,0,0
33.0,32493.0,3.5,700.0,18837.0,0.365,0,0,0
38.0,62996.0,18.3,723.0,23276.0,0.429,1,0,0
41.0,49847.0,9.4,500.0,11248.0,0.172,2,0,0
29.0,82543.0,1.1,683.0,22915.0,0.516,0,0,0
48.0,39861.0,27.4,737.0,11039.0,0.204,1,1,0
31.0,72572.0,2.7,667.0,44036.0,0.13,0,0,0
28.0,115090.0,0.6,657.0,23099.0,0.476,1,1,0
32.0,62177.0,0.3,594.0,48705.0,0.196,1,0,0
50.0,78313.0,13.8,637.0,44295.0,0.452,2,0,0
37.0,71142.0,15.2,609.0,24961.0,0.234,2,1,0
30.0,129215.0,0.2,730.0,103178.0,0.271,0,0,0
48.0,65010.0,20.4,775.0,13790.0,0.169,0,1,0
62.0,75363.0,10.8,801.0,46890.0,0.428,2,0,0
40.0,54109.0,4.4,603.0,13701.0,0.414,2,0,0
52.0,38817.0,22.2,624.0,17766.0,0.234,0,0,0
49.0,31933.0,22.0,619.0,2900.0,0.293,0,1,0
31.0,97266.0,6.3,592.0,66612.0,0.366,1,1,1
38.0,34938.0,3.7,592.0,11341.0,0.253,1,0,0
24.0,76936.0,0.0,624.0,37573.0,0.436,3,1,0
36.0,66323.0,11.6,727.0,49442.0,0.289,1,0,0
31.0,83124.0,6.7,613.0,6042.0,0.248,1,0,0
34.0,43629.0,5.7,737.0,33856.0,0.142,1,0,0
30.0,38533.0,2.1,757.0,17104.0,0.171,0,0,0
35.0,65209.0,11.3,686.0,41444.0,0.359,3,0,0
44.0,48220.0,1.7,747.0,19519.0,0.324,2,0,0
37.0,31607.0,10.7,570.0,20921.0,0.382,4,0,0
21.0,131587.0,0.7,621.0,93482.0,0.244,3,1,1
30.0,38521.0,2.2,674.0,12953.0,0.136,0,0,0
21.0,35170.0,0.6,676.0,20820.0,0.25,4,0,0
41.0,49322.0,10.8,765.0,39407.0,0.504,0,0,0
44.0,96652.0,13.9,597.0,59716.0,0.204,2,0,1
41.0,20745.0,18.8,632.0,15925.0,0.296,0,0,1
29.0,93110.0,5.1,657.0,56095.0,0.059,2,1,0
41.0,36495.0,1.4,624.0,10854.0,0.248,2,0,0
33.0,61953.0,4.4,589.0,41531.0,0.259,4,0,1
25.0,40574.0,3.4,628.0,22306.0,0.333,5,0,0
46.0,134787.0,8.7,647.0,10082.0,0.268,2,0,0
47.0,58172.0,20.7,772.0,10432.0,0.148,0,0,0
48.0,39993.0,5.4,591.0,9836.0,0.234,0,0,0
31.0,48031.0,1.6,718.0,29187.0,0.28,0,0,0
51.0,57264.0,7.2,753.0,37098.0,0.2,2,0,0
33.0,59578.0,11.0,630.0,39927.0,0.215,3,0,1
45.0,67006.0,17.2,687.0,6728.0,0.401,1,0,0
32.0,54965.0,6.4,704.0,5723.0,0.238,0,0,0
36.0,29595.0,4.7,691.0,8126.0,0.344,0,0,0
21.0,47191.0,0.9,666.0,26471.0,0.282,1,0,0
35.0,72264.0,13.0,619.0,49258.0,0.177,2,0,0
39.0,40686.0,7.6,710.0,28563.0,0.267,0,0,0
33.0,74447.0,10.2,639.0,15309.0,0.329,0,0,0
57.0,55791.0,34.1,679.0,34900.0,0.474,2,1,0
25.0,49867.0,1.6,673.0,26458.0,0.223,1,0,0
32.0,94132.0,3.9,722.0,70133.0,0.291,0,0,0
28.0,25158.0,4.4,797.0,15841.0,0.391,0,0,0
32.0,40587.0,4.8,611.0,18121.0,0.426,2,0,0
49.0,95768.0,22.3,675.0,61042.0,0.235,0,1,0
54.0,125318.0,18.4,565.0,35240.0,0.284,1,1,0
30.0,153858.0,2.2,765.0,98409.0,0.411,1,0,0
30.0,56261.0,3.6,665.0,35775.0,0.351,0,0,1
25.0,67585.0,3.5,641.0,46729.0,0.403,1,1,0
52.0,79454.0,1.7,665.0,18417.0,0.417,2,0,1
50.0,97623.0,10.4,672.0,67043.0,0.355,0,1,0
37.0,63321.0,0.3,609.0,11194.0,0.314,1,1,0
23.0,83438.0,2.2,744.0,52476.0,0.233,0,1,1
24.0,67642.0,0.4,705.0,50558.0,0.276,1,1,0
40.0,69570.0,1.5,716.0,5346.0,0.282,2,0,0
44.0,36382.0,18.9,622.0,18901.0,0.42,3,0,1
21.0,47427.0,0.1,609.0,25833.0,0.318,1,0,0
34.0,43471.0,9.9,657.0,28750.0,0.319,0,0,0
56.0,32212.0,13.6,723.0,4095.0,0.201,0,0,0
36.0,26157.0,12.8,702.0,19149.0,0.42,0,1,0
54.0,45454.0,6.3,609.0,36151.0,0.223,2,0,0
45.0,48842.0,2.1,708.0,27062.0,0.272,0,0,0
26.0,57662.0,1.4,593.0,21476.0,0.431,2,0,0
35.0,70627.0,13.8,621.0,37168.0,0.389,1,0,0
37.0,59859.0,13.8,678.0,5449.0,0.215,2,0,0
28.0,48995.0,2.1,579.0,30121.0,0.192,1,0,0
27.0,36435.0,1.5,593.0,3734.0,0.28,0,0,0
55.0,81615.0,5.4,771.0,23827.0,0.242,0,0,0
27.0,52537.0,1.6,756.0,8120.0,0.153,1,0,0
50.0,45247.0,6.1,823.0,26901.0,0.225,3,0,0
33.0,50574.0,11.7,697.0,25075.0,0.025,0,0,0
38.0,39551.0,0.4,705.0,22718.0,0.39,0,0,1
44.0,43316.0,21.3,660.0,4263.0,0.384,3,0,0
31.0,42701.0,0.5,636.0,13998.0,0.441,3,0,1
44.0,48329.0,20.0,731.0,17139.0,0.335,3,0,0
21.0,73879.0,0.4,756.0,37072.0,0.255,0,0,0
43.0,66058.0,1.8,716.0,8373.0,0.402,1,0,0
21.0,110318.0,0.8,602.0,59067.0,0.23,2,0,1
36.0,94880.0,4.0,689.0,32831.0,0.167,1,1,1
47.0,132651.0,24.1,618.0,96761.0,0.285,1,0,0
45.0,70736.0,18.7,647.0,27400.0,0.341,0,0,0
24.0,70227.0,3.6,776.0,8887.0,0.219,0,0,0
25.0,44168.0,4.3,578.0,5634.0,0.195,1,1,0
30.0,79761.0,2.5,813.0,19200.0,0.258,0,0,0
40.0,40939.0,8.2,703.0,9410.0,0.341,0,0,0
21.0,28378.0,0.7,628.0,18375.0,0.285,0,0,1
38.0,109309.0,5.6,668.0,64688.0,0.564,1,0,1
41.0,31350.0,11.7,618.0,3370.0,0.286,3,0,0
35.0,67008.0,3.5,623.0,46140.0,0.375,0,0,0
44.0,37010.0,15.8,673.0,4519.0,0.155,0,1,0
40.0,91317.0,7.0,640.0,58372.0,0.359,3,0,1
32.0,97092.0,0.7,595.0,12982.0,0.254,2,0,0
21.0,69788.0,1.0,645.0,23188.0,0.299,2,0,0
39.0,96370.0,16.4,576.0,59094.0,0.469,0,1,0
28.0,55182.0,2.3,572.0,13256.0,0.263,5,0,1
32.0,150312.0,1.5,571.0,20292.0,0.169,2,0,0
43.0,76946.0,17.1,786.0,49276.0,0.185,1,0,0
54.0,36675.0,7.4,692.0,20840.0,0.317,2,0,0
38.0,56750.0,10.6,707.0,40772.0,0.312,0,1,0
44.0,51352.0,18.8,670.0,27276.0,0.308,2,0,1
22.0,49138.0,0.6,696.0,5182.0,0.171,0,0,0
41.0,26092.0,5.9,745.0,13802.0,0.503,1,0,1
37.0,65459.0,1.1,689.0,43653.0,0.446,0,0,0
52.0,29481.0,10.1,780.0,3324.0,0.313,0,0,0
32.0,17653.0,7.2,661.0,2679.0,0.148,0,1,0
35.0,47112.0,2.4,703.0,26297.0,0.458,1,0,0
50.0,39141.0,28.3,723.0,25187.0,0.414,1,0,0
37.0,37324.0,12.3,601.0,11752.0,0.31,0,0,0
26.0,15000.0,1.2,664.0,9022.0,0.42,0,0,0
66.0,37504.0,24.4,543.0,6583.0,0.251,2,0,1
26.0,50866.0,2.4,652.0,19482.0,0.204,2,0,1
37.0,41346.0,6.6,644.0,25261.0,0.316,0,0,0
42.0,65473.0,12.2,642.0,13045.0,0.145,0,1,0
41.0,102928.0,2.3,633.0,32080.0,0.189,3,0,0
36.0,69387.0,3.4,698.0,36206.0,0.354,0,0,0
36.0,87288.0,2.4,599.0,27015.0,0.324,4,0,1
35.0,90599.0,2.7,792.0,63928.0,0.162,0,1,0
26.0,34773.0,3.8,702.0,26690.0,0.259,1,0,1
62.0,67016.0,40.0,624.0,35634.0,0.166,0,0,1
36.0,86069.0,10.1,710.0,54809.0,0.251,0,0,0
45.0,45202.0,24.2,742.0,32999.0,0.24,0,0,0
34.0,38534.0,8.3,690.0,22211.0,0.399,0,0,0
34.0,69827.0,4.0,592.0,43990.0,0.284,4,0,1
33.0,28236.0,11.3,822.0,3111.0,0.276,0,0,0
21.0,33708.0,0.1,705.0,22511.0,0.261,0,1,0
36.0,40743.0,1.7,574.0,10427.0,0.128,1,1,0
34.0,67361.0,12.8,681.0,6945.0,0.29,1,0,0
51.0,60694.0,20.1,655.0,29868.0,0.348,0,0,0
25.0,87523.0,4.5,663.0,19263.0,0.323,3,0,0
32.0,36324.0,1.5,577.0,3992.0,0.369,0,0,0
28.0,35459.0,6.2,667.0,17984.0,0.374,0,0,1
54.0,69623.0,8.0,606.0,8627.0,0.52,3,1,1
28.0,38395.0,2.9,637.0,27469.0,0.187,2,0,1
44.0,41920.0,21.7,698.0,32570.0,0.323,1,0,1
49.0,23850.0,11.8,633.0,14397.0,0.335,1,0,0
36.0,62691.0,11.0,645.0,16660.0,0.268,0,0,0
23.0,110048.0,2.5,719.0,51932.0,0.237,0,0,0
23.0,34610.0,2.6,599.0,2545.0,0.35,2,0,0
47.0,87104.0,0.2,615.0,44950.0,0.34,3,1,1
24.0,53549.0,0.7,573.0,13274.0,0.195,0,0,0
42.0,24851.0,20.5,613.0,9723.0,0.12,1,0,0
39.0,36771.0,10.8,674.0,6771.0,0.251,2,0,0
42.0,35763.0,10.6,710.0,28250.0,0.233,0,1,1
43.0,47698.0,1.5,604.0,9805.0,0.36,4,0,0
28.0,66428.0,0.2,703.0,24093.0,0.208,1,0,0
27.0,126387.0,6.9,671.0,30453.0,0.282,2,0,0
46.0,28885.0,12.3,569.0,13177.0,0.129,3,0,0
31.0,44220.0,8.7,677.0,32237.0,0.145,0,0,0
21.0,36750.0,0.2,744.0,6341.0,0.223,0,0,0
45.0,31086.0,6.0,531.0,4837.0,0.275,4,0,1
27.0,57414.0,3.7,802.0,6060.0,0.218,0,0,0
43.0,55037.0,20.3,627.0,27079.0,0.314,1,0,0
53.0,24316.0,9.6,549.0,12196.0,0.13,7,0,1
38.0,55451.0,6.0,673.0,36933.0,0.278,1,0,1
49.0,31973.0,15.9,726.0,21645.0,0.28,0,1,0
40.0,55294.0,0.8,641.0,6992.0,0.155,3,0,1
55.0,97379.0,13.4,689.0,71368.0,0.323,0,0,0
26.0,67743.0,3.5,810.0,45525.0,0.083,0,0,0
38.0,59574.0,0.1,674.0,31898.0,0.231,0,1,0
45.0,43354.0,16.2,850.0,13452.0,0.379,3,0,0
36.0,56680.0,0.8,749.0,34529.0,0.077,1,0,0
51.0,70866.0,22.1,675.0,36532.0,0.367,0,0,0
33.0,67776.0,10.6,686.0,21335.0,0.183,0,0,0
61.0,52598.0,34.2,655.0,3153.0,0.241,1,0,0
61.0,60652.0,27.8,691.0,29983.0,0.441,0,0,0
41.0,30413.0,11.9,705.0,14670.0,0.237,0,0,0
44.0,39523.0,7.4,635.0,6558.0,0.461,0,0,0
51.0,75621.0,13.2,570.0,55184.0,0.269,2,0,0
25.0,80338.0,0.4,753.0,13614.0,0.292,0,0,0
24.0,57366.0,2.5,729.0,15220.0,0.384,0,0,1
52.0,107004.0,0.8,561.0,35203.0,0.354,0,1,0
41.0,69127.0,8.7,676.0,38865.0,0.315,3,0,1
36.0,49522.0,7.9,736.0,5508.0,0.254,0,0,0
38.0,31768.0,11.8,731.0,18323.0,0.145,1,0,0
21.0,105084.0,0.3,612.0,37921.0,0.15,0,1,0
36.0,77787.0,7.0,732.0,14563.0,0.431,0,0,0
30.0,123541.0,5.7,664.0,16562.0,0.47,1,0,0
48.0,145826.0,25.9,700.0,52388.0,0.313,0,0,0
49.0,30821.0,19.5,605.0,11850.0,0.123,1,0,0
44.0,30858.0,6.2,365.0,4720.0,0.223,3,0,1
42.0,15164.0,18.9,615.0,6245.0,0.218,2,0,1
22.0,83146.0,0.1,698.0,35489.0,0.244,1,0,0
44.0,73903.0,6.7,649.0,58070.0,0.212,1,0,0
45.0,57474.0,2.7,707.0,33621.0,0.352,1,0,1
52.0,31676.0,14.2,745.0,1873.0,0.325,0,0,0
61.0,52840.0,26.3,650.0,21540.0,0.458,1,0,0
21.0,59767.0,0.5,630.0,3956.0,0.261,1,0,1
34.0,78223.0,11.1,512.0,33902.0,0.32,3,0,1
30.0,62189.0,5.6,554.0,18871.0,0.374,2,0,1
40.0,74147.0,4.6,569.0,53951.0,0.402,2,0,1
38.0,52012.0,9.7,704.0,21843.0,0.177,0,0,0
35.0,93597.0,11.3,643.0,64341.0,0.34,1,1,0
49.0,73084.0,14.7,630.0,35658.0,0.315,3,0,1
26.0,32240.0,2.6,616.0,11200.0,0.33,0,0,0
27.0,102769.0,3.5,607.0,22843.0,0.306,5,0,1
27.0,95473.0,3.7,726.0,17889.0,0.471,0,0,0
34.0,67816.0,4.4,669.0,43803.0,0.211,1,0,0
24.0,62406.0,3.8,731.0,44448.0,0.205,0,0,0
37.0,116014.0,3.6,508.0,33999.0,0.218,4,0,0
36.0,26373.0,0.5,698.0,11102.0,0.271,2,0,0
29.0,96148.0,6.9,630.0,25539.0,0.329,1,0,1
48.0,44391.0,23.3,652.0,17378.0,0.254,1,0,0
37.0,90032.0,11.1,760.0,63213.0,0.401,1,0,1
50.0,58061.0,13.9,640.0,8911.0,0.3,2,1,0
36.0,31438.0,15.5,702.0,8445.0,0.29,1,0,1
38.0,43987.0,6.6,592.0,25137.0,0.167,1,1,0
32.0,87105.0,4.8,665.0,24648.0,0.482,1,0,0
38.0,50036.0,10.6,554.0,5547.0,0.295,3,0,0
46.0,41582.0,11.1,662.0,13755.0,0.464,1,0,1
33.0,41457.0,7.5,691.0,23104.0,0.238,0,0,0
44.0,73431.0,22.9,749.0,57864.0,0.383,2,0,0
29.0,120919.0,2.2,604.0,86954.0,0.244,2,0,1
46.0,20988.0,3.9,625.0,9894.0,0.482,1,0,1
32.0,193958.0,4.9,617.0,122775.0,0.412,0,0,1
47.0,60281.0,13.8,649.0,28847.0,0.385,2,0,1
39.0,71410.0,13.3,599.0,30022.0,0.228,4,1,0
55.0,45196.0,33.2,526.0,8044.0,0.491,3,1,0
25.0,54913.0,3.7,589.0,14779.0,0.504,2,0,1
22.0,59977.0,1.7,657.0,23336.0,0.262,0,0,0
31.0,34303.0,2.8,651.0,27072.0,0.316,3,0,1
23.0,38274.0,0.6,699.0,19383.0,0.393,0,0,0
23.0,93727.0,0.9,719.0,71107.0,0.103,1,0,0
45.0,27352.0,19.5,638.0,6674.0,0.415,2,0,1
38.0,67074.0,3.3,551.0,6823.0,0.402,4,0,0
33.0,46553.0,2.5,689.0,36488.0,0.244,2,0,1
34.0,35695.0,5.7,662.0,10609.0,0.081,0,0,0
31.0,133580.0,3.6,644.0,60309.0,0.333,2,0,0
56.0,35795.0,23.4,757.0,3700.0,0.187,0,0,0
30.0,33075.0,8.8,696.0,22997.0,0.141,1,1,0
23.0,50562.0,0.5,669.0,2554.0,0.337,0,0,0
47.0,38919.0,14.6,679.0,28392.0,0.432,3,0,0
36.0,55158.0,1.4,720.0,9599.0,0.278,0,0,0
60.0,58984.0,9.0,616.0,11066.0,0.419,2,0,0
32.0,61126.0,3.8,600.0,40914.0,0.366,1,0,1
47.0,52018.0,15.8,652.0,17669.0,0.163,2,0,0
50.0,40099.0,16.6,586.0,9705.0,0.245,3,0,1
32.0,73469.0,7.9,661.0,36538.0,0.408,2,0,0
30.0,52304.0,8.0,671.0,12595.0,0.244,1,0,0
46.0,44005.0,4.9,658.0,11657.0,0.382,3,0,0
44.0,107054.0,18.1,644.0,9010.0,0.259,1,1,0
22.0,52078.0,1.7,777.0,23673.0,0.372,0,0,0
26.0,89903.0,0.4,726.0,13221.0,0.343,0,0,0
21.0,95527.0,0.3,653.0,64752.0,0.275,2,0,1
45.0,98178.0,0.7,667.0,60209.0,0.369,0,0,0
35.0,75065.0,1.4,757.0,19824.0,0.084,1,1,0
36.0,54984.0,4.6,621.0,24761.0,0.191,2,0,1
21.0,53438.0,0.2,593.0,25812.0,0.254,1,0,1
26.0,49278.0,5.3,679.0,27095.0,0.417,2,0,1
33.0,20743.0,11.4,695.0,7555.0,0.155,1,1,0
31.0,76005.0,6.1,697.0,40997.0,0.297,0,0,0
39.0,61396.0,14.2,725.0,10870.0,0.332,2,0,0
44.0,79744.0,24.4,621.0,32158.0,0.325,2,0,0
63.0,52179.0,17.6,570.0,6288.0,0.29,4,0,0
38.0,74181.0,9.3,624.0,56066.0,0.238,2,1,0
50.0,29591.0,19.7,711.0,10388.0,0.275,0,0,0
29.0,32498.0,8.2,600.0,16674.0,0.397,0,1,0
21.0,18048.0,0.8,525.0,7533.0,0.231,5,1,1
34.0,51773.0,0.9,671.0,3630.0,0.084,1,0,0
21.0,38850.0,0.7,621.0,3770.0,0.347,1,0,1
38.0,36628.0,4.6,541.0,9099.0,0.45,3,0,0
29.0,63939.0,2.4,666.0,35563.0,0.195,0,0,0
21.0,45416.0,0.5,633.0,24119.0,0.436,2,0,0
57.0,28860.0,25.8,790.0,5511.0,0.352,2,1,0
32.0,172859.0,1.9,667.0,71989.0,0.184,1,1,0
21.0,54092.0,0.3,701.0,17596.0,0.23,0,0,0
48.0,33781.0,20.0,669.0,16094.0,0.225,0,0,0
30.0,40687.0,1.5,619.0,12247.0,0.317,0,1,0
50.0,50877.0,25.5,639.0,36741.0,0.282,1,1,0
30.0,50829.0,4.5,738.0,20551.0,0.411,0,0,0
32.0,98821.0,7.1,716.0,36557.0,0.385,1,0,0
42.0,53069.0,1.8,557.0,30647.0,0.145,2,0,1
45.0,126745.0,23.4,584.0,80548.0,0.158,1,0,0
46.0,45274.0,24.0,588.0,17121.0,0.361,2,0,0
37.0,66635.0,3.2,736.0,8777.0,0.248,0,0,0
44.0,87115.0,15.8,547.0,9915.0,0.283,1,0,0
46.0,94175.0,20.8,725.0,27796.0,0.355,0,0,0
40.0,99253.0,2.5,689.0,59496.0,0.386,2,0,1
36.0,48663.0,9.5,675.0,26289.0,0.177,0,1,0
22.0,54864.0,1.8,628.0,14583.0,0.078,1,0,0
45.0,18022.0,12.5,749.0,960.0,0.289,0,0,0
38.0,50357.0,17.1,676.0,26790.0,0.215,1,0,0
33.0,89873.0,0.6,559.0,42537.0,0.307,1,0,0
52.0,82344.0,29.5,590.0,51825.0,0.291,1,0,0
22.0,52901.0,2.2,546.0,29869.0,0.202,0,0,1
56.0,118149.0,5.6,747.0,27786.0,0.509,1,0,0
38.0,46272.0,7.7,764.0,27748.0,0.302,1,0,0
41.0,39848.0,13.3,743.0,16528.0,0.243,0,0,0
34.0,44552.0,12.2,656.0,21433.0,0.31,1,1,0
21.0,33189.0,0.2,560.0,10546.0,0.353,4,0,1
36.0,72778.0,5.5,589.0,46792.0,0.237,0,0,0
42.0,62624.0,17.3,599.0,12341.0,0.532,0,1,0
45.0,72372.0,10.4,662.0,14721.0,0.148,3,0,0
36.0,45644.0,9.6,762.0,10410.0,0.155,0,0,0
21.0,53581.0,0.6,757.0,34408.0,0.14,0,1,0
21.0,20636.0,1.0,626.0,12301.0,0.3,1,0,1
61.0,65146.0,5.7,506.0,16429.0,0.347,5,0,0
26.0,57502.0,5.7,581.0,9080.0,0.267,2,0,1
54.0,33518.0,19.0,753.0,2385.0,0.347,1,0,0
28.0,52470.0,7.0,680.0,29534.0,0.346,1,0,0
36.0,48975.0,1.9,636.0,22242.0,0.264,1,0,1
45.0,121665.0,16.0,638.0,70169.0,0.343,1,0,1
29.0,34118.0,7.5,611.0,19829.0,0.28,1,0,1
56.0,63846.0,27.9,590.0,43644.0,0.259,1,0,0
39.0,33666.0,0.2,805.0,12186.0,0.25,0,0,0
43.0,42789.0,10.4,786.0,28688.0,0.323,0,0,0
35.0,62296.0,1.7,603.0,23475.0,0.422,2,1,0
45.0,50010.0,3.9,539.0,29049.0,0.179,5,0,1
55.0,54852.0,25.0,684.0,25416.0,0.252,0,1,0
37.0,63883.0,15.8,658.0,47342.0,0.316,1,1,0
57.0,44043.0,23.5,716.0,14428.0,0.476,1,0,0
31.0,81875.0,1.2,720.0,46454.0,0.343,0,0,0
46.0,47936.0,6.4,581.0,23900.0,0.219,5,1,1
43.0,52638.0,8.9,754.0,42058.0,0.208,1,0,0
26.0,64710.0,0.8,636.0,6985.0,0.399,2,0,0
40.0,60915.0,17.3,711.0,30371.0,0.269,0,1,0
38.0,73496.0,3.5,643.0,16488.0,0.177,1,0,0
29.0,63432.0,1.1,725.0,45236.0,0.401,0,0,0
42.0,67925.0,15.9,503.0,43871.0,0.331,1,0,0
40.0,47509.0,2.5,713.0,25958.0,0.181,0,0,0
37.0,34001.0,7.1,605.0,13949.0,0.166,2,0,1
37.0,28930.0,8.9,670.0,16229.0,0.083,1,0,0
37.0,25933.0,1.4,748.0,12078.0,0.238,3,0,1
34.0,121579.0,7.8,608.0,32276.0,0.33,4,1,0
40.0,20320.0,9.4,597.0,13504.0,0.396,1,0,1
31.0,94114.0,7.3,638.0,40886.0,0.342,0,1,0
67.0,38014.0,10.3,635.0,9231.0,0.17,3,1,0
22.0,93806.0,0.9,587.0,51431.0,0.272,2,0,0
32.0,20413.0,7.6,671.0,1306.0,0.443,0,0,0
32.0,49479.0,0.4,671.0,29196.0,0.249,0,1,0
60.0,105810.0,4.7,695.0,42615.0,0.377,1,0,0
23.0,75814.0,1.0,603.0,39858.0,0.365,1,0,1
43.0,47255.0,2.4,595.0,7935.0,0.376,1,0,0
41.0,22943.0,0.8,652.0,13506.0,0.343,5,0,1
